<?xml version="1.0" encoding="UTF-8"?>
<gpx xmlns:xsi="http://www.w3.org/2001/XMLSchema-instance" xsi:schemaLocation="http://www.topografix.com/GPX/1/1 http://www.topografix.com/GPX/1/1/gpx.xsd" creator="StravaGPX" version="1.1" xmlns="http://www.topografix.com/GPX/1/1">
 <metadata>
  <time>2025-09-11T07:35:58Z</time>
 </metadata>
 <trk>
  <name>Morning Run</name>
  <type>running</type>
  <trkseg>
   <trkpt lat="52.1122630" lon="0.2270900">
    <ele>36.4</ele>
    <time>2025-09-11T07:35:58Z</time>
   </trkpt>
   <trkpt lat="52.1122630" lon="0.2270900">
    <ele>36.4</ele>
    <time>2025-09-11T07:35:59Z</time>
   </trkpt>
   <trkpt lat="52.1122840" lon="0.2270830">
    <ele>36.4</ele>
    <time>2025-09-11T07:36:00Z</time>
   </trkpt>
   <trkpt lat="52.1123090" lon="0.2270760">
    <ele>36.4</ele>
    <time>2025-09-11T07:36:01Z</time>
   </trkpt>
   <trkpt lat="52.1123120" lon="0.2270820">
    <ele>36.4</ele>
    <time>2025-09-11T07:36:02Z</time>
   </trkpt>
   <trkpt lat="52.1123530" lon="0.2270720">
    <ele>36.5</ele>
    <time>2025-09-11T07:36:03Z</time>
   </trkpt>
   <trkpt lat="52.1123690" lon="0.2270700">
    <ele>36.5</ele>
    <time>2025-09-11T07:36:04Z</time>
   </trkpt>
   <trkpt lat="52.1123760" lon="0.2270450">
    <ele>36.5</ele>
    <time>2025-09-11T07:36:05Z</time>
   </trkpt>
   <trkpt lat="52.1123860" lon="0.2270380">
    <ele>36.5</ele>
    <time>2025-09-11T07:36:06Z</time>
   </trkpt>
   <trkpt lat="52.1123990" lon="0.2270390">
    <ele>36.5</ele>
    <time>2025-09-11T07:36:07Z</time>
   </trkpt>
   <trkpt lat="52.1124120" lon="0.2270260">
    <ele>36.5</ele>
    <time>2025-09-11T07:36:08Z</time>
   </trkpt>
   <trkpt lat="52.1124230" lon="0.2270090">
    <ele>36.5</ele>
    <time>2025-09-11T07:36:09Z</time>
   </trkpt>
   <trkpt lat="52.1124400" lon="0.2269730">
    <ele>36.5</ele>
    <time>2025-09-11T07:36:10Z</time>
   </trkpt>
   <trkpt lat="52.1124570" lon="0.2269410">
    <ele>36.5</ele>
    <time>2025-09-11T07:36:12Z</time>
   </trkpt>
   <trkpt lat="52.1124650" lon="0.2269230">
    <ele>36.5</ele>
    <time>2025-09-11T07:36:13Z</time>
   </trkpt>
   <trkpt lat="52.1124750" lon="0.2269020">
    <ele>36.5</ele>
    <time>2025-09-11T07:36:14Z</time>
   </trkpt>
   <trkpt lat="52.1124860" lon="0.2268670">
    <ele>36.5</ele>
    <time>2025-09-11T07:36:16Z</time>
   </trkpt>
   <trkpt lat="52.1124950" lon="0.2268490">
    <ele>36.5</ele>
    <time>2025-09-11T07:36:17Z</time>
   </trkpt>
   <trkpt lat="52.1125050" lon="0.2268370">
    <ele>36.5</ele>
    <time>2025-09-11T07:36:18Z</time>
   </trkpt>
   <trkpt lat="52.1125130" lon="0.2268180">
    <ele>36.5</ele>
    <time>2025-09-11T07:36:19Z</time>
   </trkpt>
   <trkpt lat="52.1125210" lon="0.2267970">
    <ele>36.5</ele>
    <time>2025-09-11T07:36:20Z</time>
   </trkpt>
   <trkpt lat="52.1125250" lon="0.2267790">
    <ele>36.5</ele>
    <time>2025-09-11T07:36:21Z</time>
   </trkpt>
   <trkpt lat="52.1125340" lon="0.2267500">
    <ele>36.5</ele>
    <time>2025-09-11T07:36:22Z</time>
   </trkpt>
   <trkpt lat="52.1125400" lon="0.2267430">
    <ele>36.5</ele>
    <time>2025-09-11T07:36:23Z</time>
   </trkpt>
   <trkpt lat="52.1125480" lon="0.2267310">
    <ele>36.5</ele>
    <time>2025-09-11T07:36:24Z</time>
   </trkpt>
   <trkpt lat="52.1125540" lon="0.2267130">
    <ele>36.5</ele>
    <time>2025-09-11T07:36:25Z</time>
   </trkpt>
   <trkpt lat="52.1125600" lon="0.2266680">
    <ele>36.5</ele>
    <time>2025-09-11T07:36:26Z</time>
   </trkpt>
   <trkpt lat="52.1125600" lon="0.2266530">
    <ele>36.5</ele>
    <time>2025-09-11T07:36:27Z</time>
   </trkpt>
   <trkpt lat="52.1125440" lon="0.2265890">
    <ele>36.5</ele>
    <time>2025-09-11T07:36:28Z</time>
   </trkpt>
   <trkpt lat="52.1125260" lon="0.2265540">
    <ele>36.5</ele>
    <time>2025-09-11T07:36:29Z</time>
   </trkpt>
   <trkpt lat="52.1125300" lon="0.2265270">
    <ele>36.4</ele>
    <time>2025-09-11T07:36:30Z</time>
   </trkpt>
   <trkpt lat="52.1125320" lon="0.2265100">
    <ele>36.4</ele>
    <time>2025-09-11T07:36:31Z</time>
   </trkpt>
   <trkpt lat="52.1125340" lon="0.2264940">
    <ele>36.4</ele>
    <time>2025-09-11T07:36:32Z</time>
   </trkpt>
   <trkpt lat="52.1125320" lon="0.2264600">
    <ele>36.4</ele>
    <time>2025-09-11T07:36:33Z</time>
   </trkpt>
   <trkpt lat="52.1125320" lon="0.2264400">
    <ele>36.4</ele>
    <time>2025-09-11T07:36:34Z</time>
   </trkpt>
   <trkpt lat="52.1125310" lon="0.2264210">
    <ele>36.4</ele>
    <time>2025-09-11T07:36:35Z</time>
   </trkpt>
   <trkpt lat="52.1125370" lon="0.2263890">
    <ele>36.4</ele>
    <time>2025-09-11T07:36:36Z</time>
   </trkpt>
   <trkpt lat="52.1125400" lon="0.2263720">
    <ele>36.4</ele>
    <time>2025-09-11T07:36:37Z</time>
   </trkpt>
   <trkpt lat="52.1125440" lon="0.2263260">
    <ele>36.4</ele>
    <time>2025-09-11T07:36:38Z</time>
   </trkpt>
   <trkpt lat="52.1125450" lon="0.2263140">
    <ele>36.4</ele>
    <time>2025-09-11T07:36:39Z</time>
   </trkpt>
   <trkpt lat="52.1125420" lon="0.2262840">
    <ele>36.4</ele>
    <time>2025-09-11T07:36:40Z</time>
   </trkpt>
   <trkpt lat="52.1125440" lon="0.2262580">
    <ele>36.4</ele>
    <time>2025-09-11T07:36:41Z</time>
   </trkpt>
   <trkpt lat="52.1125440" lon="0.2262330">
    <ele>36.4</ele>
    <time>2025-09-11T07:36:42Z</time>
   </trkpt>
   <trkpt lat="52.1125520" lon="0.2262110">
    <ele>36.4</ele>
    <time>2025-09-11T07:36:43Z</time>
   </trkpt>
   <trkpt lat="52.1125570" lon="0.2261860">
    <ele>36.4</ele>
    <time>2025-09-11T07:36:44Z</time>
   </trkpt>
   <trkpt lat="52.1125620" lon="0.2261540">
    <ele>36.4</ele>
    <time>2025-09-11T07:36:45Z</time>
   </trkpt>
   <trkpt lat="52.1125640" lon="0.2261360">
    <ele>36.3</ele>
    <time>2025-09-11T07:36:46Z</time>
   </trkpt>
   <trkpt lat="52.1125690" lon="0.2261060">
    <ele>36.3</ele>
    <time>2025-09-11T07:36:47Z</time>
   </trkpt>
   <trkpt lat="52.1125690" lon="0.2260630">
    <ele>36.3</ele>
    <time>2025-09-11T07:36:48Z</time>
   </trkpt>
   <trkpt lat="52.1125720" lon="0.2260440">
    <ele>36.3</ele>
    <time>2025-09-11T07:36:49Z</time>
   </trkpt>
   <trkpt lat="52.1125710" lon="0.2260290">
    <ele>36.3</ele>
    <time>2025-09-11T07:36:50Z</time>
   </trkpt>
   <trkpt lat="52.1125790" lon="0.2259940">
    <ele>36.3</ele>
    <time>2025-09-11T07:36:51Z</time>
   </trkpt>
   <trkpt lat="52.1125720" lon="0.2259730">
    <ele>36.3</ele>
    <time>2025-09-11T07:36:52Z</time>
   </trkpt>
   <trkpt lat="52.1125750" lon="0.2259430">
    <ele>36.2</ele>
    <time>2025-09-11T07:36:53Z</time>
   </trkpt>
   <trkpt lat="52.1125760" lon="0.2259280">
    <ele>36.2</ele>
    <time>2025-09-11T07:36:54Z</time>
   </trkpt>
   <trkpt lat="52.1125840" lon="0.2258930">
    <ele>36.2</ele>
    <time>2025-09-11T07:36:55Z</time>
   </trkpt>
   <trkpt lat="52.1125910" lon="0.2258810">
    <ele>36.2</ele>
    <time>2025-09-11T07:36:56Z</time>
   </trkpt>
   <trkpt lat="52.1125960" lon="0.2258470">
    <ele>36.2</ele>
    <time>2025-09-11T07:36:57Z</time>
   </trkpt>
   <trkpt lat="52.1126000" lon="0.2258290">
    <ele>36.2</ele>
    <time>2025-09-11T07:36:58Z</time>
   </trkpt>
   <trkpt lat="52.1126000" lon="0.2257960">
    <ele>36.1</ele>
    <time>2025-09-11T07:36:59Z</time>
   </trkpt>
   <trkpt lat="52.1126100" lon="0.2257540">
    <ele>36.1</ele>
    <time>2025-09-11T07:37:00Z</time>
   </trkpt>
   <trkpt lat="52.1126090" lon="0.2257380">
    <ele>36.1</ele>
    <time>2025-09-11T07:37:01Z</time>
   </trkpt>
   <trkpt lat="52.1126120" lon="0.2257090">
    <ele>36.0</ele>
    <time>2025-09-11T07:37:02Z</time>
   </trkpt>
   <trkpt lat="52.1126140" lon="0.2256880">
    <ele>36.0</ele>
    <time>2025-09-11T07:37:03Z</time>
   </trkpt>
   <trkpt lat="52.1126230" lon="0.2256510">
    <ele>36.0</ele>
    <time>2025-09-11T07:37:04Z</time>
   </trkpt>
   <trkpt lat="52.1126250" lon="0.2256390">
    <ele>36.0</ele>
    <time>2025-09-11T07:37:05Z</time>
   </trkpt>
   <trkpt lat="52.1126380" lon="0.2256200">
    <ele>35.9</ele>
    <time>2025-09-11T07:37:06Z</time>
   </trkpt>
   <trkpt lat="52.1126460" lon="0.2256010">
    <ele>35.9</ele>
    <time>2025-09-11T07:37:07Z</time>
   </trkpt>
   <trkpt lat="52.1126600" lon="0.2255800">
    <ele>35.9</ele>
    <time>2025-09-11T07:37:08Z</time>
   </trkpt>
   <trkpt lat="52.1126750" lon="0.2255760">
    <ele>35.9</ele>
    <time>2025-09-11T07:37:09Z</time>
   </trkpt>
   <trkpt lat="52.1126870" lon="0.2255700">
    <ele>35.9</ele>
    <time>2025-09-11T07:37:10Z</time>
   </trkpt>
   <trkpt lat="52.1127070" lon="0.2255600">
    <ele>35.8</ele>
    <time>2025-09-11T07:37:11Z</time>
   </trkpt>
   <trkpt lat="52.1127190" lon="0.2255510">
    <ele>35.8</ele>
    <time>2025-09-11T07:37:12Z</time>
   </trkpt>
   <trkpt lat="52.1127400" lon="0.2255380">
    <ele>35.8</ele>
    <time>2025-09-11T07:37:13Z</time>
   </trkpt>
   <trkpt lat="52.1127560" lon="0.2255220">
    <ele>35.8</ele>
    <time>2025-09-11T07:37:14Z</time>
   </trkpt>
   <trkpt lat="52.1127640" lon="0.2255130">
    <ele>35.8</ele>
    <time>2025-09-11T07:37:15Z</time>
   </trkpt>
   <trkpt lat="52.1127730" lon="0.2255030">
    <ele>35.8</ele>
    <time>2025-09-11T07:37:16Z</time>
   </trkpt>
   <trkpt lat="52.1127950" lon="0.2254810">
    <ele>35.8</ele>
    <time>2025-09-11T07:37:17Z</time>
   </trkpt>
   <trkpt lat="52.1128040" lon="0.2254680">
    <ele>35.8</ele>
    <time>2025-09-11T07:37:18Z</time>
   </trkpt>
   <trkpt lat="52.1128140" lon="0.2254560">
    <ele>35.8</ele>
    <time>2025-09-11T07:37:19Z</time>
   </trkpt>
   <trkpt lat="52.1128290" lon="0.2254380">
    <ele>35.8</ele>
    <time>2025-09-11T07:37:20Z</time>
   </trkpt>
   <trkpt lat="52.1128380" lon="0.2254320">
    <ele>35.8</ele>
    <time>2025-09-11T07:37:21Z</time>
   </trkpt>
   <trkpt lat="52.1128470" lon="0.2254260">
    <ele>35.8</ele>
    <time>2025-09-11T07:37:22Z</time>
   </trkpt>
   <trkpt lat="52.1128750" lon="0.2254340">
    <ele>35.8</ele>
    <time>2025-09-11T07:37:23Z</time>
   </trkpt>
   <trkpt lat="52.1128820" lon="0.2254400">
    <ele>35.8</ele>
    <time>2025-09-11T07:37:24Z</time>
   </trkpt>
   <trkpt lat="52.1129100" lon="0.2254430">
    <ele>35.8</ele>
    <time>2025-09-11T07:37:25Z</time>
   </trkpt>
   <trkpt lat="52.1129190" lon="0.2254500">
    <ele>35.8</ele>
    <time>2025-09-11T07:37:26Z</time>
   </trkpt>
   <trkpt lat="52.1129380" lon="0.2254440">
    <ele>35.7</ele>
    <time>2025-09-11T07:37:27Z</time>
   </trkpt>
   <trkpt lat="52.1129530" lon="0.2254580">
    <ele>35.7</ele>
    <time>2025-09-11T07:37:28Z</time>
   </trkpt>
   <trkpt lat="52.1129780" lon="0.2254740">
    <ele>35.7</ele>
    <time>2025-09-11T07:37:29Z</time>
   </trkpt>
   <trkpt lat="52.1129880" lon="0.2254800">
    <ele>35.7</ele>
    <time>2025-09-11T07:37:30Z</time>
   </trkpt>
   <trkpt lat="52.1129970" lon="0.2254810">
    <ele>35.7</ele>
    <time>2025-09-11T07:37:31Z</time>
   </trkpt>
   <trkpt lat="52.1130180" lon="0.2254910">
    <ele>35.7</ele>
    <time>2025-09-11T07:37:32Z</time>
   </trkpt>
   <trkpt lat="52.1130260" lon="0.2254970">
    <ele>35.7</ele>
    <time>2025-09-11T07:37:33Z</time>
   </trkpt>
   <trkpt lat="52.1130450" lon="0.2255140">
    <ele>35.7</ele>
    <time>2025-09-11T07:37:34Z</time>
   </trkpt>
   <trkpt lat="52.1130580" lon="0.2255220">
    <ele>35.7</ele>
    <time>2025-09-11T07:37:35Z</time>
   </trkpt>
   <trkpt lat="52.1130800" lon="0.2255290">
    <ele>35.7</ele>
    <time>2025-09-11T07:37:36Z</time>
   </trkpt>
   <trkpt lat="52.1130950" lon="0.2255400">
    <ele>35.7</ele>
    <time>2025-09-11T07:37:37Z</time>
   </trkpt>
   <trkpt lat="52.1131050" lon="0.2255460">
    <ele>35.7</ele>
    <time>2025-09-11T07:37:38Z</time>
   </trkpt>
   <trkpt lat="52.1131140" lon="0.2255510">
    <ele>35.7</ele>
    <time>2025-09-11T07:37:39Z</time>
   </trkpt>
   <trkpt lat="52.1131410" lon="0.2255600">
    <ele>35.7</ele>
    <time>2025-09-11T07:37:40Z</time>
   </trkpt>
   <trkpt lat="52.1131510" lon="0.2255610">
    <ele>35.7</ele>
    <time>2025-09-11T07:37:41Z</time>
   </trkpt>
   <trkpt lat="52.1131780" lon="0.2255670">
    <ele>35.6</ele>
    <time>2025-09-11T07:37:42Z</time>
   </trkpt>
   <trkpt lat="52.1131900" lon="0.2255700">
    <ele>35.6</ele>
    <time>2025-09-11T07:37:43Z</time>
   </trkpt>
   <trkpt lat="52.1132010" lon="0.2255760">
    <ele>35.6</ele>
    <time>2025-09-11T07:37:44Z</time>
   </trkpt>
   <trkpt lat="52.1132170" lon="0.2255910">
    <ele>35.6</ele>
    <time>2025-09-11T07:37:45Z</time>
   </trkpt>
   <trkpt lat="52.1132440" lon="0.2256050">
    <ele>35.6</ele>
    <time>2025-09-11T07:37:46Z</time>
   </trkpt>
   <trkpt lat="52.1132520" lon="0.2256100">
    <ele>35.6</ele>
    <time>2025-09-11T07:37:47Z</time>
   </trkpt>
   <trkpt lat="52.1132680" lon="0.2256190">
    <ele>35.6</ele>
    <time>2025-09-11T07:37:48Z</time>
   </trkpt>
   <trkpt lat="52.1132800" lon="0.2256230">
    <ele>35.6</ele>
    <time>2025-09-11T07:37:49Z</time>
   </trkpt>
   <trkpt lat="52.1133000" lon="0.2256320">
    <ele>35.6</ele>
    <time>2025-09-11T07:37:50Z</time>
   </trkpt>
   <trkpt lat="52.1133090" lon="0.2256340">
    <ele>35.6</ele>
    <time>2025-09-11T07:37:51Z</time>
   </trkpt>
   <trkpt lat="52.1133240" lon="0.2256390">
    <ele>35.5</ele>
    <time>2025-09-11T07:37:52Z</time>
   </trkpt>
   <trkpt lat="52.1133390" lon="0.2256410">
    <ele>35.5</ele>
    <time>2025-09-11T07:37:53Z</time>
   </trkpt>
   <trkpt lat="52.1133550" lon="0.2256510">
    <ele>35.5</ele>
    <time>2025-09-11T07:37:54Z</time>
   </trkpt>
   <trkpt lat="52.1133670" lon="0.2256520">
    <ele>35.5</ele>
    <time>2025-09-11T07:37:55Z</time>
   </trkpt>
   <trkpt lat="52.1133870" lon="0.2256650">
    <ele>35.5</ele>
    <time>2025-09-11T07:37:56Z</time>
   </trkpt>
   <trkpt lat="52.1134010" lon="0.2256560">
    <ele>35.6</ele>
    <time>2025-09-11T07:37:57Z</time>
   </trkpt>
   <trkpt lat="52.1134140" lon="0.2256570">
    <ele>35.6</ele>
    <time>2025-09-11T07:37:58Z</time>
   </trkpt>
   <trkpt lat="52.1134300" lon="0.2256640">
    <ele>35.6</ele>
    <time>2025-09-11T07:37:59Z</time>
   </trkpt>
   <trkpt lat="52.1134480" lon="0.2256730">
    <ele>35.7</ele>
    <time>2025-09-11T07:38:00Z</time>
   </trkpt>
   <trkpt lat="52.1134580" lon="0.2256820">
    <ele>35.7</ele>
    <time>2025-09-11T07:38:01Z</time>
   </trkpt>
   <trkpt lat="52.1134670" lon="0.2256920">
    <ele>35.7</ele>
    <time>2025-09-11T07:38:02Z</time>
   </trkpt>
   <trkpt lat="52.1134790" lon="0.2256920">
    <ele>35.7</ele>
    <time>2025-09-11T07:38:03Z</time>
   </trkpt>
   <trkpt lat="52.1134970" lon="0.2256940">
    <ele>35.7</ele>
    <time>2025-09-11T07:38:04Z</time>
   </trkpt>
   <trkpt lat="52.1135290" lon="0.2256900">
    <ele>35.8</ele>
    <time>2025-09-11T07:38:05Z</time>
   </trkpt>
   <trkpt lat="52.1135340" lon="0.2256880">
    <ele>35.8</ele>
    <time>2025-09-11T07:38:06Z</time>
   </trkpt>
   <trkpt lat="52.1135510" lon="0.2256720">
    <ele>35.8</ele>
    <time>2025-09-11T07:38:07Z</time>
   </trkpt>
   <trkpt lat="52.1135610" lon="0.2256580">
    <ele>35.9</ele>
    <time>2025-09-11T07:38:09Z</time>
   </trkpt>
   <trkpt lat="52.1135740" lon="0.2256370">
    <ele>35.9</ele>
    <time>2025-09-11T07:38:10Z</time>
   </trkpt>
   <trkpt lat="52.1135900" lon="0.2256240">
    <ele>35.9</ele>
    <time>2025-09-11T07:38:11Z</time>
   </trkpt>
   <trkpt lat="52.1136020" lon="0.2256160">
    <ele>35.9</ele>
    <time>2025-09-11T07:38:12Z</time>
   </trkpt>
   <trkpt lat="52.1136190" lon="0.2256090">
    <ele>35.9</ele>
    <time>2025-09-11T07:38:13Z</time>
   </trkpt>
   <trkpt lat="52.1136490" lon="0.2256120">
    <ele>35.8</ele>
    <time>2025-09-11T07:38:14Z</time>
   </trkpt>
   <trkpt lat="52.1136580" lon="0.2256170">
    <ele>35.8</ele>
    <time>2025-09-11T07:38:15Z</time>
   </trkpt>
   <trkpt lat="52.1136760" lon="0.2256270">
    <ele>35.8</ele>
    <time>2025-09-11T07:38:16Z</time>
   </trkpt>
   <trkpt lat="52.1136900" lon="0.2256330">
    <ele>35.7</ele>
    <time>2025-09-11T07:38:17Z</time>
   </trkpt>
   <trkpt lat="52.1137190" lon="0.2256410">
    <ele>35.7</ele>
    <time>2025-09-11T07:38:18Z</time>
   </trkpt>
   <trkpt lat="52.1137270" lon="0.2256420">
    <ele>35.7</ele>
    <time>2025-09-11T07:38:19Z</time>
   </trkpt>
   <trkpt lat="52.1137420" lon="0.2256340">
    <ele>35.7</ele>
    <time>2025-09-11T07:38:20Z</time>
   </trkpt>
   <trkpt lat="52.1137550" lon="0.2256170">
    <ele>35.6</ele>
    <time>2025-09-11T07:38:21Z</time>
   </trkpt>
   <trkpt lat="52.1137630" lon="0.2255920">
    <ele>35.6</ele>
    <time>2025-09-11T07:38:22Z</time>
   </trkpt>
   <trkpt lat="52.1137690" lon="0.2255660">
    <ele>35.6</ele>
    <time>2025-09-11T07:38:23Z</time>
   </trkpt>
   <trkpt lat="52.1137720" lon="0.2255370">
    <ele>35.6</ele>
    <time>2025-09-11T07:38:24Z</time>
   </trkpt>
   <trkpt lat="52.1137790" lon="0.2255180">
    <ele>35.5</ele>
    <time>2025-09-11T07:38:25Z</time>
   </trkpt>
   <trkpt lat="52.1137910" lon="0.2254940">
    <ele>35.5</ele>
    <time>2025-09-11T07:38:26Z</time>
   </trkpt>
   <trkpt lat="52.1138020" lon="0.2254800">
    <ele>35.5</ele>
    <time>2025-09-11T07:38:27Z</time>
   </trkpt>
   <trkpt lat="52.1138080" lon="0.2254530">
    <ele>35.5</ele>
    <time>2025-09-11T07:38:28Z</time>
   </trkpt>
   <trkpt lat="52.1138160" lon="0.2254350">
    <ele>35.5</ele>
    <time>2025-09-11T07:38:29Z</time>
   </trkpt>
   <trkpt lat="52.1138410" lon="0.2253960">
    <ele>35.4</ele>
    <time>2025-09-11T07:38:30Z</time>
   </trkpt>
   <trkpt lat="52.1138490" lon="0.2253630">
    <ele>35.4</ele>
    <time>2025-09-11T07:38:31Z</time>
   </trkpt>
   <trkpt lat="52.1138510" lon="0.2253460">
    <ele>35.4</ele>
    <time>2025-09-11T07:38:32Z</time>
   </trkpt>
   <trkpt lat="52.1138660" lon="0.2253210">
    <ele>35.4</ele>
    <time>2025-09-11T07:38:33Z</time>
   </trkpt>
   <trkpt lat="52.1138730" lon="0.2253100">
    <ele>35.3</ele>
    <time>2025-09-11T07:38:34Z</time>
   </trkpt>
   <trkpt lat="52.1138860" lon="0.2252840">
    <ele>35.3</ele>
    <time>2025-09-11T07:38:35Z</time>
   </trkpt>
   <trkpt lat="52.1138920" lon="0.2252730">
    <ele>35.3</ele>
    <time>2025-09-11T07:38:36Z</time>
   </trkpt>
   <trkpt lat="52.1138970" lon="0.2252610">
    <ele>35.3</ele>
    <time>2025-09-11T07:38:37Z</time>
   </trkpt>
   <trkpt lat="52.1139130" lon="0.2252350">
    <ele>35.3</ele>
    <time>2025-09-11T07:38:38Z</time>
   </trkpt>
   <trkpt lat="52.1139190" lon="0.2252200">
    <ele>35.2</ele>
    <time>2025-09-11T07:38:39Z</time>
   </trkpt>
   <trkpt lat="52.1139260" lon="0.2251960">
    <ele>35.2</ele>
    <time>2025-09-11T07:38:40Z</time>
   </trkpt>
   <trkpt lat="52.1139430" lon="0.2251830">
    <ele>35.2</ele>
    <time>2025-09-11T07:38:41Z</time>
   </trkpt>
   <trkpt lat="52.1139560" lon="0.2251600">
    <ele>35.2</ele>
    <time>2025-09-11T07:38:42Z</time>
   </trkpt>
   <trkpt lat="52.1139660" lon="0.2251380">
    <ele>35.1</ele>
    <time>2025-09-11T07:38:43Z</time>
   </trkpt>
   <trkpt lat="52.1139780" lon="0.2251220">
    <ele>35.1</ele>
    <time>2025-09-11T07:38:44Z</time>
   </trkpt>
   <trkpt lat="52.1139940" lon="0.2251050">
    <ele>35.1</ele>
    <time>2025-09-11T07:38:45Z</time>
   </trkpt>
   <trkpt lat="52.1140000" lon="0.2250910">
    <ele>35.1</ele>
    <time>2025-09-11T07:38:46Z</time>
   </trkpt>
   <trkpt lat="52.1140160" lon="0.2250730">
    <ele>35.0</ele>
    <time>2025-09-11T07:38:47Z</time>
   </trkpt>
   <trkpt lat="52.1140250" lon="0.2250540">
    <ele>35.0</ele>
    <time>2025-09-11T07:38:48Z</time>
   </trkpt>
   <trkpt lat="52.1140320" lon="0.2250300">
    <ele>34.9</ele>
    <time>2025-09-11T07:38:49Z</time>
   </trkpt>
   <trkpt lat="52.1140480" lon="0.2249990">
    <ele>34.9</ele>
    <time>2025-09-11T07:38:50Z</time>
   </trkpt>
   <trkpt lat="52.1140550" lon="0.2249880">
    <ele>34.9</ele>
    <time>2025-09-11T07:38:51Z</time>
   </trkpt>
   <trkpt lat="52.1140620" lon="0.2249760">
    <ele>34.8</ele>
    <time>2025-09-11T07:38:52Z</time>
   </trkpt>
   <trkpt lat="52.1140690" lon="0.2249610">
    <ele>34.8</ele>
    <time>2025-09-11T07:38:53Z</time>
   </trkpt>
   <trkpt lat="52.1140810" lon="0.2249380">
    <ele>34.7</ele>
    <time>2025-09-11T07:38:54Z</time>
   </trkpt>
   <trkpt lat="52.1140860" lon="0.2249200">
    <ele>34.7</ele>
    <time>2025-09-11T07:38:55Z</time>
   </trkpt>
   <trkpt lat="52.1140990" lon="0.2248990">
    <ele>34.6</ele>
    <time>2025-09-11T07:38:56Z</time>
   </trkpt>
   <trkpt lat="52.1141020" lon="0.2248740">
    <ele>34.6</ele>
    <time>2025-09-11T07:38:57Z</time>
   </trkpt>
   <trkpt lat="52.1141140" lon="0.2248520">
    <ele>34.5</ele>
    <time>2025-09-11T07:38:58Z</time>
   </trkpt>
   <trkpt lat="52.1141230" lon="0.2248300">
    <ele>34.5</ele>
    <time>2025-09-11T07:38:59Z</time>
   </trkpt>
   <trkpt lat="52.1141350" lon="0.2248080">
    <ele>34.5</ele>
    <time>2025-09-11T07:39:00Z</time>
   </trkpt>
   <trkpt lat="52.1141470" lon="0.2247820">
    <ele>34.5</ele>
    <time>2025-09-11T07:39:01Z</time>
   </trkpt>
   <trkpt lat="52.1141540" lon="0.2247690">
    <ele>34.5</ele>
    <time>2025-09-11T07:39:02Z</time>
   </trkpt>
   <trkpt lat="52.1141660" lon="0.2247400">
    <ele>34.4</ele>
    <time>2025-09-11T07:39:03Z</time>
   </trkpt>
   <trkpt lat="52.1141750" lon="0.2247260">
    <ele>34.4</ele>
    <time>2025-09-11T07:39:04Z</time>
   </trkpt>
   <trkpt lat="52.1141860" lon="0.2247030">
    <ele>34.4</ele>
    <time>2025-09-11T07:39:05Z</time>
   </trkpt>
   <trkpt lat="52.1141950" lon="0.2246840">
    <ele>34.4</ele>
    <time>2025-09-11T07:39:06Z</time>
   </trkpt>
   <trkpt lat="52.1142090" lon="0.2246600">
    <ele>34.3</ele>
    <time>2025-09-11T07:39:07Z</time>
   </trkpt>
   <trkpt lat="52.1142150" lon="0.2246480">
    <ele>34.3</ele>
    <time>2025-09-11T07:39:08Z</time>
   </trkpt>
   <trkpt lat="52.1142270" lon="0.2246220">
    <ele>34.3</ele>
    <time>2025-09-11T07:39:09Z</time>
   </trkpt>
   <trkpt lat="52.1142320" lon="0.2246060">
    <ele>34.3</ele>
    <time>2025-09-11T07:39:10Z</time>
   </trkpt>
   <trkpt lat="52.1142510" lon="0.2245800">
    <ele>34.3</ele>
    <time>2025-09-11T07:39:11Z</time>
   </trkpt>
   <trkpt lat="52.1142530" lon="0.2245630">
    <ele>34.2</ele>
    <time>2025-09-11T07:39:12Z</time>
   </trkpt>
   <trkpt lat="52.1142630" lon="0.2245350">
    <ele>34.2</ele>
    <time>2025-09-11T07:39:13Z</time>
   </trkpt>
   <trkpt lat="52.1142730" lon="0.2245200">
    <ele>34.2</ele>
    <time>2025-09-11T07:39:14Z</time>
   </trkpt>
   <trkpt lat="52.1142910" lon="0.2245020">
    <ele>34.2</ele>
    <time>2025-09-11T07:39:15Z</time>
   </trkpt>
   <trkpt lat="52.1142910" lon="0.2244840">
    <ele>34.2</ele>
    <time>2025-09-11T07:39:16Z</time>
   </trkpt>
   <trkpt lat="52.1143020" lon="0.2244640">
    <ele>34.1</ele>
    <time>2025-09-11T07:39:17Z</time>
   </trkpt>
   <trkpt lat="52.1143140" lon="0.2244480">
    <ele>34.1</ele>
    <time>2025-09-11T07:39:18Z</time>
   </trkpt>
   <trkpt lat="52.1143220" lon="0.2244230">
    <ele>34.1</ele>
    <time>2025-09-11T07:39:19Z</time>
   </trkpt>
   <trkpt lat="52.1143320" lon="0.2244050">
    <ele>34.1</ele>
    <time>2025-09-11T07:39:20Z</time>
   </trkpt>
   <trkpt lat="52.1143440" lon="0.2243840">
    <ele>34.0</ele>
    <time>2025-09-11T07:39:21Z</time>
   </trkpt>
   <trkpt lat="52.1143480" lon="0.2243600">
    <ele>34.0</ele>
    <time>2025-09-11T07:39:22Z</time>
   </trkpt>
   <trkpt lat="52.1143600" lon="0.2243410">
    <ele>34.0</ele>
    <time>2025-09-11T07:39:23Z</time>
   </trkpt>
   <trkpt lat="52.1143690" lon="0.2243220">
    <ele>34.0</ele>
    <time>2025-09-11T07:39:24Z</time>
   </trkpt>
   <trkpt lat="52.1143800" lon="0.2242990">
    <ele>33.9</ele>
    <time>2025-09-11T07:39:25Z</time>
   </trkpt>
   <trkpt lat="52.1143880" lon="0.2242840">
    <ele>33.9</ele>
    <time>2025-09-11T07:39:26Z</time>
   </trkpt>
   <trkpt lat="52.1143960" lon="0.2242610">
    <ele>33.9</ele>
    <time>2025-09-11T07:39:27Z</time>
   </trkpt>
   <trkpt lat="52.1144060" lon="0.2242450">
    <ele>33.9</ele>
    <time>2025-09-11T07:39:28Z</time>
   </trkpt>
   <trkpt lat="52.1144170" lon="0.2242180">
    <ele>33.9</ele>
    <time>2025-09-11T07:39:29Z</time>
   </trkpt>
   <trkpt lat="52.1144220" lon="0.2242000">
    <ele>33.8</ele>
    <time>2025-09-11T07:39:30Z</time>
   </trkpt>
   <trkpt lat="52.1144340" lon="0.2241770">
    <ele>33.8</ele>
    <time>2025-09-11T07:39:31Z</time>
   </trkpt>
   <trkpt lat="52.1144430" lon="0.2241590">
    <ele>33.8</ele>
    <time>2025-09-11T07:39:32Z</time>
   </trkpt>
   <trkpt lat="52.1144530" lon="0.2241460">
    <ele>33.8</ele>
    <time>2025-09-11T07:39:33Z</time>
   </trkpt>
   <trkpt lat="52.1144660" lon="0.2241220">
    <ele>33.7</ele>
    <time>2025-09-11T07:39:34Z</time>
   </trkpt>
   <trkpt lat="52.1144750" lon="0.2241040">
    <ele>33.7</ele>
    <time>2025-09-11T07:39:35Z</time>
   </trkpt>
   <trkpt lat="52.1144850" lon="0.2240800">
    <ele>33.7</ele>
    <time>2025-09-11T07:39:36Z</time>
   </trkpt>
   <trkpt lat="52.1144930" lon="0.2240600">
    <ele>33.7</ele>
    <time>2025-09-11T07:39:37Z</time>
   </trkpt>
   <trkpt lat="52.1145000" lon="0.2240360">
    <ele>33.6</ele>
    <time>2025-09-11T07:39:38Z</time>
   </trkpt>
   <trkpt lat="52.1145090" lon="0.2240150">
    <ele>33.6</ele>
    <time>2025-09-11T07:39:39Z</time>
   </trkpt>
   <trkpt lat="52.1145180" lon="0.2239860">
    <ele>33.6</ele>
    <time>2025-09-11T07:39:40Z</time>
   </trkpt>
   <trkpt lat="52.1145260" lon="0.2239700">
    <ele>33.6</ele>
    <time>2025-09-11T07:39:41Z</time>
   </trkpt>
   <trkpt lat="52.1145370" lon="0.2239470">
    <ele>33.5</ele>
    <time>2025-09-11T07:39:42Z</time>
   </trkpt>
   <trkpt lat="52.1145450" lon="0.2239280">
    <ele>33.5</ele>
    <time>2025-09-11T07:39:43Z</time>
   </trkpt>
   <trkpt lat="52.1145570" lon="0.2239010">
    <ele>33.5</ele>
    <time>2025-09-11T07:39:44Z</time>
   </trkpt>
   <trkpt lat="52.1145640" lon="0.2238870">
    <ele>33.5</ele>
    <time>2025-09-11T07:39:45Z</time>
   </trkpt>
   <trkpt lat="52.1145710" lon="0.2238620">
    <ele>33.5</ele>
    <time>2025-09-11T07:39:46Z</time>
   </trkpt>
   <trkpt lat="52.1145770" lon="0.2238410">
    <ele>33.4</ele>
    <time>2025-09-11T07:39:47Z</time>
   </trkpt>
   <trkpt lat="52.1145870" lon="0.2238240">
    <ele>33.4</ele>
    <time>2025-09-11T07:39:48Z</time>
   </trkpt>
   <trkpt lat="52.1145990" lon="0.2238000">
    <ele>33.4</ele>
    <time>2025-09-11T07:39:49Z</time>
   </trkpt>
   <trkpt lat="52.1146060" lon="0.2237810">
    <ele>33.4</ele>
    <time>2025-09-11T07:39:50Z</time>
   </trkpt>
   <trkpt lat="52.1146130" lon="0.2237560">
    <ele>33.4</ele>
    <time>2025-09-11T07:39:51Z</time>
   </trkpt>
   <trkpt lat="52.1146260" lon="0.2237430">
    <ele>33.3</ele>
    <time>2025-09-11T07:39:52Z</time>
   </trkpt>
   <trkpt lat="52.1146390" lon="0.2237170">
    <ele>33.3</ele>
    <time>2025-09-11T07:39:53Z</time>
   </trkpt>
   <trkpt lat="52.1146490" lon="0.2237010">
    <ele>33.3</ele>
    <time>2025-09-11T07:39:54Z</time>
   </trkpt>
   <trkpt lat="52.1146560" lon="0.2236800">
    <ele>33.3</ele>
    <time>2025-09-11T07:39:55Z</time>
   </trkpt>
   <trkpt lat="52.1146650" lon="0.2236560">
    <ele>33.3</ele>
    <time>2025-09-11T07:39:56Z</time>
   </trkpt>
   <trkpt lat="52.1146720" lon="0.2236360">
    <ele>33.3</ele>
    <time>2025-09-11T07:39:57Z</time>
   </trkpt>
   <trkpt lat="52.1146810" lon="0.2236160">
    <ele>33.3</ele>
    <time>2025-09-11T07:39:58Z</time>
   </trkpt>
   <trkpt lat="52.1146880" lon="0.2235930">
    <ele>33.3</ele>
    <time>2025-09-11T07:39:59Z</time>
   </trkpt>
   <trkpt lat="52.1146980" lon="0.2235670">
    <ele>33.2</ele>
    <time>2025-09-11T07:40:00Z</time>
   </trkpt>
   <trkpt lat="52.1147050" lon="0.2235500">
    <ele>33.2</ele>
    <time>2025-09-11T07:40:01Z</time>
   </trkpt>
   <trkpt lat="52.1147180" lon="0.2235290">
    <ele>33.2</ele>
    <time>2025-09-11T07:40:02Z</time>
   </trkpt>
   <trkpt lat="52.1147270" lon="0.2235130">
    <ele>33.2</ele>
    <time>2025-09-11T07:40:03Z</time>
   </trkpt>
   <trkpt lat="52.1147380" lon="0.2234830">
    <ele>33.2</ele>
    <time>2025-09-11T07:40:04Z</time>
   </trkpt>
   <trkpt lat="52.1147460" lon="0.2234530">
    <ele>33.2</ele>
    <time>2025-09-11T07:40:05Z</time>
   </trkpt>
   <trkpt lat="52.1147520" lon="0.2234390">
    <ele>33.2</ele>
    <time>2025-09-11T07:40:06Z</time>
   </trkpt>
   <trkpt lat="52.1147570" lon="0.2234250">
    <ele>33.2</ele>
    <time>2025-09-11T07:40:07Z</time>
   </trkpt>
   <trkpt lat="52.1147690" lon="0.2233970">
    <ele>33.1</ele>
    <time>2025-09-11T07:40:08Z</time>
   </trkpt>
   <trkpt lat="52.1147780" lon="0.2233860">
    <ele>33.1</ele>
    <time>2025-09-11T07:40:09Z</time>
   </trkpt>
   <trkpt lat="52.1147820" lon="0.2233550">
    <ele>33.1</ele>
    <time>2025-09-11T07:40:10Z</time>
   </trkpt>
   <trkpt lat="52.1147950" lon="0.2233400">
    <ele>33.1</ele>
    <time>2025-09-11T07:40:11Z</time>
   </trkpt>
   <trkpt lat="52.1148080" lon="0.2233220">
    <ele>33.1</ele>
    <time>2025-09-11T07:40:12Z</time>
   </trkpt>
   <trkpt lat="52.1148140" lon="0.2233060">
    <ele>33.1</ele>
    <time>2025-09-11T07:40:13Z</time>
   </trkpt>
   <trkpt lat="52.1148210" lon="0.2232730">
    <ele>33.1</ele>
    <time>2025-09-11T07:40:15Z</time>
   </trkpt>
   <trkpt lat="52.1148300" lon="0.2232580">
    <ele>33.1</ele>
    <time>2025-09-11T07:40:16Z</time>
   </trkpt>
   <trkpt lat="52.1148420" lon="0.2232340">
    <ele>33.1</ele>
    <time>2025-09-11T07:40:17Z</time>
   </trkpt>
   <trkpt lat="52.1148430" lon="0.2232150">
    <ele>33.0</ele>
    <time>2025-09-11T07:40:18Z</time>
   </trkpt>
   <trkpt lat="52.1148480" lon="0.2231890">
    <ele>33.0</ele>
    <time>2025-09-11T07:40:19Z</time>
   </trkpt>
   <trkpt lat="52.1148550" lon="0.2231700">
    <ele>33.0</ele>
    <time>2025-09-11T07:40:20Z</time>
   </trkpt>
   <trkpt lat="52.1148660" lon="0.2231440">
    <ele>33.0</ele>
    <time>2025-09-11T07:40:21Z</time>
   </trkpt>
   <trkpt lat="52.1148710" lon="0.2231290">
    <ele>33.0</ele>
    <time>2025-09-11T07:40:22Z</time>
   </trkpt>
   <trkpt lat="52.1148840" lon="0.2231070">
    <ele>33.0</ele>
    <time>2025-09-11T07:40:23Z</time>
   </trkpt>
   <trkpt lat="52.1148950" lon="0.2230890">
    <ele>33.0</ele>
    <time>2025-09-11T07:40:24Z</time>
   </trkpt>
   <trkpt lat="52.1149090" lon="0.2230640">
    <ele>33.0</ele>
    <time>2025-09-11T07:40:25Z</time>
   </trkpt>
   <trkpt lat="52.1149100" lon="0.2230480">
    <ele>33.0</ele>
    <time>2025-09-11T07:40:26Z</time>
   </trkpt>
   <trkpt lat="52.1149190" lon="0.2230240">
    <ele>33.0</ele>
    <time>2025-09-11T07:40:27Z</time>
   </trkpt>
   <trkpt lat="52.1149270" lon="0.2230050">
    <ele>33.0</ele>
    <time>2025-09-11T07:40:28Z</time>
   </trkpt>
   <trkpt lat="52.1149380" lon="0.2229870">
    <ele>32.9</ele>
    <time>2025-09-11T07:40:29Z</time>
   </trkpt>
   <trkpt lat="52.1149400" lon="0.2229650">
    <ele>32.9</ele>
    <time>2025-09-11T07:40:30Z</time>
   </trkpt>
   <trkpt lat="52.1149510" lon="0.2229350">
    <ele>32.9</ele>
    <time>2025-09-11T07:40:31Z</time>
   </trkpt>
   <trkpt lat="52.1149560" lon="0.2229210">
    <ele>32.9</ele>
    <time>2025-09-11T07:40:32Z</time>
   </trkpt>
   <trkpt lat="52.1149640" lon="0.2228980">
    <ele>32.9</ele>
    <time>2025-09-11T07:40:33Z</time>
   </trkpt>
   <trkpt lat="52.1149760" lon="0.2228820">
    <ele>32.9</ele>
    <time>2025-09-11T07:40:34Z</time>
   </trkpt>
   <trkpt lat="52.1149900" lon="0.2228380">
    <ele>32.9</ele>
    <time>2025-09-11T07:40:35Z</time>
   </trkpt>
   <trkpt lat="52.1149950" lon="0.2228180">
    <ele>32.9</ele>
    <time>2025-09-11T07:40:36Z</time>
   </trkpt>
   <trkpt lat="52.1150030" lon="0.2227970">
    <ele>32.9</ele>
    <time>2025-09-11T07:40:37Z</time>
   </trkpt>
   <trkpt lat="52.1150140" lon="0.2227730">
    <ele>32.9</ele>
    <time>2025-09-11T07:40:38Z</time>
   </trkpt>
   <trkpt lat="52.1150230" lon="0.2227570">
    <ele>32.9</ele>
    <time>2025-09-11T07:40:39Z</time>
   </trkpt>
   <trkpt lat="52.1150340" lon="0.2227330">
    <ele>32.8</ele>
    <time>2025-09-11T07:40:40Z</time>
   </trkpt>
   <trkpt lat="52.1150380" lon="0.2227170">
    <ele>32.8</ele>
    <time>2025-09-11T07:40:41Z</time>
   </trkpt>
   <trkpt lat="52.1150430" lon="0.2226860">
    <ele>32.8</ele>
    <time>2025-09-11T07:40:42Z</time>
   </trkpt>
   <trkpt lat="52.1150480" lon="0.2226660">
    <ele>32.8</ele>
    <time>2025-09-11T07:40:43Z</time>
   </trkpt>
   <trkpt lat="52.1150560" lon="0.2226400">
    <ele>32.8</ele>
    <time>2025-09-11T07:40:44Z</time>
   </trkpt>
   <trkpt lat="52.1150630" lon="0.2226280">
    <ele>32.8</ele>
    <time>2025-09-11T07:40:45Z</time>
   </trkpt>
   <trkpt lat="52.1150730" lon="0.2225990">
    <ele>32.8</ele>
    <time>2025-09-11T07:40:46Z</time>
   </trkpt>
   <trkpt lat="52.1150780" lon="0.2225850">
    <ele>32.8</ele>
    <time>2025-09-11T07:40:47Z</time>
   </trkpt>
   <trkpt lat="52.1150880" lon="0.2225580">
    <ele>32.8</ele>
    <time>2025-09-11T07:40:48Z</time>
   </trkpt>
   <trkpt lat="52.1150910" lon="0.2225370">
    <ele>32.7</ele>
    <time>2025-09-11T07:40:49Z</time>
   </trkpt>
   <trkpt lat="52.1151040" lon="0.2225020">
    <ele>32.7</ele>
    <time>2025-09-11T07:40:50Z</time>
   </trkpt>
   <trkpt lat="52.1151100" lon="0.2224890">
    <ele>32.7</ele>
    <time>2025-09-11T07:40:51Z</time>
   </trkpt>
   <trkpt lat="52.1151180" lon="0.2224640">
    <ele>32.7</ele>
    <time>2025-09-11T07:40:52Z</time>
   </trkpt>
   <trkpt lat="52.1151210" lon="0.2224440">
    <ele>32.7</ele>
    <time>2025-09-11T07:40:53Z</time>
   </trkpt>
   <trkpt lat="52.1151320" lon="0.2224190">
    <ele>32.7</ele>
    <time>2025-09-11T07:40:54Z</time>
   </trkpt>
   <trkpt lat="52.1151370" lon="0.2223980">
    <ele>32.7</ele>
    <time>2025-09-11T07:40:55Z</time>
   </trkpt>
   <trkpt lat="52.1151500" lon="0.2223680">
    <ele>32.7</ele>
    <time>2025-09-11T07:40:56Z</time>
   </trkpt>
   <trkpt lat="52.1151530" lon="0.2223540">
    <ele>32.6</ele>
    <time>2025-09-11T07:40:57Z</time>
   </trkpt>
   <trkpt lat="52.1151590" lon="0.2223280">
    <ele>32.6</ele>
    <time>2025-09-11T07:40:58Z</time>
   </trkpt>
   <trkpt lat="52.1151650" lon="0.2223100">
    <ele>32.6</ele>
    <time>2025-09-11T07:40:59Z</time>
   </trkpt>
   <trkpt lat="52.1151730" lon="0.2222840">
    <ele>32.6</ele>
    <time>2025-09-11T07:41:00Z</time>
   </trkpt>
   <trkpt lat="52.1151800" lon="0.2222640">
    <ele>32.6</ele>
    <time>2025-09-11T07:41:01Z</time>
   </trkpt>
   <trkpt lat="52.1151930" lon="0.2222400">
    <ele>32.6</ele>
    <time>2025-09-11T07:41:02Z</time>
   </trkpt>
   <trkpt lat="52.1151970" lon="0.2222210">
    <ele>32.6</ele>
    <time>2025-09-11T07:41:03Z</time>
   </trkpt>
   <trkpt lat="52.1152020" lon="0.2221890">
    <ele>32.6</ele>
    <time>2025-09-11T07:41:04Z</time>
   </trkpt>
   <trkpt lat="52.1152170" lon="0.2221800">
    <ele>32.6</ele>
    <time>2025-09-11T07:41:05Z</time>
   </trkpt>
   <trkpt lat="52.1152200" lon="0.2221500">
    <ele>32.6</ele>
    <time>2025-09-11T07:41:06Z</time>
   </trkpt>
   <trkpt lat="52.1152310" lon="0.2221370">
    <ele>32.5</ele>
    <time>2025-09-11T07:41:07Z</time>
   </trkpt>
   <trkpt lat="52.1152390" lon="0.2221080">
    <ele>32.5</ele>
    <time>2025-09-11T07:41:08Z</time>
   </trkpt>
   <trkpt lat="52.1152420" lon="0.2220870">
    <ele>32.5</ele>
    <time>2025-09-11T07:41:09Z</time>
   </trkpt>
   <trkpt lat="52.1152480" lon="0.2220660">
    <ele>32.5</ele>
    <time>2025-09-11T07:41:10Z</time>
   </trkpt>
   <trkpt lat="52.1152580" lon="0.2220380">
    <ele>32.5</ele>
    <time>2025-09-11T07:41:11Z</time>
   </trkpt>
   <trkpt lat="52.1152730" lon="0.2220210">
    <ele>32.5</ele>
    <time>2025-09-11T07:41:12Z</time>
   </trkpt>
   <trkpt lat="52.1152780" lon="0.2219960">
    <ele>32.5</ele>
    <time>2025-09-11T07:41:13Z</time>
   </trkpt>
   <trkpt lat="52.1152870" lon="0.2219790">
    <ele>32.5</ele>
    <time>2025-09-11T07:41:14Z</time>
   </trkpt>
   <trkpt lat="52.1152970" lon="0.2219520">
    <ele>32.5</ele>
    <time>2025-09-11T07:41:15Z</time>
   </trkpt>
   <trkpt lat="52.1153040" lon="0.2219220">
    <ele>32.5</ele>
    <time>2025-09-11T07:41:16Z</time>
   </trkpt>
   <trkpt lat="52.1153060" lon="0.2219060">
    <ele>32.5</ele>
    <time>2025-09-11T07:41:17Z</time>
   </trkpt>
   <trkpt lat="52.1153090" lon="0.2218910">
    <ele>32.5</ele>
    <time>2025-09-11T07:41:18Z</time>
   </trkpt>
   <trkpt lat="52.1153240" lon="0.2218520">
    <ele>32.5</ele>
    <time>2025-09-11T07:41:19Z</time>
   </trkpt>
   <trkpt lat="52.1153280" lon="0.2218390">
    <ele>32.5</ele>
    <time>2025-09-11T07:41:20Z</time>
   </trkpt>
   <trkpt lat="52.1153510" lon="0.2218090">
    <ele>32.5</ele>
    <time>2025-09-11T07:41:21Z</time>
   </trkpt>
   <trkpt lat="52.1153580" lon="0.2218030">
    <ele>32.5</ele>
    <time>2025-09-11T07:41:22Z</time>
   </trkpt>
   <trkpt lat="52.1153570" lon="0.2217750">
    <ele>32.5</ele>
    <time>2025-09-11T07:41:23Z</time>
   </trkpt>
   <trkpt lat="52.1153610" lon="0.2217560">
    <ele>32.5</ele>
    <time>2025-09-11T07:41:24Z</time>
   </trkpt>
   <trkpt lat="52.1153800" lon="0.2217340">
    <ele>32.6</ele>
    <time>2025-09-11T07:41:25Z</time>
   </trkpt>
   <trkpt lat="52.1153860" lon="0.2217190">
    <ele>32.6</ele>
    <time>2025-09-11T07:41:26Z</time>
   </trkpt>
   <trkpt lat="52.1154000" lon="0.2216920">
    <ele>32.6</ele>
    <time>2025-09-11T07:41:27Z</time>
   </trkpt>
   <trkpt lat="52.1154040" lon="0.2216720">
    <ele>32.6</ele>
    <time>2025-09-11T07:41:28Z</time>
   </trkpt>
   <trkpt lat="52.1154110" lon="0.2216440">
    <ele>32.6</ele>
    <time>2025-09-11T07:41:29Z</time>
   </trkpt>
   <trkpt lat="52.1154180" lon="0.2216260">
    <ele>32.6</ele>
    <time>2025-09-11T07:41:30Z</time>
   </trkpt>
   <trkpt lat="52.1154280" lon="0.2216020">
    <ele>32.6</ele>
    <time>2025-09-11T07:41:31Z</time>
   </trkpt>
   <trkpt lat="52.1154370" lon="0.2215810">
    <ele>32.6</ele>
    <time>2025-09-11T07:41:32Z</time>
   </trkpt>
   <trkpt lat="52.1154450" lon="0.2215500">
    <ele>32.6</ele>
    <time>2025-09-11T07:41:33Z</time>
   </trkpt>
   <trkpt lat="52.1154500" lon="0.2215340">
    <ele>32.6</ele>
    <time>2025-09-11T07:41:34Z</time>
   </trkpt>
   <trkpt lat="52.1154570" lon="0.2215080">
    <ele>32.6</ele>
    <time>2025-09-11T07:41:35Z</time>
   </trkpt>
   <trkpt lat="52.1154620" lon="0.2214880">
    <ele>32.6</ele>
    <time>2025-09-11T07:41:36Z</time>
   </trkpt>
   <trkpt lat="52.1154690" lon="0.2214610">
    <ele>32.6</ele>
    <time>2025-09-11T07:41:37Z</time>
   </trkpt>
   <trkpt lat="52.1154730" lon="0.2214440">
    <ele>32.6</ele>
    <time>2025-09-11T07:41:38Z</time>
   </trkpt>
   <trkpt lat="52.1154840" lon="0.2214130">
    <ele>32.6</ele>
    <time>2025-09-11T07:41:39Z</time>
   </trkpt>
   <trkpt lat="52.1154910" lon="0.2213990">
    <ele>32.6</ele>
    <time>2025-09-11T07:41:40Z</time>
   </trkpt>
   <trkpt lat="52.1154960" lon="0.2213680">
    <ele>32.6</ele>
    <time>2025-09-11T07:41:41Z</time>
   </trkpt>
   <trkpt lat="52.1154970" lon="0.2213480">
    <ele>32.6</ele>
    <time>2025-09-11T07:41:42Z</time>
   </trkpt>
   <trkpt lat="52.1155090" lon="0.2213270">
    <ele>32.6</ele>
    <time>2025-09-11T07:41:43Z</time>
   </trkpt>
   <trkpt lat="52.1155150" lon="0.2213020">
    <ele>32.6</ele>
    <time>2025-09-11T07:41:44Z</time>
   </trkpt>
   <trkpt lat="52.1155230" lon="0.2212760">
    <ele>32.6</ele>
    <time>2025-09-11T07:41:45Z</time>
   </trkpt>
   <trkpt lat="52.1155270" lon="0.2212630">
    <ele>32.6</ele>
    <time>2025-09-11T07:41:46Z</time>
   </trkpt>
   <trkpt lat="52.1155270" lon="0.2212340">
    <ele>32.6</ele>
    <time>2025-09-11T07:41:47Z</time>
   </trkpt>
   <trkpt lat="52.1155300" lon="0.2212130">
    <ele>32.6</ele>
    <time>2025-09-11T07:41:48Z</time>
   </trkpt>
   <trkpt lat="52.1155340" lon="0.2211890">
    <ele>32.6</ele>
    <time>2025-09-11T07:41:49Z</time>
   </trkpt>
   <trkpt lat="52.1155420" lon="0.2211680">
    <ele>32.6</ele>
    <time>2025-09-11T07:41:50Z</time>
   </trkpt>
   <trkpt lat="52.1155430" lon="0.2211480">
    <ele>32.6</ele>
    <time>2025-09-11T07:41:51Z</time>
   </trkpt>
   <trkpt lat="52.1155530" lon="0.2211250">
    <ele>32.7</ele>
    <time>2025-09-11T07:41:52Z</time>
   </trkpt>
   <trkpt lat="52.1155570" lon="0.2211010">
    <ele>32.7</ele>
    <time>2025-09-11T07:41:53Z</time>
   </trkpt>
   <trkpt lat="52.1155600" lon="0.2210810">
    <ele>32.7</ele>
    <time>2025-09-11T07:41:54Z</time>
   </trkpt>
   <trkpt lat="52.1155630" lon="0.2210610">
    <ele>32.7</ele>
    <time>2025-09-11T07:41:55Z</time>
   </trkpt>
   <trkpt lat="52.1155720" lon="0.2210400">
    <ele>32.7</ele>
    <time>2025-09-11T07:41:56Z</time>
   </trkpt>
   <trkpt lat="52.1155770" lon="0.2210190">
    <ele>32.7</ele>
    <time>2025-09-11T07:41:57Z</time>
   </trkpt>
   <trkpt lat="52.1155810" lon="0.2209910">
    <ele>32.7</ele>
    <time>2025-09-11T07:41:58Z</time>
   </trkpt>
   <trkpt lat="52.1155870" lon="0.2209570">
    <ele>32.8</ele>
    <time>2025-09-11T07:41:59Z</time>
   </trkpt>
   <trkpt lat="52.1155930" lon="0.2209380">
    <ele>32.8</ele>
    <time>2025-09-11T07:42:00Z</time>
   </trkpt>
   <trkpt lat="52.1155980" lon="0.2209190">
    <ele>32.8</ele>
    <time>2025-09-11T07:42:01Z</time>
   </trkpt>
   <trkpt lat="52.1156050" lon="0.2208880">
    <ele>32.8</ele>
    <time>2025-09-11T07:42:02Z</time>
   </trkpt>
   <trkpt lat="52.1156090" lon="0.2208740">
    <ele>32.8</ele>
    <time>2025-09-11T07:42:03Z</time>
   </trkpt>
   <trkpt lat="52.1156130" lon="0.2208590">
    <ele>32.9</ele>
    <time>2025-09-11T07:42:04Z</time>
   </trkpt>
   <trkpt lat="52.1156160" lon="0.2208470">
    <ele>32.9</ele>
    <time>2025-09-11T07:42:05Z</time>
   </trkpt>
   <trkpt lat="52.1156210" lon="0.2208420">
    <ele>32.9</ele>
    <time>2025-09-11T07:42:06Z</time>
   </trkpt>
   <trkpt lat="52.1156160" lon="0.2208420">
    <ele>32.9</ele>
    <time>2025-09-11T07:42:07Z</time>
   </trkpt>
   <trkpt lat="52.1156160" lon="0.2208480">
    <ele>32.9</ele>
    <time>2025-09-11T07:42:08Z</time>
   </trkpt>
   <trkpt lat="52.1156140" lon="0.2208490">
    <ele>32.9</ele>
    <time>2025-09-11T07:42:09Z</time>
   </trkpt>
   <trkpt lat="52.1156170" lon="0.2208440">
    <ele>32.9</ele>
    <time>2025-09-11T07:42:10Z</time>
   </trkpt>
   <trkpt lat="52.1156150" lon="0.2208410">
    <ele>32.9</ele>
    <time>2025-09-11T07:42:11Z</time>
   </trkpt>
   <trkpt lat="52.1156150" lon="0.2208410">
    <ele>32.9</ele>
    <time>2025-09-11T07:42:12Z</time>
   </trkpt>
   <trkpt lat="52.1156150" lon="0.2208410">
    <ele>32.9</ele>
    <time>2025-09-11T07:42:13Z</time>
   </trkpt>
   <trkpt lat="52.1156150" lon="0.2208410">
    <ele>32.9</ele>
    <time>2025-09-11T07:42:14Z</time>
   </trkpt>
   <trkpt lat="52.1156200" lon="0.2208240">
    <ele>32.9</ele>
    <time>2025-09-11T07:42:15Z</time>
   </trkpt>
   <trkpt lat="52.1156250" lon="0.2208170">
    <ele>32.9</ele>
    <time>2025-09-11T07:42:16Z</time>
   </trkpt>
   <trkpt lat="52.1156400" lon="0.2207810">
    <ele>33.0</ele>
    <time>2025-09-11T07:42:17Z</time>
   </trkpt>
   <trkpt lat="52.1156440" lon="0.2207680">
    <ele>33.0</ele>
    <time>2025-09-11T07:42:18Z</time>
   </trkpt>
   <trkpt lat="52.1156480" lon="0.2207540">
    <ele>33.0</ele>
    <time>2025-09-11T07:42:19Z</time>
   </trkpt>
   <trkpt lat="52.1156450" lon="0.2207300">
    <ele>33.0</ele>
    <time>2025-09-11T07:42:21Z</time>
   </trkpt>
   <trkpt lat="52.1156480" lon="0.2207050">
    <ele>33.0</ele>
    <time>2025-09-11T07:42:22Z</time>
   </trkpt>
   <trkpt lat="52.1156640" lon="0.2206850">
    <ele>33.1</ele>
    <time>2025-09-11T07:42:23Z</time>
   </trkpt>
   <trkpt lat="52.1156580" lon="0.2206610">
    <ele>33.1</ele>
    <time>2025-09-11T07:42:24Z</time>
   </trkpt>
   <trkpt lat="52.1156720" lon="0.2206430">
    <ele>33.1</ele>
    <time>2025-09-11T07:42:25Z</time>
   </trkpt>
   <trkpt lat="52.1156790" lon="0.2206170">
    <ele>33.1</ele>
    <time>2025-09-11T07:42:26Z</time>
   </trkpt>
   <trkpt lat="52.1156870" lon="0.2205920">
    <ele>33.2</ele>
    <time>2025-09-11T07:42:27Z</time>
   </trkpt>
   <trkpt lat="52.1156930" lon="0.2205710">
    <ele>33.2</ele>
    <time>2025-09-11T07:42:28Z</time>
   </trkpt>
   <trkpt lat="52.1156950" lon="0.2205420">
    <ele>33.2</ele>
    <time>2025-09-11T07:42:29Z</time>
   </trkpt>
   <trkpt lat="52.1157040" lon="0.2205240">
    <ele>33.2</ele>
    <time>2025-09-11T07:42:30Z</time>
   </trkpt>
   <trkpt lat="52.1157100" lon="0.2204960">
    <ele>33.2</ele>
    <time>2025-09-11T07:42:31Z</time>
   </trkpt>
   <trkpt lat="52.1157170" lon="0.2204810">
    <ele>33.3</ele>
    <time>2025-09-11T07:42:32Z</time>
   </trkpt>
   <trkpt lat="52.1157220" lon="0.2204470">
    <ele>33.3</ele>
    <time>2025-09-11T07:42:33Z</time>
   </trkpt>
   <trkpt lat="52.1157240" lon="0.2204330">
    <ele>33.3</ele>
    <time>2025-09-11T07:42:34Z</time>
   </trkpt>
   <trkpt lat="52.1157270" lon="0.2204180">
    <ele>33.3</ele>
    <time>2025-09-11T07:42:35Z</time>
   </trkpt>
   <trkpt lat="52.1157370" lon="0.2203830">
    <ele>33.4</ele>
    <time>2025-09-11T07:42:36Z</time>
   </trkpt>
   <trkpt lat="52.1157410" lon="0.2203680">
    <ele>33.4</ele>
    <time>2025-09-11T07:42:37Z</time>
   </trkpt>
   <trkpt lat="52.1157440" lon="0.2203530">
    <ele>33.4</ele>
    <time>2025-09-11T07:42:38Z</time>
   </trkpt>
   <trkpt lat="52.1157520" lon="0.2203340">
    <ele>33.4</ele>
    <time>2025-09-11T07:42:39Z</time>
   </trkpt>
   <trkpt lat="52.1157580" lon="0.2203080">
    <ele>33.4</ele>
    <time>2025-09-11T07:42:40Z</time>
   </trkpt>
   <trkpt lat="52.1157670" lon="0.2202880">
    <ele>33.4</ele>
    <time>2025-09-11T07:42:41Z</time>
   </trkpt>
   <trkpt lat="52.1157770" lon="0.2202430">
    <ele>33.5</ele>
    <time>2025-09-11T07:42:42Z</time>
   </trkpt>
   <trkpt lat="52.1157860" lon="0.2202220">
    <ele>33.5</ele>
    <time>2025-09-11T07:42:43Z</time>
   </trkpt>
   <trkpt lat="52.1157950" lon="0.2201980">
    <ele>33.5</ele>
    <time>2025-09-11T07:42:44Z</time>
   </trkpt>
   <trkpt lat="52.1158000" lon="0.2201790">
    <ele>33.6</ele>
    <time>2025-09-11T07:42:45Z</time>
   </trkpt>
   <trkpt lat="52.1158080" lon="0.2201610">
    <ele>33.6</ele>
    <time>2025-09-11T07:42:46Z</time>
   </trkpt>
   <trkpt lat="52.1158180" lon="0.2201410">
    <ele>33.6</ele>
    <time>2025-09-11T07:42:47Z</time>
   </trkpt>
   <trkpt lat="52.1158240" lon="0.2201200">
    <ele>33.6</ele>
    <time>2025-09-11T07:42:48Z</time>
   </trkpt>
   <trkpt lat="52.1158300" lon="0.2200990">
    <ele>33.6</ele>
    <time>2025-09-11T07:42:49Z</time>
   </trkpt>
   <trkpt lat="52.1158330" lon="0.2200760">
    <ele>33.7</ele>
    <time>2025-09-11T07:42:50Z</time>
   </trkpt>
   <trkpt lat="52.1158380" lon="0.2200530">
    <ele>33.7</ele>
    <time>2025-09-11T07:42:51Z</time>
   </trkpt>
   <trkpt lat="52.1158440" lon="0.2200240">
    <ele>33.7</ele>
    <time>2025-09-11T07:42:52Z</time>
   </trkpt>
   <trkpt lat="52.1158450" lon="0.2200030">
    <ele>33.7</ele>
    <time>2025-09-11T07:42:53Z</time>
   </trkpt>
   <trkpt lat="52.1158550" lon="0.2199810">
    <ele>33.7</ele>
    <time>2025-09-11T07:42:54Z</time>
   </trkpt>
   <trkpt lat="52.1158640" lon="0.2199620">
    <ele>33.7</ele>
    <time>2025-09-11T07:42:55Z</time>
   </trkpt>
   <trkpt lat="52.1158700" lon="0.2199380">
    <ele>33.7</ele>
    <time>2025-09-11T07:42:56Z</time>
   </trkpt>
   <trkpt lat="52.1158780" lon="0.2199190">
    <ele>33.7</ele>
    <time>2025-09-11T07:42:57Z</time>
   </trkpt>
   <trkpt lat="52.1158830" lon="0.2198850">
    <ele>33.8</ele>
    <time>2025-09-11T07:42:58Z</time>
   </trkpt>
   <trkpt lat="52.1158890" lon="0.2198700">
    <ele>33.8</ele>
    <time>2025-09-11T07:42:59Z</time>
   </trkpt>
   <trkpt lat="52.1158950" lon="0.2198550">
    <ele>33.8</ele>
    <time>2025-09-11T07:43:00Z</time>
   </trkpt>
   <trkpt lat="52.1159090" lon="0.2198200">
    <ele>33.8</ele>
    <time>2025-09-11T07:43:01Z</time>
   </trkpt>
   <trkpt lat="52.1159140" lon="0.2198050">
    <ele>33.8</ele>
    <time>2025-09-11T07:43:02Z</time>
   </trkpt>
   <trkpt lat="52.1159190" lon="0.2197850">
    <ele>33.8</ele>
    <time>2025-09-11T07:43:03Z</time>
   </trkpt>
   <trkpt lat="52.1159260" lon="0.2197600">
    <ele>33.8</ele>
    <time>2025-09-11T07:43:04Z</time>
   </trkpt>
   <trkpt lat="52.1159350" lon="0.2197430">
    <ele>33.8</ele>
    <time>2025-09-11T07:43:05Z</time>
   </trkpt>
   <trkpt lat="52.1159430" lon="0.2197200">
    <ele>33.8</ele>
    <time>2025-09-11T07:43:06Z</time>
   </trkpt>
   <trkpt lat="52.1159510" lon="0.2197020">
    <ele>33.9</ele>
    <time>2025-09-11T07:43:07Z</time>
   </trkpt>
   <trkpt lat="52.1159590" lon="0.2196820">
    <ele>33.9</ele>
    <time>2025-09-11T07:43:08Z</time>
   </trkpt>
   <trkpt lat="52.1159650" lon="0.2196600">
    <ele>33.9</ele>
    <time>2025-09-11T07:43:09Z</time>
   </trkpt>
   <trkpt lat="52.1159700" lon="0.2196300">
    <ele>33.9</ele>
    <time>2025-09-11T07:43:10Z</time>
   </trkpt>
   <trkpt lat="52.1159820" lon="0.2196020">
    <ele>33.9</ele>
    <time>2025-09-11T07:43:11Z</time>
   </trkpt>
   <trkpt lat="52.1159880" lon="0.2195880">
    <ele>33.9</ele>
    <time>2025-09-11T07:43:12Z</time>
   </trkpt>
   <trkpt lat="52.1159950" lon="0.2195530">
    <ele>33.9</ele>
    <time>2025-09-11T07:43:13Z</time>
   </trkpt>
   <trkpt lat="52.1159990" lon="0.2195380">
    <ele>33.9</ele>
    <time>2025-09-11T07:43:14Z</time>
   </trkpt>
   <trkpt lat="52.1160030" lon="0.2195220">
    <ele>34.0</ele>
    <time>2025-09-11T07:43:15Z</time>
   </trkpt>
   <trkpt lat="52.1160070" lon="0.2195060">
    <ele>34.0</ele>
    <time>2025-09-11T07:43:16Z</time>
   </trkpt>
   <trkpt lat="52.1160140" lon="0.2194880">
    <ele>34.0</ele>
    <time>2025-09-11T07:43:17Z</time>
   </trkpt>
   <trkpt lat="52.1160120" lon="0.2194730">
    <ele>34.0</ele>
    <time>2025-09-11T07:43:18Z</time>
   </trkpt>
   <trkpt lat="52.1160160" lon="0.2194550">
    <ele>34.0</ele>
    <time>2025-09-11T07:43:19Z</time>
   </trkpt>
   <trkpt lat="52.1160220" lon="0.2194240">
    <ele>34.0</ele>
    <time>2025-09-11T07:43:20Z</time>
   </trkpt>
   <trkpt lat="52.1160270" lon="0.2194040">
    <ele>34.0</ele>
    <time>2025-09-11T07:43:21Z</time>
   </trkpt>
   <trkpt lat="52.1160320" lon="0.2193780">
    <ele>34.0</ele>
    <time>2025-09-11T07:43:22Z</time>
   </trkpt>
   <trkpt lat="52.1160360" lon="0.2193560">
    <ele>34.1</ele>
    <time>2025-09-11T07:43:23Z</time>
   </trkpt>
   <trkpt lat="52.1160460" lon="0.2193340">
    <ele>34.1</ele>
    <time>2025-09-11T07:43:24Z</time>
   </trkpt>
   <trkpt lat="52.1160520" lon="0.2193120">
    <ele>34.1</ele>
    <time>2025-09-11T07:43:25Z</time>
   </trkpt>
   <trkpt lat="52.1160620" lon="0.2192950">
    <ele>34.1</ele>
    <time>2025-09-11T07:43:26Z</time>
   </trkpt>
   <trkpt lat="52.1160670" lon="0.2192720">
    <ele>34.1</ele>
    <time>2025-09-11T07:43:27Z</time>
   </trkpt>
   <trkpt lat="52.1160770" lon="0.2192560">
    <ele>34.1</ele>
    <time>2025-09-11T07:43:28Z</time>
   </trkpt>
   <trkpt lat="52.1160870" lon="0.2192390">
    <ele>34.1</ele>
    <time>2025-09-11T07:43:29Z</time>
   </trkpt>
   <trkpt lat="52.1161000" lon="0.2192230">
    <ele>34.2</ele>
    <time>2025-09-11T07:43:30Z</time>
   </trkpt>
   <trkpt lat="52.1161130" lon="0.2191980">
    <ele>34.2</ele>
    <time>2025-09-11T07:43:31Z</time>
   </trkpt>
   <trkpt lat="52.1161190" lon="0.2191890">
    <ele>34.2</ele>
    <time>2025-09-11T07:43:32Z</time>
   </trkpt>
   <trkpt lat="52.1161250" lon="0.2191790">
    <ele>34.2</ele>
    <time>2025-09-11T07:43:33Z</time>
   </trkpt>
   <trkpt lat="52.1161360" lon="0.2191590">
    <ele>34.2</ele>
    <time>2025-09-11T07:43:34Z</time>
   </trkpt>
   <trkpt lat="52.1161470" lon="0.2191480">
    <ele>34.2</ele>
    <time>2025-09-11T07:43:35Z</time>
   </trkpt>
   <trkpt lat="52.1161650" lon="0.2191280">
    <ele>34.2</ele>
    <time>2025-09-11T07:43:36Z</time>
   </trkpt>
   <trkpt lat="52.1161740" lon="0.2191200">
    <ele>34.3</ele>
    <time>2025-09-11T07:43:37Z</time>
   </trkpt>
   <trkpt lat="52.1161820" lon="0.2191130">
    <ele>34.3</ele>
    <time>2025-09-11T07:43:38Z</time>
   </trkpt>
   <trkpt lat="52.1162020" lon="0.2190920">
    <ele>34.3</ele>
    <time>2025-09-11T07:43:39Z</time>
   </trkpt>
   <trkpt lat="52.1162100" lon="0.2190840">
    <ele>34.3</ele>
    <time>2025-09-11T07:43:40Z</time>
   </trkpt>
   <trkpt lat="52.1162180" lon="0.2190750">
    <ele>34.3</ele>
    <time>2025-09-11T07:43:41Z</time>
   </trkpt>
   <trkpt lat="52.1162460" lon="0.2190590">
    <ele>34.3</ele>
    <time>2025-09-11T07:43:42Z</time>
   </trkpt>
   <trkpt lat="52.1162560" lon="0.2190540">
    <ele>34.3</ele>
    <time>2025-09-11T07:43:43Z</time>
   </trkpt>
   <trkpt lat="52.1162650" lon="0.2190510">
    <ele>34.3</ele>
    <time>2025-09-11T07:43:44Z</time>
   </trkpt>
   <trkpt lat="52.1162840" lon="0.2190440">
    <ele>34.4</ele>
    <time>2025-09-11T07:43:45Z</time>
   </trkpt>
   <trkpt lat="52.1163120" lon="0.2190360">
    <ele>34.4</ele>
    <time>2025-09-11T07:43:46Z</time>
   </trkpt>
   <trkpt lat="52.1163200" lon="0.2190330">
    <ele>34.4</ele>
    <time>2025-09-11T07:43:47Z</time>
   </trkpt>
   <trkpt lat="52.1163420" lon="0.2190330">
    <ele>34.4</ele>
    <time>2025-09-11T07:43:48Z</time>
   </trkpt>
   <trkpt lat="52.1163540" lon="0.2190300">
    <ele>34.4</ele>
    <time>2025-09-11T07:43:49Z</time>
   </trkpt>
   <trkpt lat="52.1163650" lon="0.2190280">
    <ele>34.4</ele>
    <time>2025-09-11T07:43:50Z</time>
   </trkpt>
   <trkpt lat="52.1163740" lon="0.2190270">
    <ele>34.4</ele>
    <time>2025-09-11T07:43:51Z</time>
   </trkpt>
   <trkpt lat="52.1163880" lon="0.2190310">
    <ele>34.4</ele>
    <time>2025-09-11T07:43:52Z</time>
   </trkpt>
   <trkpt lat="52.1163990" lon="0.2190340">
    <ele>34.4</ele>
    <time>2025-09-11T07:43:53Z</time>
   </trkpt>
   <trkpt lat="52.1164270" lon="0.2190330">
    <ele>34.4</ele>
    <time>2025-09-11T07:43:54Z</time>
   </trkpt>
   <trkpt lat="52.1164360" lon="0.2190320">
    <ele>34.4</ele>
    <time>2025-09-11T07:43:55Z</time>
   </trkpt>
   <trkpt lat="52.1164480" lon="0.2190370">
    <ele>34.4</ele>
    <time>2025-09-11T07:43:56Z</time>
   </trkpt>
   <trkpt lat="52.1164630" lon="0.2190330">
    <ele>34.4</ele>
    <time>2025-09-11T07:43:57Z</time>
   </trkpt>
   <trkpt lat="52.1164830" lon="0.2190400">
    <ele>34.4</ele>
    <time>2025-09-11T07:43:58Z</time>
   </trkpt>
   <trkpt lat="52.1164940" lon="0.2190460">
    <ele>34.4</ele>
    <time>2025-09-11T07:43:59Z</time>
   </trkpt>
   <trkpt lat="52.1165120" lon="0.2190450">
    <ele>34.4</ele>
    <time>2025-09-11T07:44:00Z</time>
   </trkpt>
   <trkpt lat="52.1165260" lon="0.2190420">
    <ele>34.4</ele>
    <time>2025-09-11T07:44:01Z</time>
   </trkpt>
   <trkpt lat="52.1165570" lon="0.2190430">
    <ele>34.4</ele>
    <time>2025-09-11T07:44:02Z</time>
   </trkpt>
   <trkpt lat="52.1165650" lon="0.2190450">
    <ele>34.4</ele>
    <time>2025-09-11T07:44:03Z</time>
   </trkpt>
   <trkpt lat="52.1165770" lon="0.2190460">
    <ele>34.4</ele>
    <time>2025-09-11T07:44:04Z</time>
   </trkpt>
   <trkpt lat="52.1165940" lon="0.2190420">
    <ele>34.4</ele>
    <time>2025-09-11T07:44:05Z</time>
   </trkpt>
   <trkpt lat="52.1166190" lon="0.2190400">
    <ele>34.4</ele>
    <time>2025-09-11T07:44:06Z</time>
   </trkpt>
   <trkpt lat="52.1166270" lon="0.2190420">
    <ele>34.4</ele>
    <time>2025-09-11T07:44:07Z</time>
   </trkpt>
   <trkpt lat="52.1166350" lon="0.2190430">
    <ele>34.4</ele>
    <time>2025-09-11T07:44:08Z</time>
   </trkpt>
   <trkpt lat="52.1166440" lon="0.2190400">
    <ele>34.4</ele>
    <time>2025-09-11T07:44:09Z</time>
   </trkpt>
   <trkpt lat="52.1166650" lon="0.2190430">
    <ele>34.5</ele>
    <time>2025-09-11T07:44:10Z</time>
   </trkpt>
   <trkpt lat="52.1166820" lon="0.2190450">
    <ele>34.5</ele>
    <time>2025-09-11T07:44:11Z</time>
   </trkpt>
   <trkpt lat="52.1166920" lon="0.2190440">
    <ele>34.5</ele>
    <time>2025-09-11T07:44:12Z</time>
   </trkpt>
   <trkpt lat="52.1167030" lon="0.2190430">
    <ele>34.5</ele>
    <time>2025-09-11T07:44:13Z</time>
   </trkpt>
   <trkpt lat="52.1167150" lon="0.2190470">
    <ele>34.5</ele>
    <time>2025-09-11T07:44:14Z</time>
   </trkpt>
   <trkpt lat="52.1167310" lon="0.2190510">
    <ele>34.5</ele>
    <time>2025-09-11T07:44:15Z</time>
   </trkpt>
   <trkpt lat="52.1167540" lon="0.2190490">
    <ele>34.5</ele>
    <time>2025-09-11T07:44:16Z</time>
   </trkpt>
   <trkpt lat="52.1167620" lon="0.2190460">
    <ele>34.5</ele>
    <time>2025-09-11T07:44:17Z</time>
   </trkpt>
   <trkpt lat="52.1167710" lon="0.2190420">
    <ele>34.5</ele>
    <time>2025-09-11T07:44:18Z</time>
   </trkpt>
   <trkpt lat="52.1167940" lon="0.2190450">
    <ele>34.5</ele>
    <time>2025-09-11T07:44:19Z</time>
   </trkpt>
   <trkpt lat="52.1168030" lon="0.2190480">
    <ele>34.5</ele>
    <time>2025-09-11T07:44:20Z</time>
   </trkpt>
   <trkpt lat="52.1168120" lon="0.2190510">
    <ele>34.5</ele>
    <time>2025-09-11T07:44:21Z</time>
   </trkpt>
   <trkpt lat="52.1168280" lon="0.2190550">
    <ele>34.5</ele>
    <time>2025-09-11T07:44:22Z</time>
   </trkpt>
   <trkpt lat="52.1168430" lon="0.2190570">
    <ele>34.5</ele>
    <time>2025-09-11T07:44:23Z</time>
   </trkpt>
   <trkpt lat="52.1168650" lon="0.2190700">
    <ele>34.5</ele>
    <time>2025-09-11T07:44:24Z</time>
   </trkpt>
   <trkpt lat="52.1168740" lon="0.2190650">
    <ele>34.5</ele>
    <time>2025-09-11T07:44:25Z</time>
   </trkpt>
   <trkpt lat="52.1168950" lon="0.2190640">
    <ele>34.5</ele>
    <time>2025-09-11T07:44:27Z</time>
   </trkpt>
   <trkpt lat="52.1169060" lon="0.2190660">
    <ele>34.5</ele>
    <time>2025-09-11T07:44:28Z</time>
   </trkpt>
   <trkpt lat="52.1169180" lon="0.2190670">
    <ele>34.5</ele>
    <time>2025-09-11T07:44:29Z</time>
   </trkpt>
   <trkpt lat="52.1169400" lon="0.2190670">
    <ele>34.5</ele>
    <time>2025-09-11T07:44:30Z</time>
   </trkpt>
   <trkpt lat="52.1169500" lon="0.2190690">
    <ele>34.5</ele>
    <time>2025-09-11T07:44:31Z</time>
   </trkpt>
   <trkpt lat="52.1169610" lon="0.2190700">
    <ele>34.5</ele>
    <time>2025-09-11T07:44:32Z</time>
   </trkpt>
   <trkpt lat="52.1169770" lon="0.2190830">
    <ele>34.5</ele>
    <time>2025-09-11T07:44:33Z</time>
   </trkpt>
   <trkpt lat="52.1169850" lon="0.2190900">
    <ele>34.6</ele>
    <time>2025-09-11T07:44:34Z</time>
   </trkpt>
   <trkpt lat="52.1169940" lon="0.2190980">
    <ele>34.6</ele>
    <time>2025-09-11T07:44:35Z</time>
   </trkpt>
   <trkpt lat="52.1169950" lon="0.2191100">
    <ele>34.6</ele>
    <time>2025-09-11T07:44:36Z</time>
   </trkpt>
   <trkpt lat="52.1170090" lon="0.2191190">
    <ele>34.6</ele>
    <time>2025-09-11T07:44:37Z</time>
   </trkpt>
   <trkpt lat="52.1170190" lon="0.2191280">
    <ele>34.6</ele>
    <time>2025-09-11T07:44:38Z</time>
   </trkpt>
   <trkpt lat="52.1170370" lon="0.2191420">
    <ele>34.6</ele>
    <time>2025-09-11T07:44:39Z</time>
   </trkpt>
   <trkpt lat="52.1170430" lon="0.2191520">
    <ele>34.6</ele>
    <time>2025-09-11T07:44:40Z</time>
   </trkpt>
   <trkpt lat="52.1170510" lon="0.2191630">
    <ele>34.6</ele>
    <time>2025-09-11T07:44:41Z</time>
   </trkpt>
   <trkpt lat="52.1170700" lon="0.2191860">
    <ele>34.6</ele>
    <time>2025-09-11T07:44:42Z</time>
   </trkpt>
   <trkpt lat="52.1170980" lon="0.2191970">
    <ele>34.6</ele>
    <time>2025-09-11T07:44:43Z</time>
   </trkpt>
   <trkpt lat="52.1171050" lon="0.2192000">
    <ele>34.6</ele>
    <time>2025-09-11T07:44:44Z</time>
   </trkpt>
   <trkpt lat="52.1171270" lon="0.2192210">
    <ele>34.7</ele>
    <time>2025-09-11T07:44:45Z</time>
   </trkpt>
   <trkpt lat="52.1171370" lon="0.2192300">
    <ele>34.7</ele>
    <time>2025-09-11T07:44:46Z</time>
   </trkpt>
   <trkpt lat="52.1171460" lon="0.2192350">
    <ele>34.7</ele>
    <time>2025-09-11T07:44:47Z</time>
   </trkpt>
   <trkpt lat="52.1171600" lon="0.2192570">
    <ele>34.7</ele>
    <time>2025-09-11T07:44:48Z</time>
   </trkpt>
   <trkpt lat="52.1171730" lon="0.2192690">
    <ele>34.7</ele>
    <time>2025-09-11T07:44:49Z</time>
   </trkpt>
   <trkpt lat="52.1171930" lon="0.2192820">
    <ele>34.7</ele>
    <time>2025-09-11T07:44:50Z</time>
   </trkpt>
   <trkpt lat="52.1172110" lon="0.2192840">
    <ele>34.7</ele>
    <time>2025-09-11T07:44:51Z</time>
   </trkpt>
   <trkpt lat="52.1172270" lon="0.2192910">
    <ele>34.7</ele>
    <time>2025-09-11T07:44:52Z</time>
   </trkpt>
   <trkpt lat="52.1172580" lon="0.2192820">
    <ele>34.7</ele>
    <time>2025-09-11T07:44:53Z</time>
   </trkpt>
   <trkpt lat="52.1172700" lon="0.2192800">
    <ele>34.7</ele>
    <time>2025-09-11T07:44:54Z</time>
   </trkpt>
   <trkpt lat="52.1172780" lon="0.2192660">
    <ele>34.7</ele>
    <time>2025-09-11T07:44:55Z</time>
   </trkpt>
   <trkpt lat="52.1172960" lon="0.2192600">
    <ele>34.7</ele>
    <time>2025-09-11T07:44:56Z</time>
   </trkpt>
   <trkpt lat="52.1173190" lon="0.2192450">
    <ele>34.7</ele>
    <time>2025-09-11T07:44:57Z</time>
   </trkpt>
   <trkpt lat="52.1173310" lon="0.2192370">
    <ele>34.7</ele>
    <time>2025-09-11T07:44:58Z</time>
   </trkpt>
   <trkpt lat="52.1173430" lon="0.2192280">
    <ele>34.6</ele>
    <time>2025-09-11T07:44:59Z</time>
   </trkpt>
   <trkpt lat="52.1173570" lon="0.2192150">
    <ele>34.6</ele>
    <time>2025-09-11T07:45:00Z</time>
   </trkpt>
   <trkpt lat="52.1173690" lon="0.2192200">
    <ele>34.6</ele>
    <time>2025-09-11T07:45:01Z</time>
   </trkpt>
   <trkpt lat="52.1173790" lon="0.2192040">
    <ele>34.6</ele>
    <time>2025-09-11T07:45:02Z</time>
   </trkpt>
   <trkpt lat="52.1173930" lon="0.2191890">
    <ele>34.6</ele>
    <time>2025-09-11T07:45:03Z</time>
   </trkpt>
   <trkpt lat="52.1174040" lon="0.2191740">
    <ele>34.6</ele>
    <time>2025-09-11T07:45:04Z</time>
   </trkpt>
   <trkpt lat="52.1174200" lon="0.2191660">
    <ele>34.6</ele>
    <time>2025-09-11T07:45:05Z</time>
   </trkpt>
   <trkpt lat="52.1174300" lon="0.2191650">
    <ele>34.6</ele>
    <time>2025-09-11T07:45:06Z</time>
   </trkpt>
   <trkpt lat="52.1174410" lon="0.2191590">
    <ele>34.6</ele>
    <time>2025-09-11T07:45:07Z</time>
   </trkpt>
   <trkpt lat="52.1174490" lon="0.2191490">
    <ele>34.6</ele>
    <time>2025-09-11T07:45:08Z</time>
   </trkpt>
   <trkpt lat="52.1174700" lon="0.2191400">
    <ele>34.6</ele>
    <time>2025-09-11T07:45:09Z</time>
   </trkpt>
   <trkpt lat="52.1174830" lon="0.2191380">
    <ele>34.6</ele>
    <time>2025-09-11T07:45:10Z</time>
   </trkpt>
   <trkpt lat="52.1174950" lon="0.2191350">
    <ele>34.5</ele>
    <time>2025-09-11T07:45:11Z</time>
   </trkpt>
   <trkpt lat="52.1175140" lon="0.2191350">
    <ele>34.5</ele>
    <time>2025-09-11T07:45:12Z</time>
   </trkpt>
   <trkpt lat="52.1175310" lon="0.2191350">
    <ele>34.5</ele>
    <time>2025-09-11T07:45:13Z</time>
   </trkpt>
   <trkpt lat="52.1175620" lon="0.2191310">
    <ele>34.5</ele>
    <time>2025-09-11T07:45:14Z</time>
   </trkpt>
   <trkpt lat="52.1175690" lon="0.2191310">
    <ele>34.5</ele>
    <time>2025-09-11T07:45:15Z</time>
   </trkpt>
   <trkpt lat="52.1175990" lon="0.2191300">
    <ele>34.4</ele>
    <time>2025-09-11T07:45:16Z</time>
   </trkpt>
   <trkpt lat="52.1176080" lon="0.2191330">
    <ele>34.4</ele>
    <time>2025-09-11T07:45:17Z</time>
   </trkpt>
   <trkpt lat="52.1176240" lon="0.2191330">
    <ele>34.4</ele>
    <time>2025-09-11T07:45:18Z</time>
   </trkpt>
   <trkpt lat="52.1176440" lon="0.2191310">
    <ele>34.4</ele>
    <time>2025-09-11T07:45:19Z</time>
   </trkpt>
   <trkpt lat="52.1176590" lon="0.2191360">
    <ele>34.4</ele>
    <time>2025-09-11T07:45:20Z</time>
   </trkpt>
   <trkpt lat="52.1176730" lon="0.2191320">
    <ele>34.4</ele>
    <time>2025-09-11T07:45:21Z</time>
   </trkpt>
   <trkpt lat="52.1176920" lon="0.2191340">
    <ele>34.3</ele>
    <time>2025-09-11T07:45:22Z</time>
   </trkpt>
   <trkpt lat="52.1177080" lon="0.2191480">
    <ele>34.3</ele>
    <time>2025-09-11T07:45:23Z</time>
   </trkpt>
   <trkpt lat="52.1177240" lon="0.2191420">
    <ele>34.3</ele>
    <time>2025-09-11T07:45:24Z</time>
   </trkpt>
   <trkpt lat="52.1177390" lon="0.2191420">
    <ele>34.2</ele>
    <time>2025-09-11T07:45:25Z</time>
   </trkpt>
   <trkpt lat="52.1177540" lon="0.2191400">
    <ele>34.2</ele>
    <time>2025-09-11T07:45:26Z</time>
   </trkpt>
   <trkpt lat="52.1177720" lon="0.2191420">
    <ele>34.2</ele>
    <time>2025-09-11T07:45:27Z</time>
   </trkpt>
   <trkpt lat="52.1177880" lon="0.2191380">
    <ele>34.1</ele>
    <time>2025-09-11T07:45:28Z</time>
   </trkpt>
   <trkpt lat="52.1178060" lon="0.2191370">
    <ele>34.1</ele>
    <time>2025-09-11T07:45:29Z</time>
   </trkpt>
   <trkpt lat="52.1178220" lon="0.2191430">
    <ele>34.1</ele>
    <time>2025-09-11T07:45:30Z</time>
   </trkpt>
   <trkpt lat="52.1178400" lon="0.2191450">
    <ele>34.0</ele>
    <time>2025-09-11T07:45:31Z</time>
   </trkpt>
   <trkpt lat="52.1178530" lon="0.2191450">
    <ele>34.0</ele>
    <time>2025-09-11T07:45:32Z</time>
   </trkpt>
   <trkpt lat="52.1178700" lon="0.2191420">
    <ele>33.9</ele>
    <time>2025-09-11T07:45:33Z</time>
   </trkpt>
   <trkpt lat="52.1178900" lon="0.2191450">
    <ele>33.9</ele>
    <time>2025-09-11T07:45:34Z</time>
   </trkpt>
   <trkpt lat="52.1179030" lon="0.2191470">
    <ele>33.9</ele>
    <time>2025-09-11T07:45:35Z</time>
   </trkpt>
   <trkpt lat="52.1179250" lon="0.2191600">
    <ele>33.8</ele>
    <time>2025-09-11T07:45:36Z</time>
   </trkpt>
   <trkpt lat="52.1179380" lon="0.2191560">
    <ele>33.8</ele>
    <time>2025-09-11T07:45:37Z</time>
   </trkpt>
   <trkpt lat="52.1179550" lon="0.2191590">
    <ele>33.7</ele>
    <time>2025-09-11T07:45:38Z</time>
   </trkpt>
   <trkpt lat="52.1179730" lon="0.2191620">
    <ele>33.7</ele>
    <time>2025-09-11T07:45:39Z</time>
   </trkpt>
   <trkpt lat="52.1179870" lon="0.2191640">
    <ele>33.6</ele>
    <time>2025-09-11T07:45:40Z</time>
   </trkpt>
   <trkpt lat="52.1180070" lon="0.2191710">
    <ele>33.6</ele>
    <time>2025-09-11T07:45:41Z</time>
   </trkpt>
   <trkpt lat="52.1180190" lon="0.2191740">
    <ele>33.6</ele>
    <time>2025-09-11T07:45:42Z</time>
   </trkpt>
   <trkpt lat="52.1180370" lon="0.2191840">
    <ele>33.5</ele>
    <time>2025-09-11T07:45:43Z</time>
   </trkpt>
   <trkpt lat="52.1180550" lon="0.2191940">
    <ele>33.5</ele>
    <time>2025-09-11T07:45:44Z</time>
   </trkpt>
   <trkpt lat="52.1180660" lon="0.2191990">
    <ele>33.4</ele>
    <time>2025-09-11T07:45:45Z</time>
   </trkpt>
   <trkpt lat="52.1180830" lon="0.2192150">
    <ele>33.4</ele>
    <time>2025-09-11T07:45:46Z</time>
   </trkpt>
   <trkpt lat="52.1180950" lon="0.2192230">
    <ele>33.4</ele>
    <time>2025-09-11T07:45:47Z</time>
   </trkpt>
   <trkpt lat="52.1181100" lon="0.2192280">
    <ele>33.3</ele>
    <time>2025-09-11T07:45:48Z</time>
   </trkpt>
   <trkpt lat="52.1181220" lon="0.2192390">
    <ele>33.3</ele>
    <time>2025-09-11T07:45:49Z</time>
   </trkpt>
   <trkpt lat="52.1181360" lon="0.2192540">
    <ele>33.2</ele>
    <time>2025-09-11T07:45:50Z</time>
   </trkpt>
   <trkpt lat="52.1181490" lon="0.2192680">
    <ele>33.2</ele>
    <time>2025-09-11T07:45:51Z</time>
   </trkpt>
   <trkpt lat="52.1181680" lon="0.2193050">
    <ele>33.1</ele>
    <time>2025-09-11T07:45:52Z</time>
   </trkpt>
   <trkpt lat="52.1181730" lon="0.2193140">
    <ele>33.1</ele>
    <time>2025-09-11T07:45:53Z</time>
   </trkpt>
   <trkpt lat="52.1181830" lon="0.2193260">
    <ele>33.1</ele>
    <time>2025-09-11T07:45:54Z</time>
   </trkpt>
   <trkpt lat="52.1181930" lon="0.2193460">
    <ele>33.1</ele>
    <time>2025-09-11T07:45:55Z</time>
   </trkpt>
   <trkpt lat="52.1182000" lon="0.2193690">
    <ele>33.0</ele>
    <time>2025-09-11T07:45:56Z</time>
   </trkpt>
   <trkpt lat="52.1182120" lon="0.2193860">
    <ele>33.0</ele>
    <time>2025-09-11T07:45:57Z</time>
   </trkpt>
   <trkpt lat="52.1182250" lon="0.2194070">
    <ele>32.9</ele>
    <time>2025-09-11T07:45:58Z</time>
   </trkpt>
   <trkpt lat="52.1182330" lon="0.2194190">
    <ele>32.9</ele>
    <time>2025-09-11T07:45:59Z</time>
   </trkpt>
   <trkpt lat="52.1182470" lon="0.2194420">
    <ele>32.9</ele>
    <time>2025-09-11T07:46:00Z</time>
   </trkpt>
   <trkpt lat="52.1182580" lon="0.2194520">
    <ele>32.8</ele>
    <time>2025-09-11T07:46:01Z</time>
   </trkpt>
   <trkpt lat="52.1182760" lon="0.2194850">
    <ele>32.8</ele>
    <time>2025-09-11T07:46:02Z</time>
   </trkpt>
   <trkpt lat="52.1182820" lon="0.2194990">
    <ele>32.7</ele>
    <time>2025-09-11T07:46:03Z</time>
   </trkpt>
   <trkpt lat="52.1182910" lon="0.2195430">
    <ele>32.7</ele>
    <time>2025-09-11T07:46:04Z</time>
   </trkpt>
   <trkpt lat="52.1182930" lon="0.2195570">
    <ele>32.7</ele>
    <time>2025-09-11T07:46:05Z</time>
   </trkpt>
   <trkpt lat="52.1183050" lon="0.2195770">
    <ele>32.6</ele>
    <time>2025-09-11T07:46:06Z</time>
   </trkpt>
   <trkpt lat="52.1183120" lon="0.2195940">
    <ele>32.6</ele>
    <time>2025-09-11T07:46:07Z</time>
   </trkpt>
   <trkpt lat="52.1183240" lon="0.2196370">
    <ele>32.5</ele>
    <time>2025-09-11T07:46:08Z</time>
   </trkpt>
   <trkpt lat="52.1183260" lon="0.2196560">
    <ele>32.5</ele>
    <time>2025-09-11T07:46:09Z</time>
   </trkpt>
   <trkpt lat="52.1183350" lon="0.2196900">
    <ele>32.5</ele>
    <time>2025-09-11T07:46:10Z</time>
   </trkpt>
   <trkpt lat="52.1183390" lon="0.2197060">
    <ele>32.5</ele>
    <time>2025-09-11T07:46:11Z</time>
   </trkpt>
   <trkpt lat="52.1183430" lon="0.2197220">
    <ele>32.4</ele>
    <time>2025-09-11T07:46:12Z</time>
   </trkpt>
   <trkpt lat="52.1183490" lon="0.2197490">
    <ele>32.4</ele>
    <time>2025-09-11T07:46:13Z</time>
   </trkpt>
   <trkpt lat="52.1183520" lon="0.2197670">
    <ele>32.4</ele>
    <time>2025-09-11T07:46:14Z</time>
   </trkpt>
   <trkpt lat="52.1183570" lon="0.2197890">
    <ele>32.4</ele>
    <time>2025-09-11T07:46:15Z</time>
   </trkpt>
   <trkpt lat="52.1183620" lon="0.2198100">
    <ele>32.3</ele>
    <time>2025-09-11T07:46:16Z</time>
   </trkpt>
   <trkpt lat="52.1183640" lon="0.2198370">
    <ele>32.3</ele>
    <time>2025-09-11T07:46:17Z</time>
   </trkpt>
   <trkpt lat="52.1183640" lon="0.2198670">
    <ele>32.3</ele>
    <time>2025-09-11T07:46:18Z</time>
   </trkpt>
   <trkpt lat="52.1183650" lon="0.2198920">
    <ele>32.3</ele>
    <time>2025-09-11T07:46:19Z</time>
   </trkpt>
   <trkpt lat="52.1183680" lon="0.2199150">
    <ele>32.2</ele>
    <time>2025-09-11T07:46:20Z</time>
   </trkpt>
   <trkpt lat="52.1183700" lon="0.2199410">
    <ele>32.2</ele>
    <time>2025-09-11T07:46:21Z</time>
   </trkpt>
   <trkpt lat="52.1183730" lon="0.2199700">
    <ele>32.2</ele>
    <time>2025-09-11T07:46:22Z</time>
   </trkpt>
   <trkpt lat="52.1183760" lon="0.2199900">
    <ele>32.2</ele>
    <time>2025-09-11T07:46:23Z</time>
   </trkpt>
   <trkpt lat="52.1183780" lon="0.2200170">
    <ele>32.2</ele>
    <time>2025-09-11T07:46:24Z</time>
   </trkpt>
   <trkpt lat="52.1183810" lon="0.2200360">
    <ele>32.2</ele>
    <time>2025-09-11T07:46:25Z</time>
   </trkpt>
   <trkpt lat="52.1183840" lon="0.2200500">
    <ele>32.2</ele>
    <time>2025-09-11T07:46:26Z</time>
   </trkpt>
   <trkpt lat="52.1183900" lon="0.2200720">
    <ele>32.1</ele>
    <time>2025-09-11T07:46:27Z</time>
   </trkpt>
   <trkpt lat="52.1183950" lon="0.2201140">
    <ele>32.1</ele>
    <time>2025-09-11T07:46:28Z</time>
   </trkpt>
   <trkpt lat="52.1183960" lon="0.2201310">
    <ele>32.1</ele>
    <time>2025-09-11T07:46:29Z</time>
   </trkpt>
   <trkpt lat="52.1183970" lon="0.2201510">
    <ele>32.1</ele>
    <time>2025-09-11T07:46:30Z</time>
   </trkpt>
   <trkpt lat="52.1184050" lon="0.2201830">
    <ele>32.1</ele>
    <time>2025-09-11T07:46:31Z</time>
   </trkpt>
   <trkpt lat="52.1184050" lon="0.2202050">
    <ele>32.1</ele>
    <time>2025-09-11T07:46:33Z</time>
   </trkpt>
   <trkpt lat="52.1184050" lon="0.2202410">
    <ele>32.0</ele>
    <time>2025-09-11T07:46:34Z</time>
   </trkpt>
   <trkpt lat="52.1184080" lon="0.2202690">
    <ele>32.0</ele>
    <time>2025-09-11T07:46:35Z</time>
   </trkpt>
   <trkpt lat="52.1184090" lon="0.2202960">
    <ele>32.0</ele>
    <time>2025-09-11T07:46:36Z</time>
   </trkpt>
   <trkpt lat="52.1184050" lon="0.2203300">
    <ele>31.9</ele>
    <time>2025-09-11T07:46:37Z</time>
   </trkpt>
   <trkpt lat="52.1184070" lon="0.2203440">
    <ele>31.9</ele>
    <time>2025-09-11T07:46:38Z</time>
   </trkpt>
   <trkpt lat="52.1184180" lon="0.2203850">
    <ele>31.9</ele>
    <time>2025-09-11T07:46:39Z</time>
   </trkpt>
   <trkpt lat="52.1184220" lon="0.2204040">
    <ele>31.9</ele>
    <time>2025-09-11T07:46:40Z</time>
   </trkpt>
   <trkpt lat="52.1184220" lon="0.2204190">
    <ele>31.8</ele>
    <time>2025-09-11T07:46:41Z</time>
   </trkpt>
   <trkpt lat="52.1184290" lon="0.2204400">
    <ele>31.8</ele>
    <time>2025-09-11T07:46:42Z</time>
   </trkpt>
   <trkpt lat="52.1184340" lon="0.2204580">
    <ele>31.8</ele>
    <time>2025-09-11T07:46:43Z</time>
   </trkpt>
   <trkpt lat="52.1184390" lon="0.2204940">
    <ele>31.8</ele>
    <time>2025-09-11T07:46:44Z</time>
   </trkpt>
   <trkpt lat="52.1184400" lon="0.2205110">
    <ele>31.7</ele>
    <time>2025-09-11T07:46:45Z</time>
   </trkpt>
   <trkpt lat="52.1184410" lon="0.2205440">
    <ele>31.7</ele>
    <time>2025-09-11T07:46:46Z</time>
   </trkpt>
   <trkpt lat="52.1184440" lon="0.2205620">
    <ele>31.7</ele>
    <time>2025-09-11T07:46:47Z</time>
   </trkpt>
   <trkpt lat="52.1184570" lon="0.2206100">
    <ele>31.6</ele>
    <time>2025-09-11T07:46:48Z</time>
   </trkpt>
   <trkpt lat="52.1184590" lon="0.2206510">
    <ele>31.6</ele>
    <time>2025-09-11T07:46:49Z</time>
   </trkpt>
   <trkpt lat="52.1184590" lon="0.2206690">
    <ele>31.6</ele>
    <time>2025-09-11T07:46:50Z</time>
   </trkpt>
   <trkpt lat="52.1184620" lon="0.2206970">
    <ele>31.5</ele>
    <time>2025-09-11T07:46:51Z</time>
   </trkpt>
   <trkpt lat="52.1184670" lon="0.2207180">
    <ele>31.5</ele>
    <time>2025-09-11T07:46:52Z</time>
   </trkpt>
   <trkpt lat="52.1184650" lon="0.2207400">
    <ele>31.5</ele>
    <time>2025-09-11T07:46:53Z</time>
   </trkpt>
   <trkpt lat="52.1184710" lon="0.2207700">
    <ele>31.4</ele>
    <time>2025-09-11T07:46:54Z</time>
   </trkpt>
   <trkpt lat="52.1184750" lon="0.2207850">
    <ele>31.4</ele>
    <time>2025-09-11T07:46:55Z</time>
   </trkpt>
   <trkpt lat="52.1184740" lon="0.2208230">
    <ele>31.4</ele>
    <time>2025-09-11T07:46:56Z</time>
   </trkpt>
   <trkpt lat="52.1184780" lon="0.2208350">
    <ele>31.4</ele>
    <time>2025-09-11T07:46:57Z</time>
   </trkpt>
   <trkpt lat="52.1184860" lon="0.2208530">
    <ele>31.3</ele>
    <time>2025-09-11T07:46:58Z</time>
   </trkpt>
   <trkpt lat="52.1184880" lon="0.2208780">
    <ele>31.3</ele>
    <time>2025-09-11T07:46:59Z</time>
   </trkpt>
   <trkpt lat="52.1184910" lon="0.2209140">
    <ele>31.3</ele>
    <time>2025-09-11T07:47:00Z</time>
   </trkpt>
   <trkpt lat="52.1184940" lon="0.2209310">
    <ele>31.3</ele>
    <time>2025-09-11T07:47:01Z</time>
   </trkpt>
   <trkpt lat="52.1184960" lon="0.2209480">
    <ele>31.2</ele>
    <time>2025-09-11T07:47:02Z</time>
   </trkpt>
   <trkpt lat="52.1184970" lon="0.2209910">
    <ele>31.2</ele>
    <time>2025-09-11T07:47:03Z</time>
   </trkpt>
   <trkpt lat="52.1185000" lon="0.2210070">
    <ele>31.2</ele>
    <time>2025-09-11T07:47:04Z</time>
   </trkpt>
   <trkpt lat="52.1185030" lon="0.2210280">
    <ele>31.1</ele>
    <time>2025-09-11T07:47:05Z</time>
   </trkpt>
   <trkpt lat="52.1185050" lon="0.2210620">
    <ele>31.1</ele>
    <time>2025-09-11T07:47:06Z</time>
   </trkpt>
   <trkpt lat="52.1185070" lon="0.2210970">
    <ele>31.1</ele>
    <time>2025-09-11T07:47:07Z</time>
   </trkpt>
   <trkpt lat="52.1185070" lon="0.2211110">
    <ele>31.0</ele>
    <time>2025-09-11T07:47:08Z</time>
   </trkpt>
   <trkpt lat="52.1185080" lon="0.2211260">
    <ele>31.0</ele>
    <time>2025-09-11T07:47:09Z</time>
   </trkpt>
   <trkpt lat="52.1185160" lon="0.2211730">
    <ele>31.0</ele>
    <time>2025-09-11T07:47:10Z</time>
   </trkpt>
   <trkpt lat="52.1185200" lon="0.2211960">
    <ele>30.9</ele>
    <time>2025-09-11T07:47:11Z</time>
   </trkpt>
   <trkpt lat="52.1185200" lon="0.2212280">
    <ele>30.9</ele>
    <time>2025-09-11T07:47:12Z</time>
   </trkpt>
   <trkpt lat="52.1185220" lon="0.2212440">
    <ele>30.9</ele>
    <time>2025-09-11T07:47:13Z</time>
   </trkpt>
   <trkpt lat="52.1185230" lon="0.2212600">
    <ele>30.9</ele>
    <time>2025-09-11T07:47:14Z</time>
   </trkpt>
   <trkpt lat="52.1185240" lon="0.2213030">
    <ele>30.8</ele>
    <time>2025-09-11T07:47:15Z</time>
   </trkpt>
   <trkpt lat="52.1185260" lon="0.2213220">
    <ele>30.8</ele>
    <time>2025-09-11T07:47:16Z</time>
   </trkpt>
   <trkpt lat="52.1185300" lon="0.2213570">
    <ele>30.8</ele>
    <time>2025-09-11T07:47:17Z</time>
   </trkpt>
   <trkpt lat="52.1185320" lon="0.2213750">
    <ele>30.7</ele>
    <time>2025-09-11T07:47:18Z</time>
   </trkpt>
   <trkpt lat="52.1185340" lon="0.2213940">
    <ele>30.7</ele>
    <time>2025-09-11T07:47:19Z</time>
   </trkpt>
   <trkpt lat="52.1185360" lon="0.2214130">
    <ele>30.7</ele>
    <time>2025-09-11T07:47:20Z</time>
   </trkpt>
   <trkpt lat="52.1185360" lon="0.2214440">
    <ele>30.7</ele>
    <time>2025-09-11T07:47:21Z</time>
   </trkpt>
   <trkpt lat="52.1185390" lon="0.2214880">
    <ele>30.6</ele>
    <time>2025-09-11T07:47:22Z</time>
   </trkpt>
   <trkpt lat="52.1185380" lon="0.2215140">
    <ele>30.6</ele>
    <time>2025-09-11T07:47:23Z</time>
   </trkpt>
   <trkpt lat="52.1185460" lon="0.2215280">
    <ele>30.6</ele>
    <time>2025-09-11T07:47:24Z</time>
   </trkpt>
   <trkpt lat="52.1185550" lon="0.2215490">
    <ele>30.6</ele>
    <time>2025-09-11T07:47:25Z</time>
   </trkpt>
   <trkpt lat="52.1185660" lon="0.2215750">
    <ele>30.5</ele>
    <time>2025-09-11T07:47:26Z</time>
   </trkpt>
   <trkpt lat="52.1185710" lon="0.2215900">
    <ele>30.5</ele>
    <time>2025-09-11T07:47:27Z</time>
   </trkpt>
   <trkpt lat="52.1185750" lon="0.2216040">
    <ele>30.5</ele>
    <time>2025-09-11T07:47:28Z</time>
   </trkpt>
   <trkpt lat="52.1185710" lon="0.2216290">
    <ele>30.4</ele>
    <time>2025-09-11T07:47:29Z</time>
   </trkpt>
   <trkpt lat="52.1185820" lon="0.2216520">
    <ele>30.4</ele>
    <time>2025-09-11T07:47:30Z</time>
   </trkpt>
   <trkpt lat="52.1185900" lon="0.2216930">
    <ele>30.4</ele>
    <time>2025-09-11T07:47:31Z</time>
   </trkpt>
   <trkpt lat="52.1185930" lon="0.2217100">
    <ele>30.3</ele>
    <time>2025-09-11T07:47:32Z</time>
   </trkpt>
   <trkpt lat="52.1185930" lon="0.2217360">
    <ele>30.3</ele>
    <time>2025-09-11T07:47:33Z</time>
   </trkpt>
   <trkpt lat="52.1185980" lon="0.2217560">
    <ele>30.3</ele>
    <time>2025-09-11T07:47:34Z</time>
   </trkpt>
   <trkpt lat="52.1186060" lon="0.2217950">
    <ele>30.2</ele>
    <time>2025-09-11T07:47:35Z</time>
   </trkpt>
   <trkpt lat="52.1186100" lon="0.2218120">
    <ele>30.2</ele>
    <time>2025-09-11T07:47:36Z</time>
   </trkpt>
   <trkpt lat="52.1186180" lon="0.2218360">
    <ele>30.1</ele>
    <time>2025-09-11T07:47:37Z</time>
   </trkpt>
   <trkpt lat="52.1186250" lon="0.2218610">
    <ele>30.1</ele>
    <time>2025-09-11T07:47:38Z</time>
   </trkpt>
   <trkpt lat="52.1186440" lon="0.2218940">
    <ele>30.0</ele>
    <time>2025-09-11T07:47:39Z</time>
   </trkpt>
   <trkpt lat="52.1186500" lon="0.2219070">
    <ele>30.0</ele>
    <time>2025-09-11T07:47:40Z</time>
   </trkpt>
   <trkpt lat="52.1186510" lon="0.2219340">
    <ele>30.0</ele>
    <time>2025-09-11T07:47:41Z</time>
   </trkpt>
   <trkpt lat="52.1186580" lon="0.2219570">
    <ele>29.9</ele>
    <time>2025-09-11T07:47:42Z</time>
   </trkpt>
   <trkpt lat="52.1186530" lon="0.2219840">
    <ele>29.9</ele>
    <time>2025-09-11T07:47:43Z</time>
   </trkpt>
   <trkpt lat="52.1186520" lon="0.2220090">
    <ele>29.9</ele>
    <time>2025-09-11T07:47:44Z</time>
   </trkpt>
   <trkpt lat="52.1186450" lon="0.2220400">
    <ele>29.8</ele>
    <time>2025-09-11T07:47:45Z</time>
   </trkpt>
   <trkpt lat="52.1186520" lon="0.2220660">
    <ele>29.8</ele>
    <time>2025-09-11T07:47:46Z</time>
   </trkpt>
   <trkpt lat="52.1186500" lon="0.2220890">
    <ele>29.8</ele>
    <time>2025-09-11T07:47:47Z</time>
   </trkpt>
   <trkpt lat="52.1186520" lon="0.2221170">
    <ele>29.8</ele>
    <time>2025-09-11T07:47:48Z</time>
   </trkpt>
   <trkpt lat="52.1186500" lon="0.2221410">
    <ele>29.7</ele>
    <time>2025-09-11T07:47:49Z</time>
   </trkpt>
   <trkpt lat="52.1186510" lon="0.2221700">
    <ele>29.7</ele>
    <time>2025-09-11T07:47:50Z</time>
   </trkpt>
   <trkpt lat="52.1186540" lon="0.2221940">
    <ele>29.7</ele>
    <time>2025-09-11T07:47:51Z</time>
   </trkpt>
   <trkpt lat="52.1186540" lon="0.2222140">
    <ele>29.6</ele>
    <time>2025-09-11T07:47:52Z</time>
   </trkpt>
   <trkpt lat="52.1186550" lon="0.2222500">
    <ele>29.6</ele>
    <time>2025-09-11T07:47:53Z</time>
   </trkpt>
   <trkpt lat="52.1186600" lon="0.2222670">
    <ele>29.6</ele>
    <time>2025-09-11T07:47:54Z</time>
   </trkpt>
   <trkpt lat="52.1186660" lon="0.2222830">
    <ele>29.6</ele>
    <time>2025-09-11T07:47:55Z</time>
   </trkpt>
   <trkpt lat="52.1186570" lon="0.2223150">
    <ele>29.6</ele>
    <time>2025-09-11T07:47:56Z</time>
   </trkpt>
   <trkpt lat="52.1186680" lon="0.2223370">
    <ele>29.5</ele>
    <time>2025-09-11T07:47:57Z</time>
   </trkpt>
   <trkpt lat="52.1186730" lon="0.2223640">
    <ele>29.5</ele>
    <time>2025-09-11T07:47:58Z</time>
   </trkpt>
   <trkpt lat="52.1186720" lon="0.2223870">
    <ele>29.5</ele>
    <time>2025-09-11T07:47:59Z</time>
   </trkpt>
   <trkpt lat="52.1186720" lon="0.2224360">
    <ele>29.5</ele>
    <time>2025-09-11T07:48:00Z</time>
   </trkpt>
   <trkpt lat="52.1186720" lon="0.2224520">
    <ele>29.4</ele>
    <time>2025-09-11T07:48:01Z</time>
   </trkpt>
   <trkpt lat="52.1186790" lon="0.2224850">
    <ele>29.4</ele>
    <time>2025-09-11T07:48:02Z</time>
   </trkpt>
   <trkpt lat="52.1186810" lon="0.2225040">
    <ele>29.4</ele>
    <time>2025-09-11T07:48:03Z</time>
   </trkpt>
   <trkpt lat="52.1186830" lon="0.2225240">
    <ele>29.4</ele>
    <time>2025-09-11T07:48:04Z</time>
   </trkpt>
   <trkpt lat="52.1186830" lon="0.2225430">
    <ele>29.4</ele>
    <time>2025-09-11T07:48:05Z</time>
   </trkpt>
   <trkpt lat="52.1186820" lon="0.2225680">
    <ele>29.4</ele>
    <time>2025-09-11T07:48:06Z</time>
   </trkpt>
   <trkpt lat="52.1186850" lon="0.2225950">
    <ele>29.4</ele>
    <time>2025-09-11T07:48:07Z</time>
   </trkpt>
   <trkpt lat="52.1186950" lon="0.2226200">
    <ele>29.4</ele>
    <time>2025-09-11T07:48:08Z</time>
   </trkpt>
   <trkpt lat="52.1186950" lon="0.2226380">
    <ele>29.3</ele>
    <time>2025-09-11T07:48:09Z</time>
   </trkpt>
   <trkpt lat="52.1186990" lon="0.2226690">
    <ele>29.3</ele>
    <time>2025-09-11T07:48:10Z</time>
   </trkpt>
   <trkpt lat="52.1187050" lon="0.2227040">
    <ele>29.3</ele>
    <time>2025-09-11T07:48:11Z</time>
   </trkpt>
   <trkpt lat="52.1187070" lon="0.2227240">
    <ele>29.3</ele>
    <time>2025-09-11T07:48:12Z</time>
   </trkpt>
   <trkpt lat="52.1187100" lon="0.2227440">
    <ele>29.3</ele>
    <time>2025-09-11T07:48:13Z</time>
   </trkpt>
   <trkpt lat="52.1187200" lon="0.2227690">
    <ele>29.3</ele>
    <time>2025-09-11T07:48:14Z</time>
   </trkpt>
   <trkpt lat="52.1187240" lon="0.2227830">
    <ele>29.3</ele>
    <time>2025-09-11T07:48:15Z</time>
   </trkpt>
   <trkpt lat="52.1187280" lon="0.2227970">
    <ele>29.3</ele>
    <time>2025-09-11T07:48:16Z</time>
   </trkpt>
   <trkpt lat="52.1187320" lon="0.2228140">
    <ele>29.3</ele>
    <time>2025-09-11T07:48:17Z</time>
   </trkpt>
   <trkpt lat="52.1187400" lon="0.2228290">
    <ele>29.3</ele>
    <time>2025-09-11T07:48:18Z</time>
   </trkpt>
   <trkpt lat="52.1187440" lon="0.2228450">
    <ele>29.3</ele>
    <time>2025-09-11T07:48:19Z</time>
   </trkpt>
   <trkpt lat="52.1187560" lon="0.2228700">
    <ele>29.2</ele>
    <time>2025-09-11T07:48:20Z</time>
   </trkpt>
   <trkpt lat="52.1187620" lon="0.2228810">
    <ele>29.2</ele>
    <time>2025-09-11T07:48:21Z</time>
   </trkpt>
   <trkpt lat="52.1187680" lon="0.2228920">
    <ele>29.2</ele>
    <time>2025-09-11T07:48:22Z</time>
   </trkpt>
   <trkpt lat="52.1187810" lon="0.2229260">
    <ele>29.2</ele>
    <time>2025-09-11T07:48:23Z</time>
   </trkpt>
   <trkpt lat="52.1187830" lon="0.2229440">
    <ele>29.2</ele>
    <time>2025-09-11T07:48:24Z</time>
   </trkpt>
   <trkpt lat="52.1187860" lon="0.2229620">
    <ele>29.2</ele>
    <time>2025-09-11T07:48:25Z</time>
   </trkpt>
   <trkpt lat="52.1187870" lon="0.2229870">
    <ele>29.2</ele>
    <time>2025-09-11T07:48:26Z</time>
   </trkpt>
   <trkpt lat="52.1187900" lon="0.2230100">
    <ele>29.2</ele>
    <time>2025-09-11T07:48:27Z</time>
   </trkpt>
   <trkpt lat="52.1187930" lon="0.2230280">
    <ele>29.2</ele>
    <time>2025-09-11T07:48:28Z</time>
   </trkpt>
   <trkpt lat="52.1187980" lon="0.2230540">
    <ele>29.2</ele>
    <time>2025-09-11T07:48:29Z</time>
   </trkpt>
   <trkpt lat="52.1188060" lon="0.2230700">
    <ele>29.2</ele>
    <time>2025-09-11T07:48:30Z</time>
   </trkpt>
   <trkpt lat="52.1188120" lon="0.2230960">
    <ele>29.1</ele>
    <time>2025-09-11T07:48:31Z</time>
   </trkpt>
   <trkpt lat="52.1188130" lon="0.2231210">
    <ele>29.1</ele>
    <time>2025-09-11T07:48:32Z</time>
   </trkpt>
   <trkpt lat="52.1188190" lon="0.2231460">
    <ele>29.1</ele>
    <time>2025-09-11T07:48:33Z</time>
   </trkpt>
   <trkpt lat="52.1188320" lon="0.2231810">
    <ele>29.1</ele>
    <time>2025-09-11T07:48:34Z</time>
   </trkpt>
   <trkpt lat="52.1188360" lon="0.2232000">
    <ele>29.1</ele>
    <time>2025-09-11T07:48:35Z</time>
   </trkpt>
   <trkpt lat="52.1188380" lon="0.2232130">
    <ele>29.1</ele>
    <time>2025-09-11T07:48:36Z</time>
   </trkpt>
   <trkpt lat="52.1188450" lon="0.2232320">
    <ele>29.1</ele>
    <time>2025-09-11T07:48:37Z</time>
   </trkpt>
   <trkpt lat="52.1188520" lon="0.2232450">
    <ele>29.1</ele>
    <time>2025-09-11T07:48:38Z</time>
   </trkpt>
   <trkpt lat="52.1188630" lon="0.2232950">
    <ele>29.1</ele>
    <time>2025-09-11T07:48:39Z</time>
   </trkpt>
   <trkpt lat="52.1188660" lon="0.2233080">
    <ele>29.1</ele>
    <time>2025-09-11T07:48:40Z</time>
   </trkpt>
   <trkpt lat="52.1188650" lon="0.2233410">
    <ele>29.1</ele>
    <time>2025-09-11T07:48:41Z</time>
   </trkpt>
   <trkpt lat="52.1188700" lon="0.2233610">
    <ele>29.1</ele>
    <time>2025-09-11T07:48:42Z</time>
   </trkpt>
   <trkpt lat="52.1188740" lon="0.2233590">
    <ele>29.1</ele>
    <time>2025-09-11T07:48:43Z</time>
   </trkpt>
   <trkpt lat="52.1188800" lon="0.2233810">
    <ele>29.1</ele>
    <time>2025-09-11T07:48:44Z</time>
   </trkpt>
   <trkpt lat="52.1188840" lon="0.2234020">
    <ele>29.1</ele>
    <time>2025-09-11T07:48:45Z</time>
   </trkpt>
   <trkpt lat="52.1188860" lon="0.2234450">
    <ele>29.1</ele>
    <time>2025-09-11T07:48:46Z</time>
   </trkpt>
   <trkpt lat="52.1188940" lon="0.2234570">
    <ele>29.1</ele>
    <time>2025-09-11T07:48:47Z</time>
   </trkpt>
   <trkpt lat="52.1188980" lon="0.2234830">
    <ele>29.1</ele>
    <time>2025-09-11T07:48:48Z</time>
   </trkpt>
   <trkpt lat="52.1189030" lon="0.2235000">
    <ele>29.1</ele>
    <time>2025-09-11T07:48:49Z</time>
   </trkpt>
   <trkpt lat="52.1188850" lon="0.2235350">
    <ele>29.1</ele>
    <time>2025-09-11T07:48:50Z</time>
   </trkpt>
   <trkpt lat="52.1188770" lon="0.2235450">
    <ele>29.1</ele>
    <time>2025-09-11T07:48:51Z</time>
   </trkpt>
   <trkpt lat="52.1188600" lon="0.2235500">
    <ele>28.8</ele>
    <time>2025-09-11T07:48:52Z</time>
   </trkpt>
   <trkpt lat="52.1188450" lon="0.2235530">
    <ele>28.8</ele>
    <time>2025-09-11T07:48:53Z</time>
   </trkpt>
   <trkpt lat="52.1188290" lon="0.2235640">
    <ele>28.7</ele>
    <time>2025-09-11T07:48:54Z</time>
   </trkpt>
   <trkpt lat="52.1188130" lon="0.2235730">
    <ele>28.6</ele>
    <time>2025-09-11T07:48:55Z</time>
   </trkpt>
   <trkpt lat="52.1187920" lon="0.2235900">
    <ele>28.5</ele>
    <time>2025-09-11T07:48:56Z</time>
   </trkpt>
   <trkpt lat="52.1187830" lon="0.2235960">
    <ele>28.6</ele>
    <time>2025-09-11T07:48:57Z</time>
   </trkpt>
   <trkpt lat="52.1187740" lon="0.2236020">
    <ele>28.5</ele>
    <time>2025-09-11T07:48:58Z</time>
   </trkpt>
   <trkpt lat="52.1187580" lon="0.2236160">
    <ele>28.6</ele>
    <time>2025-09-11T07:48:59Z</time>
   </trkpt>
   <trkpt lat="52.1187490" lon="0.2236150">
    <ele>28.6</ele>
    <time>2025-09-11T07:49:00Z</time>
   </trkpt>
   <trkpt lat="52.1187400" lon="0.2236140">
    <ele>28.6</ele>
    <time>2025-09-11T07:49:01Z</time>
   </trkpt>
   <trkpt lat="52.1187310" lon="0.2236120">
    <ele>28.7</ele>
    <time>2025-09-11T07:49:02Z</time>
   </trkpt>
   <trkpt lat="52.1187220" lon="0.2236110">
    <ele>28.7</ele>
    <time>2025-09-11T07:49:03Z</time>
   </trkpt>
   <trkpt lat="52.1187130" lon="0.2236100">
    <ele>28.6</ele>
    <time>2025-09-11T07:49:04Z</time>
   </trkpt>
   <trkpt lat="52.1187040" lon="0.2236090">
    <ele>28.7</ele>
    <time>2025-09-11T07:49:05Z</time>
   </trkpt>
   <trkpt lat="52.1186820" lon="0.2236030">
    <ele>28.7</ele>
    <time>2025-09-11T07:49:06Z</time>
   </trkpt>
   <trkpt lat="52.1186730" lon="0.2236020">
    <ele>28.7</ele>
    <time>2025-09-11T07:49:07Z</time>
   </trkpt>
   <trkpt lat="52.1186520" lon="0.2236230">
    <ele>28.7</ele>
    <time>2025-09-11T07:49:08Z</time>
   </trkpt>
   <trkpt lat="52.1186450" lon="0.2236300">
    <ele>28.7</ele>
    <time>2025-09-11T07:49:09Z</time>
   </trkpt>
   <trkpt lat="52.1186370" lon="0.2236360">
    <ele>28.6</ele>
    <time>2025-09-11T07:49:10Z</time>
   </trkpt>
   <trkpt lat="52.1186240" lon="0.2236470">
    <ele>28.6</ele>
    <time>2025-09-11T07:49:11Z</time>
   </trkpt>
   <trkpt lat="52.1186150" lon="0.2236640">
    <ele>28.6</ele>
    <time>2025-09-11T07:49:12Z</time>
   </trkpt>
   <trkpt lat="52.1186040" lon="0.2236750">
    <ele>28.5</ele>
    <time>2025-09-11T07:49:13Z</time>
   </trkpt>
   <trkpt lat="52.1185840" lon="0.2236750">
    <ele>28.5</ele>
    <time>2025-09-11T07:49:14Z</time>
   </trkpt>
   <trkpt lat="52.1185730" lon="0.2236720">
    <ele>28.5</ele>
    <time>2025-09-11T07:49:15Z</time>
   </trkpt>
   <trkpt lat="52.1185570" lon="0.2236700">
    <ele>28.5</ele>
    <time>2025-09-11T07:49:16Z</time>
   </trkpt>
   <trkpt lat="52.1185480" lon="0.2236540">
    <ele>28.5</ele>
    <time>2025-09-11T07:49:17Z</time>
   </trkpt>
   <trkpt lat="52.1185430" lon="0.2236460">
    <ele>28.5</ele>
    <time>2025-09-11T07:49:18Z</time>
   </trkpt>
   <trkpt lat="52.1185280" lon="0.2236370">
    <ele>28.5</ele>
    <time>2025-09-11T07:49:19Z</time>
   </trkpt>
   <trkpt lat="52.1185080" lon="0.2236310">
    <ele>28.5</ele>
    <time>2025-09-11T07:49:20Z</time>
   </trkpt>
   <trkpt lat="52.1184950" lon="0.2236300">
    <ele>28.5</ele>
    <time>2025-09-11T07:49:21Z</time>
   </trkpt>
   <trkpt lat="52.1184810" lon="0.2236320">
    <ele>28.5</ele>
    <time>2025-09-11T07:49:22Z</time>
   </trkpt>
   <trkpt lat="52.1184630" lon="0.2236280">
    <ele>28.5</ele>
    <time>2025-09-11T07:49:23Z</time>
   </trkpt>
   <trkpt lat="52.1184470" lon="0.2236290">
    <ele>28.5</ele>
    <time>2025-09-11T07:49:24Z</time>
   </trkpt>
   <trkpt lat="52.1184330" lon="0.2236280">
    <ele>28.5</ele>
    <time>2025-09-11T07:49:25Z</time>
   </trkpt>
   <trkpt lat="52.1184220" lon="0.2236260">
    <ele>28.5</ele>
    <time>2025-09-11T07:49:26Z</time>
   </trkpt>
   <trkpt lat="52.1184130" lon="0.2236230">
    <ele>28.5</ele>
    <time>2025-09-11T07:49:27Z</time>
   </trkpt>
   <trkpt lat="52.1184030" lon="0.2236190">
    <ele>28.5</ele>
    <time>2025-09-11T07:49:28Z</time>
   </trkpt>
   <trkpt lat="52.1183940" lon="0.2236160">
    <ele>28.5</ele>
    <time>2025-09-11T07:49:29Z</time>
   </trkpt>
   <trkpt lat="52.1183760" lon="0.2236410">
    <ele>28.5</ele>
    <time>2025-09-11T07:49:30Z</time>
   </trkpt>
   <trkpt lat="52.1183670" lon="0.2236470">
    <ele>28.5</ele>
    <time>2025-09-11T07:49:31Z</time>
   </trkpt>
   <trkpt lat="52.1183590" lon="0.2236540">
    <ele>28.5</ele>
    <time>2025-09-11T07:49:32Z</time>
   </trkpt>
   <trkpt lat="52.1183370" lon="0.2236640">
    <ele>28.5</ele>
    <time>2025-09-11T07:49:33Z</time>
   </trkpt>
   <trkpt lat="52.1183260" lon="0.2236660">
    <ele>28.5</ele>
    <time>2025-09-11T07:49:34Z</time>
   </trkpt>
   <trkpt lat="52.1183150" lon="0.2236680">
    <ele>28.5</ele>
    <time>2025-09-11T07:49:35Z</time>
   </trkpt>
   <trkpt lat="52.1183020" lon="0.2236740">
    <ele>28.5</ele>
    <time>2025-09-11T07:49:36Z</time>
   </trkpt>
   <trkpt lat="52.1182890" lon="0.2236860">
    <ele>28.5</ele>
    <time>2025-09-11T07:49:37Z</time>
   </trkpt>
   <trkpt lat="52.1182690" lon="0.2237040">
    <ele>28.5</ele>
    <time>2025-09-11T07:49:38Z</time>
   </trkpt>
   <trkpt lat="52.1182570" lon="0.2237100">
    <ele>28.6</ele>
    <time>2025-09-11T07:49:39Z</time>
   </trkpt>
   <trkpt lat="52.1182410" lon="0.2237170">
    <ele>28.6</ele>
    <time>2025-09-11T07:49:40Z</time>
   </trkpt>
   <trkpt lat="52.1182290" lon="0.2237220">
    <ele>28.6</ele>
    <time>2025-09-11T07:49:41Z</time>
   </trkpt>
   <trkpt lat="52.1182100" lon="0.2237350">
    <ele>28.6</ele>
    <time>2025-09-11T07:49:42Z</time>
   </trkpt>
   <trkpt lat="52.1182010" lon="0.2237400">
    <ele>28.6</ele>
    <time>2025-09-11T07:49:43Z</time>
   </trkpt>
   <trkpt lat="52.1181930" lon="0.2237460">
    <ele>28.6</ele>
    <time>2025-09-11T07:49:44Z</time>
   </trkpt>
   <trkpt lat="52.1181810" lon="0.2237580">
    <ele>28.6</ele>
    <time>2025-09-11T07:49:45Z</time>
   </trkpt>
   <trkpt lat="52.1181660" lon="0.2237690">
    <ele>28.6</ele>
    <time>2025-09-11T07:49:46Z</time>
   </trkpt>
   <trkpt lat="52.1181520" lon="0.2237790">
    <ele>28.6</ele>
    <time>2025-09-11T07:49:47Z</time>
   </trkpt>
   <trkpt lat="52.1181390" lon="0.2238010">
    <ele>28.6</ele>
    <time>2025-09-11T07:49:48Z</time>
   </trkpt>
   <trkpt lat="52.1181200" lon="0.2238330">
    <ele>28.7</ele>
    <time>2025-09-11T07:49:49Z</time>
   </trkpt>
   <trkpt lat="52.1181120" lon="0.2238420">
    <ele>28.7</ele>
    <time>2025-09-11T07:49:50Z</time>
   </trkpt>
   <trkpt lat="52.1180990" lon="0.2238640">
    <ele>28.7</ele>
    <time>2025-09-11T07:49:51Z</time>
   </trkpt>
   <trkpt lat="52.1180870" lon="0.2238790">
    <ele>28.7</ele>
    <time>2025-09-11T07:49:52Z</time>
   </trkpt>
   <trkpt lat="52.1180760" lon="0.2238970">
    <ele>28.7</ele>
    <time>2025-09-11T07:49:53Z</time>
   </trkpt>
   <trkpt lat="52.1180660" lon="0.2239160">
    <ele>28.7</ele>
    <time>2025-09-11T07:49:54Z</time>
   </trkpt>
   <trkpt lat="52.1180520" lon="0.2239370">
    <ele>28.7</ele>
    <time>2025-09-11T07:49:55Z</time>
   </trkpt>
   <trkpt lat="52.1180420" lon="0.2239580">
    <ele>28.7</ele>
    <time>2025-09-11T07:49:56Z</time>
   </trkpt>
   <trkpt lat="52.1180350" lon="0.2239870">
    <ele>28.7</ele>
    <time>2025-09-11T07:49:57Z</time>
   </trkpt>
   <trkpt lat="52.1180270" lon="0.2240080">
    <ele>28.7</ele>
    <time>2025-09-11T07:49:58Z</time>
   </trkpt>
   <trkpt lat="52.1180150" lon="0.2240190">
    <ele>28.7</ele>
    <time>2025-09-11T07:49:59Z</time>
   </trkpt>
   <trkpt lat="52.1180030" lon="0.2240350">
    <ele>28.8</ele>
    <time>2025-09-11T07:50:00Z</time>
   </trkpt>
   <trkpt lat="52.1179920" lon="0.2240550">
    <ele>28.8</ele>
    <time>2025-09-11T07:50:01Z</time>
   </trkpt>
   <trkpt lat="52.1179820" lon="0.2240770">
    <ele>28.8</ele>
    <time>2025-09-11T07:50:02Z</time>
   </trkpt>
   <trkpt lat="52.1179730" lon="0.2240970">
    <ele>28.8</ele>
    <time>2025-09-11T07:50:03Z</time>
   </trkpt>
   <trkpt lat="52.1179580" lon="0.2241160">
    <ele>28.8</ele>
    <time>2025-09-11T07:50:04Z</time>
   </trkpt>
   <trkpt lat="52.1179430" lon="0.2241230">
    <ele>28.8</ele>
    <time>2025-09-11T07:50:05Z</time>
   </trkpt>
   <trkpt lat="52.1179290" lon="0.2241320">
    <ele>28.8</ele>
    <time>2025-09-11T07:50:06Z</time>
   </trkpt>
   <trkpt lat="52.1179140" lon="0.2241330">
    <ele>28.8</ele>
    <time>2025-09-11T07:50:07Z</time>
   </trkpt>
   <trkpt lat="52.1178990" lon="0.2241430">
    <ele>28.8</ele>
    <time>2025-09-11T07:50:08Z</time>
   </trkpt>
   <trkpt lat="52.1178860" lon="0.2241590">
    <ele>28.8</ele>
    <time>2025-09-11T07:50:09Z</time>
   </trkpt>
   <trkpt lat="52.1178740" lon="0.2241760">
    <ele>28.8</ele>
    <time>2025-09-11T07:50:10Z</time>
   </trkpt>
   <trkpt lat="52.1178620" lon="0.2241870">
    <ele>28.9</ele>
    <time>2025-09-11T07:50:11Z</time>
   </trkpt>
   <trkpt lat="52.1178490" lon="0.2242030">
    <ele>28.9</ele>
    <time>2025-09-11T07:50:12Z</time>
   </trkpt>
   <trkpt lat="52.1178380" lon="0.2242230">
    <ele>28.9</ele>
    <time>2025-09-11T07:50:13Z</time>
   </trkpt>
   <trkpt lat="52.1178280" lon="0.2242400">
    <ele>28.9</ele>
    <time>2025-09-11T07:50:14Z</time>
   </trkpt>
   <trkpt lat="52.1178120" lon="0.2242480">
    <ele>28.9</ele>
    <time>2025-09-11T07:50:15Z</time>
   </trkpt>
   <trkpt lat="52.1177990" lon="0.2242640">
    <ele>28.9</ele>
    <time>2025-09-11T07:50:16Z</time>
   </trkpt>
   <trkpt lat="52.1177900" lon="0.2242840">
    <ele>28.9</ele>
    <time>2025-09-11T07:50:17Z</time>
   </trkpt>
   <trkpt lat="52.1177750" lon="0.2242920">
    <ele>28.9</ele>
    <time>2025-09-11T07:50:18Z</time>
   </trkpt>
   <trkpt lat="52.1177630" lon="0.2243080">
    <ele>28.9</ele>
    <time>2025-09-11T07:50:19Z</time>
   </trkpt>
   <trkpt lat="52.1177520" lon="0.2243170">
    <ele>28.9</ele>
    <time>2025-09-11T07:50:20Z</time>
   </trkpt>
   <trkpt lat="52.1177450" lon="0.2243320">
    <ele>28.9</ele>
    <time>2025-09-11T07:50:21Z</time>
   </trkpt>
   <trkpt lat="52.1177330" lon="0.2243420">
    <ele>28.9</ele>
    <time>2025-09-11T07:50:22Z</time>
   </trkpt>
   <trkpt lat="52.1177230" lon="0.2243420">
    <ele>29.0</ele>
    <time>2025-09-11T07:50:23Z</time>
   </trkpt>
   <trkpt lat="52.1177130" lon="0.2243510">
    <ele>29.0</ele>
    <time>2025-09-11T07:50:24Z</time>
   </trkpt>
   <trkpt lat="52.1176970" lon="0.2243660">
    <ele>29.0</ele>
    <time>2025-09-11T07:50:25Z</time>
   </trkpt>
   <trkpt lat="52.1176930" lon="0.2243800">
    <ele>29.0</ele>
    <time>2025-09-11T07:50:26Z</time>
   </trkpt>
   <trkpt lat="52.1176830" lon="0.2243940">
    <ele>29.0</ele>
    <time>2025-09-11T07:50:27Z</time>
   </trkpt>
   <trkpt lat="52.1176720" lon="0.2244020">
    <ele>29.0</ele>
    <time>2025-09-11T07:50:28Z</time>
   </trkpt>
   <trkpt lat="52.1176430" lon="0.2244160">
    <ele>29.0</ele>
    <time>2025-09-11T07:50:29Z</time>
   </trkpt>
   <trkpt lat="52.1176340" lon="0.2244170">
    <ele>29.0</ele>
    <time>2025-09-11T07:50:30Z</time>
   </trkpt>
   <trkpt lat="52.1176170" lon="0.2244180">
    <ele>29.0</ele>
    <time>2025-09-11T07:50:31Z</time>
   </trkpt>
   <trkpt lat="52.1176040" lon="0.2244160">
    <ele>29.1</ele>
    <time>2025-09-11T07:50:32Z</time>
   </trkpt>
   <trkpt lat="52.1175890" lon="0.2244220">
    <ele>29.1</ele>
    <time>2025-09-11T07:50:33Z</time>
   </trkpt>
   <trkpt lat="52.1175740" lon="0.2244230">
    <ele>29.1</ele>
    <time>2025-09-11T07:50:34Z</time>
   </trkpt>
   <trkpt lat="52.1175580" lon="0.2244230">
    <ele>29.1</ele>
    <time>2025-09-11T07:50:35Z</time>
   </trkpt>
   <trkpt lat="52.1175440" lon="0.2244260">
    <ele>29.1</ele>
    <time>2025-09-11T07:50:36Z</time>
   </trkpt>
   <trkpt lat="52.1175270" lon="0.2244340">
    <ele>29.1</ele>
    <time>2025-09-11T07:50:37Z</time>
   </trkpt>
   <trkpt lat="52.1175150" lon="0.2244370">
    <ele>29.2</ele>
    <time>2025-09-11T07:50:38Z</time>
   </trkpt>
   <trkpt lat="52.1174990" lon="0.2244380">
    <ele>29.2</ele>
    <time>2025-09-11T07:50:39Z</time>
   </trkpt>
   <trkpt lat="52.1174830" lon="0.2244370">
    <ele>29.2</ele>
    <time>2025-09-11T07:50:40Z</time>
   </trkpt>
   <trkpt lat="52.1174660" lon="0.2244300">
    <ele>29.2</ele>
    <time>2025-09-11T07:50:41Z</time>
   </trkpt>
   <trkpt lat="52.1174500" lon="0.2244250">
    <ele>29.3</ele>
    <time>2025-09-11T07:50:42Z</time>
   </trkpt>
   <trkpt lat="52.1174340" lon="0.2244230">
    <ele>29.3</ele>
    <time>2025-09-11T07:50:43Z</time>
   </trkpt>
   <trkpt lat="52.1174210" lon="0.2244220">
    <ele>29.3</ele>
    <time>2025-09-11T07:50:44Z</time>
   </trkpt>
   <trkpt lat="52.1174050" lon="0.2244240">
    <ele>29.3</ele>
    <time>2025-09-11T07:50:46Z</time>
   </trkpt>
   <trkpt lat="52.1173880" lon="0.2244220">
    <ele>29.4</ele>
    <time>2025-09-11T07:50:47Z</time>
   </trkpt>
   <trkpt lat="52.1173740" lon="0.2244170">
    <ele>29.4</ele>
    <time>2025-09-11T07:50:48Z</time>
   </trkpt>
   <trkpt lat="52.1173420" lon="0.2244130">
    <ele>29.5</ele>
    <time>2025-09-11T07:50:49Z</time>
   </trkpt>
   <trkpt lat="52.1173260" lon="0.2244140">
    <ele>29.5</ele>
    <time>2025-09-11T07:50:51Z</time>
   </trkpt>
   <trkpt lat="52.1173110" lon="0.2244050">
    <ele>29.6</ele>
    <time>2025-09-11T07:50:52Z</time>
   </trkpt>
   <trkpt lat="52.1172950" lon="0.2244030">
    <ele>29.6</ele>
    <time>2025-09-11T07:50:53Z</time>
   </trkpt>
   <trkpt lat="52.1172800" lon="0.2243990">
    <ele>29.6</ele>
    <time>2025-09-11T07:50:54Z</time>
   </trkpt>
   <trkpt lat="52.1172660" lon="0.2244000">
    <ele>29.7</ele>
    <time>2025-09-11T07:50:55Z</time>
   </trkpt>
   <trkpt lat="52.1172500" lon="0.2243990">
    <ele>29.7</ele>
    <time>2025-09-11T07:50:56Z</time>
   </trkpt>
   <trkpt lat="52.1172370" lon="0.2243940">
    <ele>29.8</ele>
    <time>2025-09-11T07:50:57Z</time>
   </trkpt>
   <trkpt lat="52.1172220" lon="0.2243890">
    <ele>29.8</ele>
    <time>2025-09-11T07:50:58Z</time>
   </trkpt>
   <trkpt lat="52.1171860" lon="0.2243850">
    <ele>29.9</ele>
    <time>2025-09-11T07:50:59Z</time>
   </trkpt>
   <trkpt lat="52.1171700" lon="0.2243790">
    <ele>30.0</ele>
    <time>2025-09-11T07:51:00Z</time>
   </trkpt>
   <trkpt lat="52.1171570" lon="0.2243810">
    <ele>30.0</ele>
    <time>2025-09-11T07:51:01Z</time>
   </trkpt>
   <trkpt lat="52.1171430" lon="0.2243700">
    <ele>30.0</ele>
    <time>2025-09-11T07:51:02Z</time>
   </trkpt>
   <trkpt lat="52.1171290" lon="0.2243790">
    <ele>30.1</ele>
    <time>2025-09-11T07:51:03Z</time>
   </trkpt>
   <trkpt lat="52.1171130" lon="0.2243720">
    <ele>30.1</ele>
    <time>2025-09-11T07:51:04Z</time>
   </trkpt>
   <trkpt lat="52.1170990" lon="0.2243630">
    <ele>30.2</ele>
    <time>2025-09-11T07:51:05Z</time>
   </trkpt>
   <trkpt lat="52.1170840" lon="0.2243600">
    <ele>30.2</ele>
    <time>2025-09-11T07:51:06Z</time>
   </trkpt>
   <trkpt lat="52.1170690" lon="0.2243570">
    <ele>30.3</ele>
    <time>2025-09-11T07:51:07Z</time>
   </trkpt>
   <trkpt lat="52.1170560" lon="0.2243550">
    <ele>30.3</ele>
    <time>2025-09-11T07:51:08Z</time>
   </trkpt>
   <trkpt lat="52.1170410" lon="0.2243510">
    <ele>30.4</ele>
    <time>2025-09-11T07:51:09Z</time>
   </trkpt>
   <trkpt lat="52.1170260" lon="0.2243460">
    <ele>30.4</ele>
    <time>2025-09-11T07:51:10Z</time>
   </trkpt>
   <trkpt lat="52.1170140" lon="0.2243430">
    <ele>30.5</ele>
    <time>2025-09-11T07:51:11Z</time>
   </trkpt>
   <trkpt lat="52.1169990" lon="0.2243390">
    <ele>30.5</ele>
    <time>2025-09-11T07:51:12Z</time>
   </trkpt>
   <trkpt lat="52.1169840" lon="0.2243350">
    <ele>30.6</ele>
    <time>2025-09-11T07:51:13Z</time>
   </trkpt>
   <trkpt lat="52.1169700" lon="0.2243340">
    <ele>30.6</ele>
    <time>2025-09-11T07:51:14Z</time>
   </trkpt>
   <trkpt lat="52.1169570" lon="0.2243280">
    <ele>30.6</ele>
    <time>2025-09-11T07:51:15Z</time>
   </trkpt>
   <trkpt lat="52.1169430" lon="0.2243230">
    <ele>30.7</ele>
    <time>2025-09-11T07:51:16Z</time>
   </trkpt>
   <trkpt lat="52.1169300" lon="0.2243240">
    <ele>30.7</ele>
    <time>2025-09-11T07:51:17Z</time>
   </trkpt>
   <trkpt lat="52.1169160" lon="0.2243150">
    <ele>30.8</ele>
    <time>2025-09-11T07:51:18Z</time>
   </trkpt>
   <trkpt lat="52.1169010" lon="0.2243260">
    <ele>30.8</ele>
    <time>2025-09-11T07:51:19Z</time>
   </trkpt>
   <trkpt lat="52.1168950" lon="0.2243290">
    <ele>30.8</ele>
    <time>2025-09-11T07:51:20Z</time>
   </trkpt>
   <trkpt lat="52.1168900" lon="0.2243330">
    <ele>30.8</ele>
    <time>2025-09-11T07:51:21Z</time>
   </trkpt>
   <trkpt lat="52.1168840" lon="0.2243360">
    <ele>30.8</ele>
    <time>2025-09-11T07:51:22Z</time>
   </trkpt>
   <trkpt lat="52.1168780" lon="0.2243390">
    <ele>30.9</ele>
    <time>2025-09-11T07:51:23Z</time>
   </trkpt>
   <trkpt lat="52.1168540" lon="0.2243220">
    <ele>30.9</ele>
    <time>2025-09-11T07:51:24Z</time>
   </trkpt>
   <trkpt lat="52.1168450" lon="0.2243120">
    <ele>30.9</ele>
    <time>2025-09-11T07:51:25Z</time>
   </trkpt>
   <trkpt lat="52.1168220" lon="0.2242780">
    <ele>31.0</ele>
    <time>2025-09-11T07:51:26Z</time>
   </trkpt>
   <trkpt lat="52.1168150" lon="0.2242660">
    <ele>31.0</ele>
    <time>2025-09-11T07:51:27Z</time>
   </trkpt>
   <trkpt lat="52.1167930" lon="0.2242320">
    <ele>31.1</ele>
    <time>2025-09-11T07:51:28Z</time>
   </trkpt>
   <trkpt lat="52.1167860" lon="0.2242240">
    <ele>31.1</ele>
    <time>2025-09-11T07:51:29Z</time>
   </trkpt>
   <trkpt lat="52.1167740" lon="0.2242080">
    <ele>31.2</ele>
    <time>2025-09-11T07:51:30Z</time>
   </trkpt>
   <trkpt lat="52.1167620" lon="0.2241920">
    <ele>31.2</ele>
    <time>2025-09-11T07:51:31Z</time>
   </trkpt>
   <trkpt lat="52.1167420" lon="0.2241630">
    <ele>31.3</ele>
    <time>2025-09-11T07:51:32Z</time>
   </trkpt>
   <trkpt lat="52.1167350" lon="0.2241510">
    <ele>31.3</ele>
    <time>2025-09-11T07:51:33Z</time>
   </trkpt>
   <trkpt lat="52.1167290" lon="0.2241390">
    <ele>31.3</ele>
    <time>2025-09-11T07:51:34Z</time>
   </trkpt>
   <trkpt lat="52.1167230" lon="0.2241280">
    <ele>31.3</ele>
    <time>2025-09-11T07:51:35Z</time>
   </trkpt>
   <trkpt lat="52.1167160" lon="0.2241160">
    <ele>31.4</ele>
    <time>2025-09-11T07:51:36Z</time>
   </trkpt>
   <trkpt lat="52.1167100" lon="0.2241040">
    <ele>31.4</ele>
    <time>2025-09-11T07:51:37Z</time>
   </trkpt>
   <trkpt lat="52.1166940" lon="0.2240670">
    <ele>31.4</ele>
    <time>2025-09-11T07:51:38Z</time>
   </trkpt>
   <trkpt lat="52.1166780" lon="0.2240270">
    <ele>31.5</ele>
    <time>2025-09-11T07:51:39Z</time>
   </trkpt>
   <trkpt lat="52.1166720" lon="0.2240150">
    <ele>31.5</ele>
    <time>2025-09-11T07:51:40Z</time>
   </trkpt>
   <trkpt lat="52.1166650" lon="0.2239890">
    <ele>31.6</ele>
    <time>2025-09-11T07:51:41Z</time>
   </trkpt>
   <trkpt lat="52.1166570" lon="0.2239650">
    <ele>31.6</ele>
    <time>2025-09-11T07:51:42Z</time>
   </trkpt>
   <trkpt lat="52.1166500" lon="0.2239390">
    <ele>31.6</ele>
    <time>2025-09-11T07:51:43Z</time>
   </trkpt>
   <trkpt lat="52.1166420" lon="0.2239180">
    <ele>31.7</ele>
    <time>2025-09-11T07:51:44Z</time>
   </trkpt>
   <trkpt lat="52.1166330" lon="0.2238970">
    <ele>31.7</ele>
    <time>2025-09-11T07:51:45Z</time>
   </trkpt>
   <trkpt lat="52.1166240" lon="0.2238750">
    <ele>31.7</ele>
    <time>2025-09-11T07:51:46Z</time>
   </trkpt>
   <trkpt lat="52.1166140" lon="0.2238510">
    <ele>31.7</ele>
    <time>2025-09-11T07:51:47Z</time>
   </trkpt>
   <trkpt lat="52.1166070" lon="0.2238270">
    <ele>31.8</ele>
    <time>2025-09-11T07:51:48Z</time>
   </trkpt>
   <trkpt lat="52.1166010" lon="0.2238000">
    <ele>31.8</ele>
    <time>2025-09-11T07:51:49Z</time>
   </trkpt>
   <trkpt lat="52.1165920" lon="0.2237760">
    <ele>31.8</ele>
    <time>2025-09-11T07:51:50Z</time>
   </trkpt>
   <trkpt lat="52.1165840" lon="0.2237540">
    <ele>31.8</ele>
    <time>2025-09-11T07:51:51Z</time>
   </trkpt>
   <trkpt lat="52.1165750" lon="0.2237320">
    <ele>31.8</ele>
    <time>2025-09-11T07:51:52Z</time>
   </trkpt>
   <trkpt lat="52.1165700" lon="0.2237040">
    <ele>31.9</ele>
    <time>2025-09-11T07:51:53Z</time>
   </trkpt>
   <trkpt lat="52.1165610" lon="0.2236800">
    <ele>31.9</ele>
    <time>2025-09-11T07:51:54Z</time>
   </trkpt>
   <trkpt lat="52.1165510" lon="0.2236550">
    <ele>31.9</ele>
    <time>2025-09-11T07:51:55Z</time>
   </trkpt>
   <trkpt lat="52.1165470" lon="0.2236290">
    <ele>31.9</ele>
    <time>2025-09-11T07:51:56Z</time>
   </trkpt>
   <trkpt lat="52.1165410" lon="0.2236020">
    <ele>31.9</ele>
    <time>2025-09-11T07:51:57Z</time>
   </trkpt>
   <trkpt lat="52.1165410" lon="0.2235780">
    <ele>31.9</ele>
    <time>2025-09-11T07:51:58Z</time>
   </trkpt>
   <trkpt lat="52.1165360" lon="0.2235430">
    <ele>31.9</ele>
    <time>2025-09-11T07:51:59Z</time>
   </trkpt>
   <trkpt lat="52.1165340" lon="0.2235300">
    <ele>31.9</ele>
    <time>2025-09-11T07:52:00Z</time>
   </trkpt>
   <trkpt lat="52.1165330" lon="0.2235180">
    <ele>31.9</ele>
    <time>2025-09-11T07:52:01Z</time>
   </trkpt>
   <trkpt lat="52.1165180" lon="0.2234820">
    <ele>31.9</ele>
    <time>2025-09-11T07:52:02Z</time>
   </trkpt>
   <trkpt lat="52.1165120" lon="0.2234680">
    <ele>32.0</ele>
    <time>2025-09-11T07:52:03Z</time>
   </trkpt>
   <trkpt lat="52.1164950" lon="0.2234340">
    <ele>32.0</ele>
    <time>2025-09-11T07:52:04Z</time>
   </trkpt>
   <trkpt lat="52.1164860" lon="0.2234230">
    <ele>32.0</ele>
    <time>2025-09-11T07:52:05Z</time>
   </trkpt>
   <trkpt lat="52.1164730" lon="0.2233960">
    <ele>32.0</ele>
    <time>2025-09-11T07:52:06Z</time>
   </trkpt>
   <trkpt lat="52.1164660" lon="0.2233800">
    <ele>32.0</ele>
    <time>2025-09-11T07:52:07Z</time>
   </trkpt>
   <trkpt lat="52.1164510" lon="0.2233590">
    <ele>32.0</ele>
    <time>2025-09-11T07:52:08Z</time>
   </trkpt>
   <trkpt lat="52.1164440" lon="0.2233470">
    <ele>32.0</ele>
    <time>2025-09-11T07:52:09Z</time>
   </trkpt>
   <trkpt lat="52.1164380" lon="0.2233350">
    <ele>32.0</ele>
    <time>2025-09-11T07:52:10Z</time>
   </trkpt>
   <trkpt lat="52.1164170" lon="0.2233110">
    <ele>32.0</ele>
    <time>2025-09-11T07:52:11Z</time>
   </trkpt>
   <trkpt lat="52.1164080" lon="0.2233020">
    <ele>32.0</ele>
    <time>2025-09-11T07:52:12Z</time>
   </trkpt>
   <trkpt lat="52.1163990" lon="0.2232930">
    <ele>32.0</ele>
    <time>2025-09-11T07:52:13Z</time>
   </trkpt>
   <trkpt lat="52.1163790" lon="0.2232850">
    <ele>32.1</ele>
    <time>2025-09-11T07:52:14Z</time>
   </trkpt>
   <trkpt lat="52.1163650" lon="0.2232860">
    <ele>32.1</ele>
    <time>2025-09-11T07:52:15Z</time>
   </trkpt>
   <trkpt lat="52.1163410" lon="0.2233240">
    <ele>32.1</ele>
    <time>2025-09-11T07:52:16Z</time>
   </trkpt>
   <trkpt lat="52.1163350" lon="0.2233360">
    <ele>32.1</ele>
    <time>2025-09-11T07:52:17Z</time>
   </trkpt>
   <trkpt lat="52.1163320" lon="0.2233490">
    <ele>32.1</ele>
    <time>2025-09-11T07:52:18Z</time>
   </trkpt>
   <trkpt lat="52.1163210" lon="0.2233600">
    <ele>32.1</ele>
    <time>2025-09-11T07:52:19Z</time>
   </trkpt>
   <trkpt lat="52.1163090" lon="0.2233720">
    <ele>32.1</ele>
    <time>2025-09-11T07:52:20Z</time>
   </trkpt>
   <trkpt lat="52.1162890" lon="0.2234180">
    <ele>32.1</ele>
    <time>2025-09-11T07:52:21Z</time>
   </trkpt>
   <trkpt lat="52.1162790" lon="0.2234300">
    <ele>32.2</ele>
    <time>2025-09-11T07:52:22Z</time>
   </trkpt>
   <trkpt lat="52.1162690" lon="0.2234420">
    <ele>32.2</ele>
    <time>2025-09-11T07:52:23Z</time>
   </trkpt>
   <trkpt lat="52.1162610" lon="0.2234660">
    <ele>32.2</ele>
    <time>2025-09-11T07:52:24Z</time>
   </trkpt>
   <trkpt lat="52.1162570" lon="0.2234770">
    <ele>32.2</ele>
    <time>2025-09-11T07:52:25Z</time>
   </trkpt>
   <trkpt lat="52.1162460" lon="0.2234970">
    <ele>32.2</ele>
    <time>2025-09-11T07:52:26Z</time>
   </trkpt>
   <trkpt lat="52.1162380" lon="0.2235000">
    <ele>32.2</ele>
    <time>2025-09-11T07:52:27Z</time>
   </trkpt>
   <trkpt lat="52.1162310" lon="0.2235090">
    <ele>32.2</ele>
    <time>2025-09-11T07:52:28Z</time>
   </trkpt>
   <trkpt lat="52.1162200" lon="0.2235390">
    <ele>32.2</ele>
    <time>2025-09-11T07:52:29Z</time>
   </trkpt>
   <trkpt lat="52.1162160" lon="0.2235660">
    <ele>32.2</ele>
    <time>2025-09-11T07:52:30Z</time>
   </trkpt>
   <trkpt lat="52.1162120" lon="0.2235900">
    <ele>32.2</ele>
    <time>2025-09-11T07:52:31Z</time>
   </trkpt>
   <trkpt lat="52.1162050" lon="0.2236360">
    <ele>32.3</ele>
    <time>2025-09-11T07:52:32Z</time>
   </trkpt>
   <trkpt lat="52.1162010" lon="0.2236480">
    <ele>32.3</ele>
    <time>2025-09-11T07:52:33Z</time>
   </trkpt>
   <trkpt lat="52.1161940" lon="0.2236640">
    <ele>32.3</ele>
    <time>2025-09-11T07:52:34Z</time>
   </trkpt>
   <trkpt lat="52.1161810" lon="0.2236920">
    <ele>32.3</ele>
    <time>2025-09-11T07:52:35Z</time>
   </trkpt>
   <trkpt lat="52.1161640" lon="0.2237340">
    <ele>32.3</ele>
    <time>2025-09-11T07:52:36Z</time>
   </trkpt>
   <trkpt lat="52.1161570" lon="0.2237450">
    <ele>32.3</ele>
    <time>2025-09-11T07:52:37Z</time>
   </trkpt>
   <trkpt lat="52.1161490" lon="0.2237880">
    <ele>32.3</ele>
    <time>2025-09-11T07:52:38Z</time>
   </trkpt>
   <trkpt lat="52.1161420" lon="0.2238060">
    <ele>32.3</ele>
    <time>2025-09-11T07:52:39Z</time>
   </trkpt>
   <trkpt lat="52.1161290" lon="0.2238350">
    <ele>32.3</ele>
    <time>2025-09-11T07:52:40Z</time>
   </trkpt>
   <trkpt lat="52.1161240" lon="0.2238440">
    <ele>32.4</ele>
    <time>2025-09-11T07:52:41Z</time>
   </trkpt>
   <trkpt lat="52.1161180" lon="0.2238540">
    <ele>32.4</ele>
    <time>2025-09-11T07:52:42Z</time>
   </trkpt>
   <trkpt lat="52.1161130" lon="0.2238770">
    <ele>32.4</ele>
    <time>2025-09-11T07:52:43Z</time>
   </trkpt>
   <trkpt lat="52.1160950" lon="0.2238930">
    <ele>32.4</ele>
    <time>2025-09-11T07:52:44Z</time>
   </trkpt>
   <trkpt lat="52.1160950" lon="0.2239090">
    <ele>32.4</ele>
    <time>2025-09-11T07:52:45Z</time>
   </trkpt>
   <trkpt lat="52.1160930" lon="0.2239280">
    <ele>32.4</ele>
    <time>2025-09-11T07:52:46Z</time>
   </trkpt>
   <trkpt lat="52.1160900" lon="0.2239410">
    <ele>32.4</ele>
    <time>2025-09-11T07:52:47Z</time>
   </trkpt>
   <trkpt lat="52.1160790" lon="0.2239640">
    <ele>32.4</ele>
    <time>2025-09-11T07:52:48Z</time>
   </trkpt>
   <trkpt lat="52.1160660" lon="0.2239850">
    <ele>32.4</ele>
    <time>2025-09-11T07:52:49Z</time>
   </trkpt>
   <trkpt lat="52.1160560" lon="0.2240120">
    <ele>32.4</ele>
    <time>2025-09-11T07:52:51Z</time>
   </trkpt>
   <trkpt lat="52.1160500" lon="0.2240290">
    <ele>32.5</ele>
    <time>2025-09-11T07:52:52Z</time>
   </trkpt>
   <trkpt lat="52.1160370" lon="0.2240580">
    <ele>32.5</ele>
    <time>2025-09-11T07:52:53Z</time>
   </trkpt>
   <trkpt lat="52.1160300" lon="0.2240620">
    <ele>32.5</ele>
    <time>2025-09-11T07:52:54Z</time>
   </trkpt>
   <trkpt lat="52.1160220" lon="0.2240670">
    <ele>32.5</ele>
    <time>2025-09-11T07:52:55Z</time>
   </trkpt>
   <trkpt lat="52.1160020" lon="0.2240990">
    <ele>32.5</ele>
    <time>2025-09-11T07:52:56Z</time>
   </trkpt>
   <trkpt lat="52.1159980" lon="0.2241120">
    <ele>32.5</ele>
    <time>2025-09-11T07:52:57Z</time>
   </trkpt>
   <trkpt lat="52.1159890" lon="0.2241270">
    <ele>32.5</ele>
    <time>2025-09-11T07:52:58Z</time>
   </trkpt>
   <trkpt lat="52.1159810" lon="0.2241520">
    <ele>32.5</ele>
    <time>2025-09-11T07:52:59Z</time>
   </trkpt>
   <trkpt lat="52.1159670" lon="0.2241920">
    <ele>32.6</ele>
    <time>2025-09-11T07:53:00Z</time>
   </trkpt>
   <trkpt lat="52.1159630" lon="0.2242070">
    <ele>32.6</ele>
    <time>2025-09-11T07:53:01Z</time>
   </trkpt>
   <trkpt lat="52.1159610" lon="0.2242160">
    <ele>32.6</ele>
    <time>2025-09-11T07:53:02Z</time>
   </trkpt>
   <trkpt lat="52.1159590" lon="0.2242520">
    <ele>32.6</ele>
    <time>2025-09-11T07:53:03Z</time>
   </trkpt>
   <trkpt lat="52.1159470" lon="0.2243200">
    <ele>32.6</ele>
    <time>2025-09-11T07:53:04Z</time>
   </trkpt>
   <trkpt lat="52.1159400" lon="0.2243550">
    <ele>32.7</ele>
    <time>2025-09-11T07:53:05Z</time>
   </trkpt>
   <trkpt lat="52.1159370" lon="0.2243830">
    <ele>32.7</ele>
    <time>2025-09-11T07:53:06Z</time>
   </trkpt>
   <trkpt lat="52.1159350" lon="0.2244020">
    <ele>32.7</ele>
    <time>2025-09-11T07:53:07Z</time>
   </trkpt>
   <trkpt lat="52.1159340" lon="0.2244200">
    <ele>32.7</ele>
    <time>2025-09-11T07:53:08Z</time>
   </trkpt>
   <trkpt lat="52.1159320" lon="0.2244420">
    <ele>32.7</ele>
    <time>2025-09-11T07:53:09Z</time>
   </trkpt>
   <trkpt lat="52.1159230" lon="0.2244770">
    <ele>32.7</ele>
    <time>2025-09-11T07:53:10Z</time>
   </trkpt>
   <trkpt lat="52.1159200" lon="0.2244900">
    <ele>32.7</ele>
    <time>2025-09-11T07:53:11Z</time>
   </trkpt>
   <trkpt lat="52.1159180" lon="0.2245020">
    <ele>32.8</ele>
    <time>2025-09-11T07:53:12Z</time>
   </trkpt>
   <trkpt lat="52.1159130" lon="0.2245190">
    <ele>32.8</ele>
    <time>2025-09-11T07:53:13Z</time>
   </trkpt>
   <trkpt lat="52.1159040" lon="0.2245270">
    <ele>32.8</ele>
    <time>2025-09-11T07:53:14Z</time>
   </trkpt>
   <trkpt lat="52.1159000" lon="0.2245410">
    <ele>32.8</ele>
    <time>2025-09-11T07:53:15Z</time>
   </trkpt>
   <trkpt lat="52.1158890" lon="0.2245600">
    <ele>32.8</ele>
    <time>2025-09-11T07:53:16Z</time>
   </trkpt>
   <trkpt lat="52.1158810" lon="0.2245780">
    <ele>32.8</ele>
    <time>2025-09-11T07:53:17Z</time>
   </trkpt>
   <trkpt lat="52.1158700" lon="0.2246130">
    <ele>32.8</ele>
    <time>2025-09-11T07:53:18Z</time>
   </trkpt>
   <trkpt lat="52.1158640" lon="0.2246260">
    <ele>32.9</ele>
    <time>2025-09-11T07:53:19Z</time>
   </trkpt>
   <trkpt lat="52.1158590" lon="0.2246400">
    <ele>32.9</ele>
    <time>2025-09-11T07:53:20Z</time>
   </trkpt>
   <trkpt lat="52.1158560" lon="0.2246660">
    <ele>32.9</ele>
    <time>2025-09-11T07:53:21Z</time>
   </trkpt>
   <trkpt lat="52.1158450" lon="0.2246940">
    <ele>32.9</ele>
    <time>2025-09-11T07:53:22Z</time>
   </trkpt>
   <trkpt lat="52.1158350" lon="0.2247040">
    <ele>32.9</ele>
    <time>2025-09-11T07:53:23Z</time>
   </trkpt>
   <trkpt lat="52.1158240" lon="0.2247240">
    <ele>32.9</ele>
    <time>2025-09-11T07:53:24Z</time>
   </trkpt>
   <trkpt lat="52.1158110" lon="0.2247300">
    <ele>33.0</ele>
    <time>2025-09-11T07:53:25Z</time>
   </trkpt>
   <trkpt lat="52.1157990" lon="0.2247570">
    <ele>33.0</ele>
    <time>2025-09-11T07:53:26Z</time>
   </trkpt>
   <trkpt lat="52.1157900" lon="0.2247940">
    <ele>33.0</ele>
    <time>2025-09-11T07:53:27Z</time>
   </trkpt>
   <trkpt lat="52.1157780" lon="0.2248030">
    <ele>33.0</ele>
    <time>2025-09-11T07:53:28Z</time>
   </trkpt>
   <trkpt lat="52.1157480" lon="0.2248270">
    <ele>33.1</ele>
    <time>2025-09-11T07:53:29Z</time>
   </trkpt>
   <trkpt lat="52.1157380" lon="0.2248330">
    <ele>33.1</ele>
    <time>2025-09-11T07:53:30Z</time>
   </trkpt>
   <trkpt lat="52.1157200" lon="0.2248580">
    <ele>33.1</ele>
    <time>2025-09-11T07:53:31Z</time>
   </trkpt>
   <trkpt lat="52.1157130" lon="0.2248690">
    <ele>33.1</ele>
    <time>2025-09-11T07:53:32Z</time>
   </trkpt>
   <trkpt lat="52.1157060" lon="0.2248790">
    <ele>33.1</ele>
    <time>2025-09-11T07:53:33Z</time>
   </trkpt>
   <trkpt lat="52.1156970" lon="0.2249000">
    <ele>33.1</ele>
    <time>2025-09-11T07:53:34Z</time>
   </trkpt>
   <trkpt lat="52.1156820" lon="0.2249130">
    <ele>33.2</ele>
    <time>2025-09-11T07:53:35Z</time>
   </trkpt>
   <trkpt lat="52.1156660" lon="0.2249440">
    <ele>33.2</ele>
    <time>2025-09-11T07:53:36Z</time>
   </trkpt>
   <trkpt lat="52.1156590" lon="0.2249550">
    <ele>33.2</ele>
    <time>2025-09-11T07:53:37Z</time>
   </trkpt>
   <trkpt lat="52.1156530" lon="0.2249670">
    <ele>33.2</ele>
    <time>2025-09-11T07:53:38Z</time>
   </trkpt>
   <trkpt lat="52.1156460" lon="0.2249860">
    <ele>33.2</ele>
    <time>2025-09-11T07:53:39Z</time>
   </trkpt>
   <trkpt lat="52.1156390" lon="0.2250050">
    <ele>33.3</ele>
    <time>2025-09-11T07:53:40Z</time>
   </trkpt>
   <trkpt lat="52.1156230" lon="0.2250160">
    <ele>33.3</ele>
    <time>2025-09-11T07:53:41Z</time>
   </trkpt>
   <trkpt lat="52.1156110" lon="0.2250220">
    <ele>33.3</ele>
    <time>2025-09-11T07:53:42Z</time>
   </trkpt>
   <trkpt lat="52.1156040" lon="0.2250350">
    <ele>33.3</ele>
    <time>2025-09-11T07:53:43Z</time>
   </trkpt>
   <trkpt lat="52.1155950" lon="0.2250430">
    <ele>33.3</ele>
    <time>2025-09-11T07:53:44Z</time>
   </trkpt>
   <trkpt lat="52.1155920" lon="0.2250560">
    <ele>33.3</ele>
    <time>2025-09-11T07:53:45Z</time>
   </trkpt>
   <trkpt lat="52.1155820" lon="0.2250780">
    <ele>33.4</ele>
    <time>2025-09-11T07:53:46Z</time>
   </trkpt>
   <trkpt lat="52.1155770" lon="0.2250940">
    <ele>33.4</ele>
    <time>2025-09-11T07:53:47Z</time>
   </trkpt>
   <trkpt lat="52.1155710" lon="0.2251090">
    <ele>33.4</ele>
    <time>2025-09-11T07:53:48Z</time>
   </trkpt>
   <trkpt lat="52.1155670" lon="0.2251240">
    <ele>33.4</ele>
    <time>2025-09-11T07:53:49Z</time>
   </trkpt>
   <trkpt lat="52.1155580" lon="0.2251240">
    <ele>33.4</ele>
    <time>2025-09-11T07:53:50Z</time>
   </trkpt>
   <trkpt lat="52.1155440" lon="0.2251370">
    <ele>33.5</ele>
    <time>2025-09-11T07:53:51Z</time>
   </trkpt>
   <trkpt lat="52.1155170" lon="0.2251750">
    <ele>33.5</ele>
    <time>2025-09-11T07:53:52Z</time>
   </trkpt>
   <trkpt lat="52.1155070" lon="0.2251840">
    <ele>33.5</ele>
    <time>2025-09-11T07:53:53Z</time>
   </trkpt>
   <trkpt lat="52.1154890" lon="0.2252060">
    <ele>33.6</ele>
    <time>2025-09-11T07:53:54Z</time>
   </trkpt>
   <trkpt lat="52.1154830" lon="0.2252150">
    <ele>33.6</ele>
    <time>2025-09-11T07:53:55Z</time>
   </trkpt>
   <trkpt lat="52.1154780" lon="0.2252250">
    <ele>33.6</ele>
    <time>2025-09-11T07:53:56Z</time>
   </trkpt>
   <trkpt lat="52.1154590" lon="0.2252410">
    <ele>33.6</ele>
    <time>2025-09-11T07:53:57Z</time>
   </trkpt>
   <trkpt lat="52.1154470" lon="0.2252450">
    <ele>33.6</ele>
    <time>2025-09-11T07:53:58Z</time>
   </trkpt>
   <trkpt lat="52.1154350" lon="0.2252480">
    <ele>33.7</ele>
    <time>2025-09-11T07:53:59Z</time>
   </trkpt>
   <trkpt lat="52.1154230" lon="0.2252630">
    <ele>33.7</ele>
    <time>2025-09-11T07:54:00Z</time>
   </trkpt>
   <trkpt lat="52.1154110" lon="0.2252890">
    <ele>33.7</ele>
    <time>2025-09-11T07:54:01Z</time>
   </trkpt>
   <trkpt lat="52.1154100" lon="0.2253050">
    <ele>33.7</ele>
    <time>2025-09-11T07:54:02Z</time>
   </trkpt>
   <trkpt lat="52.1154030" lon="0.2253310">
    <ele>33.8</ele>
    <time>2025-09-11T07:54:03Z</time>
   </trkpt>
   <trkpt lat="52.1153920" lon="0.2253560">
    <ele>33.8</ele>
    <time>2025-09-11T07:54:04Z</time>
   </trkpt>
   <trkpt lat="52.1153870" lon="0.2253690">
    <ele>33.8</ele>
    <time>2025-09-11T07:54:05Z</time>
   </trkpt>
   <trkpt lat="52.1153750" lon="0.2253980">
    <ele>33.9</ele>
    <time>2025-09-11T07:54:06Z</time>
   </trkpt>
   <trkpt lat="52.1153690" lon="0.2254090">
    <ele>33.9</ele>
    <time>2025-09-11T07:54:07Z</time>
   </trkpt>
   <trkpt lat="52.1153640" lon="0.2254200">
    <ele>33.9</ele>
    <time>2025-09-11T07:54:08Z</time>
   </trkpt>
   <trkpt lat="52.1153500" lon="0.2254490">
    <ele>33.9</ele>
    <time>2025-09-11T07:54:09Z</time>
   </trkpt>
   <trkpt lat="52.1153470" lon="0.2254600">
    <ele>34.0</ele>
    <time>2025-09-11T07:54:10Z</time>
   </trkpt>
   <trkpt lat="52.1153440" lon="0.2254720">
    <ele>34.0</ele>
    <time>2025-09-11T07:54:11Z</time>
   </trkpt>
   <trkpt lat="52.1153320" lon="0.2254770">
    <ele>34.0</ele>
    <time>2025-09-11T07:54:12Z</time>
   </trkpt>
   <trkpt lat="52.1153130" lon="0.2254920">
    <ele>34.1</ele>
    <time>2025-09-11T07:54:13Z</time>
   </trkpt>
   <trkpt lat="52.1152930" lon="0.2255270">
    <ele>34.1</ele>
    <time>2025-09-11T07:54:14Z</time>
   </trkpt>
   <trkpt lat="52.1152870" lon="0.2255340">
    <ele>34.1</ele>
    <time>2025-09-11T07:54:15Z</time>
   </trkpt>
   <trkpt lat="52.1152750" lon="0.2255570">
    <ele>34.2</ele>
    <time>2025-09-11T07:54:16Z</time>
   </trkpt>
   <trkpt lat="52.1152680" lon="0.2255670">
    <ele>34.2</ele>
    <time>2025-09-11T07:54:17Z</time>
   </trkpt>
   <trkpt lat="52.1152600" lon="0.2255780">
    <ele>34.2</ele>
    <time>2025-09-11T07:54:18Z</time>
   </trkpt>
   <trkpt lat="52.1152530" lon="0.2255880">
    <ele>34.2</ele>
    <time>2025-09-11T07:54:19Z</time>
   </trkpt>
   <trkpt lat="52.1152380" lon="0.2256150">
    <ele>34.3</ele>
    <time>2025-09-11T07:54:20Z</time>
   </trkpt>
   <trkpt lat="52.1152260" lon="0.2256180">
    <ele>34.3</ele>
    <time>2025-09-11T07:54:21Z</time>
   </trkpt>
   <trkpt lat="52.1152130" lon="0.2256260">
    <ele>34.3</ele>
    <time>2025-09-11T07:54:22Z</time>
   </trkpt>
   <trkpt lat="52.1151970" lon="0.2256410">
    <ele>34.4</ele>
    <time>2025-09-11T07:54:23Z</time>
   </trkpt>
   <trkpt lat="52.1151920" lon="0.2256620">
    <ele>34.4</ele>
    <time>2025-09-11T07:54:24Z</time>
   </trkpt>
   <trkpt lat="52.1151890" lon="0.2256890">
    <ele>34.5</ele>
    <time>2025-09-11T07:54:25Z</time>
   </trkpt>
   <trkpt lat="52.1151830" lon="0.2257170">
    <ele>34.5</ele>
    <time>2025-09-11T07:54:26Z</time>
   </trkpt>
   <trkpt lat="52.1151740" lon="0.2257300">
    <ele>34.5</ele>
    <time>2025-09-11T07:54:27Z</time>
   </trkpt>
   <trkpt lat="52.1151600" lon="0.2257420">
    <ele>34.6</ele>
    <time>2025-09-11T07:54:28Z</time>
   </trkpt>
   <trkpt lat="52.1151530" lon="0.2257670">
    <ele>34.6</ele>
    <time>2025-09-11T07:54:29Z</time>
   </trkpt>
   <trkpt lat="52.1151460" lon="0.2257710">
    <ele>34.6</ele>
    <time>2025-09-11T07:54:30Z</time>
   </trkpt>
   <trkpt lat="52.1151360" lon="0.2257880">
    <ele>34.6</ele>
    <time>2025-09-11T07:54:31Z</time>
   </trkpt>
   <trkpt lat="52.1151260" lon="0.2258020">
    <ele>34.7</ele>
    <time>2025-09-11T07:54:32Z</time>
   </trkpt>
   <trkpt lat="52.1151190" lon="0.2258220">
    <ele>34.7</ele>
    <time>2025-09-11T07:54:33Z</time>
   </trkpt>
   <trkpt lat="52.1151100" lon="0.2258470">
    <ele>34.7</ele>
    <time>2025-09-11T07:54:34Z</time>
   </trkpt>
   <trkpt lat="52.1151070" lon="0.2258600">
    <ele>34.8</ele>
    <time>2025-09-11T07:54:35Z</time>
   </trkpt>
   <trkpt lat="52.1150990" lon="0.2258880">
    <ele>34.8</ele>
    <time>2025-09-11T07:54:36Z</time>
   </trkpt>
   <trkpt lat="52.1150860" lon="0.2259190">
    <ele>34.9</ele>
    <time>2025-09-11T07:54:37Z</time>
   </trkpt>
   <trkpt lat="52.1150770" lon="0.2259250">
    <ele>34.9</ele>
    <time>2025-09-11T07:54:38Z</time>
   </trkpt>
   <trkpt lat="52.1150620" lon="0.2259560">
    <ele>34.9</ele>
    <time>2025-09-11T07:54:39Z</time>
   </trkpt>
   <trkpt lat="52.1150520" lon="0.2259650">
    <ele>35.0</ele>
    <time>2025-09-11T07:54:40Z</time>
   </trkpt>
   <trkpt lat="52.1150430" lon="0.2259730">
    <ele>35.0</ele>
    <time>2025-09-11T07:54:41Z</time>
   </trkpt>
   <trkpt lat="52.1150460" lon="0.2260090">
    <ele>35.0</ele>
    <time>2025-09-11T07:54:42Z</time>
   </trkpt>
   <trkpt lat="52.1150400" lon="0.2260310">
    <ele>35.0</ele>
    <time>2025-09-11T07:54:43Z</time>
   </trkpt>
   <trkpt lat="52.1150390" lon="0.2260760">
    <ele>35.1</ele>
    <time>2025-09-11T07:54:44Z</time>
   </trkpt>
   <trkpt lat="52.1150450" lon="0.2261270">
    <ele>35.2</ele>
    <time>2025-09-11T07:54:45Z</time>
   </trkpt>
   <trkpt lat="52.1150450" lon="0.2261460">
    <ele>35.2</ele>
    <time>2025-09-11T07:54:46Z</time>
   </trkpt>
   <trkpt lat="52.1150520" lon="0.2261970">
    <ele>35.2</ele>
    <time>2025-09-11T07:54:47Z</time>
   </trkpt>
   <trkpt lat="52.1150570" lon="0.2262110">
    <ele>35.2</ele>
    <time>2025-09-11T07:54:48Z</time>
   </trkpt>
   <trkpt lat="52.1150670" lon="0.2262610">
    <ele>35.3</ele>
    <time>2025-09-11T07:54:49Z</time>
   </trkpt>
   <trkpt lat="52.1150690" lon="0.2262750">
    <ele>35.3</ele>
    <time>2025-09-11T07:54:50Z</time>
   </trkpt>
   <trkpt lat="52.1150690" lon="0.2263000">
    <ele>35.3</ele>
    <time>2025-09-11T07:54:51Z</time>
   </trkpt>
   <trkpt lat="52.1150680" lon="0.2263290">
    <ele>35.4</ele>
    <time>2025-09-11T07:54:52Z</time>
   </trkpt>
   <trkpt lat="52.1150630" lon="0.2263410">
    <ele>35.4</ele>
    <time>2025-09-11T07:54:53Z</time>
   </trkpt>
   <trkpt lat="52.1150450" lon="0.2263720">
    <ele>35.4</ele>
    <time>2025-09-11T07:54:54Z</time>
   </trkpt>
   <trkpt lat="52.1150450" lon="0.2263970">
    <ele>35.5</ele>
    <time>2025-09-11T07:54:55Z</time>
   </trkpt>
   <trkpt lat="52.1150390" lon="0.2264170">
    <ele>35.5</ele>
    <time>2025-09-11T07:54:56Z</time>
   </trkpt>
   <trkpt lat="52.1150340" lon="0.2264490">
    <ele>35.5</ele>
    <time>2025-09-11T07:54:57Z</time>
   </trkpt>
   <trkpt lat="52.1150320" lon="0.2264750">
    <ele>35.5</ele>
    <time>2025-09-11T07:54:58Z</time>
   </trkpt>
   <trkpt lat="52.1150290" lon="0.2265060">
    <ele>35.6</ele>
    <time>2025-09-11T07:54:59Z</time>
   </trkpt>
   <trkpt lat="52.1150210" lon="0.2265550">
    <ele>35.6</ele>
    <time>2025-09-11T07:55:01Z</time>
   </trkpt>
   <trkpt lat="52.1150150" lon="0.2265710">
    <ele>35.6</ele>
    <time>2025-09-11T07:55:03Z</time>
   </trkpt>
   <trkpt lat="52.1150090" lon="0.2265910">
    <ele>35.6</ele>
    <time>2025-09-11T07:55:04Z</time>
   </trkpt>
   <trkpt lat="52.1150020" lon="0.2266120">
    <ele>35.7</ele>
    <time>2025-09-11T07:55:05Z</time>
   </trkpt>
   <trkpt lat="52.1149920" lon="0.2266440">
    <ele>35.7</ele>
    <time>2025-09-11T07:55:06Z</time>
   </trkpt>
   <trkpt lat="52.1149870" lon="0.2266590">
    <ele>35.7</ele>
    <time>2025-09-11T07:55:07Z</time>
   </trkpt>
   <trkpt lat="52.1149780" lon="0.2266880">
    <ele>35.7</ele>
    <time>2025-09-11T07:55:08Z</time>
   </trkpt>
   <trkpt lat="52.1149670" lon="0.2267040">
    <ele>35.7</ele>
    <time>2025-09-11T07:55:09Z</time>
   </trkpt>
   <trkpt lat="52.1149600" lon="0.2267370">
    <ele>35.8</ele>
    <time>2025-09-11T07:55:10Z</time>
   </trkpt>
   <trkpt lat="52.1149590" lon="0.2267890">
    <ele>35.8</ele>
    <time>2025-09-11T07:55:11Z</time>
   </trkpt>
   <trkpt lat="52.1149540" lon="0.2268090">
    <ele>35.8</ele>
    <time>2025-09-11T07:55:12Z</time>
   </trkpt>
   <trkpt lat="52.1149430" lon="0.2268370">
    <ele>35.8</ele>
    <time>2025-09-11T07:55:13Z</time>
   </trkpt>
   <trkpt lat="52.1149380" lon="0.2268530">
    <ele>35.9</ele>
    <time>2025-09-11T07:55:14Z</time>
   </trkpt>
   <trkpt lat="52.1149320" lon="0.2268780">
    <ele>35.9</ele>
    <time>2025-09-11T07:55:15Z</time>
   </trkpt>
   <trkpt lat="52.1149250" lon="0.2268970">
    <ele>35.9</ele>
    <time>2025-09-11T07:55:16Z</time>
   </trkpt>
   <trkpt lat="52.1149200" lon="0.2269260">
    <ele>35.9</ele>
    <time>2025-09-11T07:55:17Z</time>
   </trkpt>
   <trkpt lat="52.1149160" lon="0.2269470">
    <ele>35.9</ele>
    <time>2025-09-11T07:55:18Z</time>
   </trkpt>
   <trkpt lat="52.1149050" lon="0.2269850">
    <ele>36.0</ele>
    <time>2025-09-11T07:55:19Z</time>
   </trkpt>
   <trkpt lat="52.1148990" lon="0.2270000">
    <ele>36.0</ele>
    <time>2025-09-11T07:55:20Z</time>
   </trkpt>
   <trkpt lat="52.1148940" lon="0.2270170">
    <ele>36.0</ele>
    <time>2025-09-11T07:55:21Z</time>
   </trkpt>
   <trkpt lat="52.1148900" lon="0.2270470">
    <ele>36.0</ele>
    <time>2025-09-11T07:55:22Z</time>
   </trkpt>
   <trkpt lat="52.1148830" lon="0.2270650">
    <ele>36.1</ele>
    <time>2025-09-11T07:55:23Z</time>
   </trkpt>
   <trkpt lat="52.1148740" lon="0.2270840">
    <ele>36.1</ele>
    <time>2025-09-11T07:55:24Z</time>
   </trkpt>
   <trkpt lat="52.1148660" lon="0.2271040">
    <ele>36.1</ele>
    <time>2025-09-11T07:55:25Z</time>
   </trkpt>
   <trkpt lat="52.1148580" lon="0.2271310">
    <ele>36.1</ele>
    <time>2025-09-11T07:55:26Z</time>
   </trkpt>
   <trkpt lat="52.1148520" lon="0.2271480">
    <ele>36.1</ele>
    <time>2025-09-11T07:55:27Z</time>
   </trkpt>
   <trkpt lat="52.1148460" lon="0.2271790">
    <ele>36.1</ele>
    <time>2025-09-11T07:55:28Z</time>
   </trkpt>
   <trkpt lat="52.1148380" lon="0.2272100">
    <ele>36.2</ele>
    <time>2025-09-11T07:55:29Z</time>
   </trkpt>
   <trkpt lat="52.1148340" lon="0.2272230">
    <ele>36.2</ele>
    <time>2025-09-11T07:55:30Z</time>
   </trkpt>
   <trkpt lat="52.1148290" lon="0.2272370">
    <ele>36.2</ele>
    <time>2025-09-11T07:55:31Z</time>
   </trkpt>
   <trkpt lat="52.1148230" lon="0.2272580">
    <ele>36.2</ele>
    <time>2025-09-11T07:55:32Z</time>
   </trkpt>
   <trkpt lat="52.1148140" lon="0.2272830">
    <ele>36.2</ele>
    <time>2025-09-11T07:55:33Z</time>
   </trkpt>
   <trkpt lat="52.1148100" lon="0.2273000">
    <ele>36.2</ele>
    <time>2025-09-11T07:55:34Z</time>
   </trkpt>
   <trkpt lat="52.1148050" lon="0.2273250">
    <ele>36.2</ele>
    <time>2025-09-11T07:55:35Z</time>
   </trkpt>
   <trkpt lat="52.1147960" lon="0.2273520">
    <ele>36.2</ele>
    <time>2025-09-11T07:55:36Z</time>
   </trkpt>
   <trkpt lat="52.1147900" lon="0.2273780">
    <ele>36.2</ele>
    <time>2025-09-11T07:55:37Z</time>
   </trkpt>
   <trkpt lat="52.1147850" lon="0.2273970">
    <ele>36.2</ele>
    <time>2025-09-11T07:55:38Z</time>
   </trkpt>
   <trkpt lat="52.1147750" lon="0.2274270">
    <ele>36.2</ele>
    <time>2025-09-11T07:55:39Z</time>
   </trkpt>
   <trkpt lat="52.1147750" lon="0.2274490">
    <ele>36.2</ele>
    <time>2025-09-11T07:55:40Z</time>
   </trkpt>
   <trkpt lat="52.1147640" lon="0.2274760">
    <ele>36.2</ele>
    <time>2025-09-11T07:55:41Z</time>
   </trkpt>
   <trkpt lat="52.1147580" lon="0.2274960">
    <ele>36.2</ele>
    <time>2025-09-11T07:55:42Z</time>
   </trkpt>
   <trkpt lat="52.1147500" lon="0.2275230">
    <ele>36.2</ele>
    <time>2025-09-11T07:55:43Z</time>
   </trkpt>
   <trkpt lat="52.1147490" lon="0.2275380">
    <ele>36.2</ele>
    <time>2025-09-11T07:55:44Z</time>
   </trkpt>
   <trkpt lat="52.1147390" lon="0.2275650">
    <ele>36.2</ele>
    <time>2025-09-11T07:55:45Z</time>
   </trkpt>
   <trkpt lat="52.1147310" lon="0.2275970">
    <ele>36.2</ele>
    <time>2025-09-11T07:55:46Z</time>
   </trkpt>
   <trkpt lat="52.1147280" lon="0.2276140">
    <ele>36.2</ele>
    <time>2025-09-11T07:55:47Z</time>
   </trkpt>
   <trkpt lat="52.1147260" lon="0.2276310">
    <ele>36.2</ele>
    <time>2025-09-11T07:55:48Z</time>
   </trkpt>
   <trkpt lat="52.1147160" lon="0.2276530">
    <ele>36.1</ele>
    <time>2025-09-11T07:55:49Z</time>
   </trkpt>
   <trkpt lat="52.1147100" lon="0.2276840">
    <ele>36.1</ele>
    <time>2025-09-11T07:55:50Z</time>
   </trkpt>
   <trkpt lat="52.1147070" lon="0.2277020">
    <ele>36.1</ele>
    <time>2025-09-11T07:55:51Z</time>
   </trkpt>
   <trkpt lat="52.1146950" lon="0.2277310">
    <ele>36.1</ele>
    <time>2025-09-11T07:55:52Z</time>
   </trkpt>
   <trkpt lat="52.1146870" lon="0.2277430">
    <ele>36.1</ele>
    <time>2025-09-11T07:55:53Z</time>
   </trkpt>
   <trkpt lat="52.1146770" lon="0.2277660">
    <ele>36.1</ele>
    <time>2025-09-11T07:55:54Z</time>
   </trkpt>
   <trkpt lat="52.1146700" lon="0.2277890">
    <ele>36.1</ele>
    <time>2025-09-11T07:55:55Z</time>
   </trkpt>
   <trkpt lat="52.1146630" lon="0.2278070">
    <ele>36.1</ele>
    <time>2025-09-11T07:55:56Z</time>
   </trkpt>
   <trkpt lat="52.1146550" lon="0.2278310">
    <ele>36.1</ele>
    <time>2025-09-11T07:55:57Z</time>
   </trkpt>
   <trkpt lat="52.1146490" lon="0.2278550">
    <ele>36.2</ele>
    <time>2025-09-11T07:55:58Z</time>
   </trkpt>
   <trkpt lat="52.1146370" lon="0.2278660">
    <ele>36.2</ele>
    <time>2025-09-11T07:55:59Z</time>
   </trkpt>
   <trkpt lat="52.1146360" lon="0.2278900">
    <ele>36.2</ele>
    <time>2025-09-11T07:56:00Z</time>
   </trkpt>
   <trkpt lat="52.1146320" lon="0.2279060">
    <ele>36.2</ele>
    <time>2025-09-11T07:56:01Z</time>
   </trkpt>
   <trkpt lat="52.1146220" lon="0.2279370">
    <ele>36.2</ele>
    <time>2025-09-11T07:56:02Z</time>
   </trkpt>
   <trkpt lat="52.1146190" lon="0.2279520">
    <ele>36.2</ele>
    <time>2025-09-11T07:56:03Z</time>
   </trkpt>
   <trkpt lat="52.1146160" lon="0.2279670">
    <ele>36.2</ele>
    <time>2025-09-11T07:56:04Z</time>
   </trkpt>
   <trkpt lat="52.1146060" lon="0.2280000">
    <ele>36.3</ele>
    <time>2025-09-11T07:56:05Z</time>
   </trkpt>
   <trkpt lat="52.1146010" lon="0.2280130">
    <ele>36.3</ele>
    <time>2025-09-11T07:56:06Z</time>
   </trkpt>
   <trkpt lat="52.1145960" lon="0.2280260">
    <ele>36.3</ele>
    <time>2025-09-11T07:56:07Z</time>
   </trkpt>
   <trkpt lat="52.1145880" lon="0.2280420">
    <ele>36.3</ele>
    <time>2025-09-11T07:56:08Z</time>
   </trkpt>
   <trkpt lat="52.1145790" lon="0.2280610">
    <ele>36.4</ele>
    <time>2025-09-11T07:56:09Z</time>
   </trkpt>
   <trkpt lat="52.1145710" lon="0.2280810">
    <ele>36.4</ele>
    <time>2025-09-11T07:56:10Z</time>
   </trkpt>
   <trkpt lat="52.1145600" lon="0.2281000">
    <ele>36.4</ele>
    <time>2025-09-11T07:56:11Z</time>
   </trkpt>
   <trkpt lat="52.1145470" lon="0.2281280">
    <ele>36.5</ele>
    <time>2025-09-11T07:56:12Z</time>
   </trkpt>
   <trkpt lat="52.1145400" lon="0.2281410">
    <ele>36.5</ele>
    <time>2025-09-11T07:56:13Z</time>
   </trkpt>
   <trkpt lat="52.1145340" lon="0.2281540">
    <ele>36.5</ele>
    <time>2025-09-11T07:56:14Z</time>
   </trkpt>
   <trkpt lat="52.1145230" lon="0.2281740">
    <ele>36.5</ele>
    <time>2025-09-11T07:56:15Z</time>
   </trkpt>
   <trkpt lat="52.1145100" lon="0.2281930">
    <ele>36.6</ele>
    <time>2025-09-11T07:56:16Z</time>
   </trkpt>
   <trkpt lat="52.1145010" lon="0.2282170">
    <ele>36.6</ele>
    <time>2025-09-11T07:56:17Z</time>
   </trkpt>
   <trkpt lat="52.1144940" lon="0.2282370">
    <ele>36.6</ele>
    <time>2025-09-11T07:56:18Z</time>
   </trkpt>
   <trkpt lat="52.1144890" lon="0.2282600">
    <ele>36.7</ele>
    <time>2025-09-11T07:56:19Z</time>
   </trkpt>
   <trkpt lat="52.1144840" lon="0.2282830">
    <ele>36.7</ele>
    <time>2025-09-11T07:56:20Z</time>
   </trkpt>
   <trkpt lat="52.1144800" lon="0.2282950">
    <ele>36.7</ele>
    <time>2025-09-11T07:56:21Z</time>
   </trkpt>
   <trkpt lat="52.1144760" lon="0.2283170">
    <ele>36.7</ele>
    <time>2025-09-11T07:56:22Z</time>
   </trkpt>
   <trkpt lat="52.1144760" lon="0.2283350">
    <ele>36.7</ele>
    <time>2025-09-11T07:56:23Z</time>
   </trkpt>
   <trkpt lat="52.1144750" lon="0.2283580">
    <ele>36.7</ele>
    <time>2025-09-11T07:56:24Z</time>
   </trkpt>
   <trkpt lat="52.1144710" lon="0.2283810">
    <ele>36.7</ele>
    <time>2025-09-11T07:56:25Z</time>
   </trkpt>
   <trkpt lat="52.1144670" lon="0.2284130">
    <ele>36.7</ele>
    <time>2025-09-11T07:56:26Z</time>
   </trkpt>
   <trkpt lat="52.1144650" lon="0.2284270">
    <ele>36.7</ele>
    <time>2025-09-11T07:56:27Z</time>
   </trkpt>
   <trkpt lat="52.1144630" lon="0.2284420">
    <ele>36.7</ele>
    <time>2025-09-11T07:56:28Z</time>
   </trkpt>
   <trkpt lat="52.1144570" lon="0.2284790">
    <ele>36.7</ele>
    <time>2025-09-11T07:56:29Z</time>
   </trkpt>
   <trkpt lat="52.1144540" lon="0.2284940">
    <ele>36.8</ele>
    <time>2025-09-11T07:56:30Z</time>
   </trkpt>
   <trkpt lat="52.1144500" lon="0.2285090">
    <ele>36.8</ele>
    <time>2025-09-11T07:56:31Z</time>
   </trkpt>
   <trkpt lat="52.1144450" lon="0.2285330">
    <ele>36.8</ele>
    <time>2025-09-11T07:56:32Z</time>
   </trkpt>
   <trkpt lat="52.1144370" lon="0.2285580">
    <ele>36.8</ele>
    <time>2025-09-11T07:56:33Z</time>
   </trkpt>
   <trkpt lat="52.1144220" lon="0.2285830">
    <ele>36.8</ele>
    <time>2025-09-11T07:56:34Z</time>
   </trkpt>
   <trkpt lat="52.1144140" lon="0.2285950">
    <ele>36.8</ele>
    <time>2025-09-11T07:56:35Z</time>
   </trkpt>
   <trkpt lat="52.1144070" lon="0.2286060">
    <ele>36.8</ele>
    <time>2025-09-11T07:56:36Z</time>
   </trkpt>
   <trkpt lat="52.1143980" lon="0.2286210">
    <ele>36.8</ele>
    <time>2025-09-11T07:56:37Z</time>
   </trkpt>
   <trkpt lat="52.1143860" lon="0.2286380">
    <ele>36.8</ele>
    <time>2025-09-11T07:56:38Z</time>
   </trkpt>
   <trkpt lat="52.1143760" lon="0.2286510">
    <ele>36.8</ele>
    <time>2025-09-11T07:56:39Z</time>
   </trkpt>
   <trkpt lat="52.1143580" lon="0.2286650">
    <ele>36.8</ele>
    <time>2025-09-11T07:56:40Z</time>
   </trkpt>
   <trkpt lat="52.1143410" lon="0.2286770">
    <ele>36.8</ele>
    <time>2025-09-11T07:56:41Z</time>
   </trkpt>
   <trkpt lat="52.1143330" lon="0.2286850">
    <ele>36.8</ele>
    <time>2025-09-11T07:56:42Z</time>
   </trkpt>
   <trkpt lat="52.1143250" lon="0.2286930">
    <ele>36.8</ele>
    <time>2025-09-11T07:56:43Z</time>
   </trkpt>
   <trkpt lat="52.1143170" lon="0.2287010">
    <ele>36.9</ele>
    <time>2025-09-11T07:56:44Z</time>
   </trkpt>
   <trkpt lat="52.1143110" lon="0.2287100">
    <ele>36.9</ele>
    <time>2025-09-11T07:56:45Z</time>
   </trkpt>
   <trkpt lat="52.1142930" lon="0.2287080">
    <ele>36.9</ele>
    <time>2025-09-11T07:56:46Z</time>
   </trkpt>
   <trkpt lat="52.1142800" lon="0.2287000">
    <ele>36.9</ele>
    <time>2025-09-11T07:56:47Z</time>
   </trkpt>
   <trkpt lat="52.1142670" lon="0.2286930">
    <ele>36.9</ele>
    <time>2025-09-11T07:56:48Z</time>
   </trkpt>
   <trkpt lat="52.1142470" lon="0.2286860">
    <ele>36.9</ele>
    <time>2025-09-11T07:56:49Z</time>
   </trkpt>
   <trkpt lat="52.1142360" lon="0.2286840">
    <ele>36.9</ele>
    <time>2025-09-11T07:56:50Z</time>
   </trkpt>
   <trkpt lat="52.1142260" lon="0.2286830">
    <ele>36.9</ele>
    <time>2025-09-11T07:56:51Z</time>
   </trkpt>
   <trkpt lat="52.1142120" lon="0.2286690">
    <ele>36.9</ele>
    <time>2025-09-11T07:56:52Z</time>
   </trkpt>
   <trkpt lat="52.1141980" lon="0.2286530">
    <ele>36.9</ele>
    <time>2025-09-11T07:56:53Z</time>
   </trkpt>
   <trkpt lat="52.1141800" lon="0.2286340">
    <ele>36.9</ele>
    <time>2025-09-11T07:56:54Z</time>
   </trkpt>
   <trkpt lat="52.1141710" lon="0.2286300">
    <ele>36.9</ele>
    <time>2025-09-11T07:56:55Z</time>
   </trkpt>
   <trkpt lat="52.1141630" lon="0.2286270">
    <ele>36.9</ele>
    <time>2025-09-11T07:56:56Z</time>
   </trkpt>
   <trkpt lat="52.1141500" lon="0.2286210">
    <ele>36.9</ele>
    <time>2025-09-11T07:56:57Z</time>
   </trkpt>
   <trkpt lat="52.1141330" lon="0.2286000">
    <ele>36.9</ele>
    <time>2025-09-11T07:56:58Z</time>
   </trkpt>
   <trkpt lat="52.1141160" lon="0.2285920">
    <ele>37.0</ele>
    <time>2025-09-11T07:56:59Z</time>
   </trkpt>
   <trkpt lat="52.1141050" lon="0.2285830">
    <ele>37.0</ele>
    <time>2025-09-11T07:57:00Z</time>
   </trkpt>
   <trkpt lat="52.1140840" lon="0.2285530">
    <ele>37.0</ele>
    <time>2025-09-11T07:57:01Z</time>
   </trkpt>
   <trkpt lat="52.1140790" lon="0.2285410">
    <ele>37.0</ele>
    <time>2025-09-11T07:57:02Z</time>
   </trkpt>
   <trkpt lat="52.1140680" lon="0.2285210">
    <ele>37.0</ele>
    <time>2025-09-11T07:57:03Z</time>
   </trkpt>
   <trkpt lat="52.1140550" lon="0.2285090">
    <ele>37.0</ele>
    <time>2025-09-11T07:57:04Z</time>
   </trkpt>
   <trkpt lat="52.1140450" lon="0.2284920">
    <ele>37.0</ele>
    <time>2025-09-11T07:57:05Z</time>
   </trkpt>
   <trkpt lat="52.1140340" lon="0.2284710">
    <ele>37.0</ele>
    <time>2025-09-11T07:57:06Z</time>
   </trkpt>
   <trkpt lat="52.1140220" lon="0.2284590">
    <ele>37.0</ele>
    <time>2025-09-11T07:57:07Z</time>
   </trkpt>
   <trkpt lat="52.1140110" lon="0.2284460">
    <ele>37.0</ele>
    <time>2025-09-11T07:57:08Z</time>
   </trkpt>
   <trkpt lat="52.1139880" lon="0.2284140">
    <ele>37.1</ele>
    <time>2025-09-11T07:57:10Z</time>
   </trkpt>
   <trkpt lat="52.1139760" lon="0.2284020">
    <ele>37.1</ele>
    <time>2025-09-11T07:57:11Z</time>
   </trkpt>
   <trkpt lat="52.1139650" lon="0.2283840">
    <ele>37.1</ele>
    <time>2025-09-11T07:57:12Z</time>
   </trkpt>
   <trkpt lat="52.1139550" lon="0.2283650">
    <ele>37.1</ele>
    <time>2025-09-11T07:57:13Z</time>
   </trkpt>
   <trkpt lat="52.1139430" lon="0.2283520">
    <ele>37.1</ele>
    <time>2025-09-11T07:57:14Z</time>
   </trkpt>
   <trkpt lat="52.1139320" lon="0.2283360">
    <ele>37.1</ele>
    <time>2025-09-11T07:57:15Z</time>
   </trkpt>
   <trkpt lat="52.1139200" lon="0.2283200">
    <ele>37.1</ele>
    <time>2025-09-11T07:57:16Z</time>
   </trkpt>
   <trkpt lat="52.1139100" lon="0.2283010">
    <ele>37.1</ele>
    <time>2025-09-11T07:57:17Z</time>
   </trkpt>
   <trkpt lat="52.1139010" lon="0.2282790">
    <ele>37.0</ele>
    <time>2025-09-11T07:57:18Z</time>
   </trkpt>
   <trkpt lat="52.1138890" lon="0.2282640">
    <ele>37.0</ele>
    <time>2025-09-11T07:57:19Z</time>
   </trkpt>
   <trkpt lat="52.1138770" lon="0.2282530">
    <ele>37.0</ele>
    <time>2025-09-11T07:57:20Z</time>
   </trkpt>
   <trkpt lat="52.1138660" lon="0.2282400">
    <ele>37.0</ele>
    <time>2025-09-11T07:57:21Z</time>
   </trkpt>
   <trkpt lat="52.1138530" lon="0.2282230">
    <ele>37.0</ele>
    <time>2025-09-11T07:57:22Z</time>
   </trkpt>
   <trkpt lat="52.1138450" lon="0.2282040">
    <ele>37.0</ele>
    <time>2025-09-11T07:57:23Z</time>
   </trkpt>
   <trkpt lat="52.1138350" lon="0.2281870">
    <ele>37.0</ele>
    <time>2025-09-11T07:57:24Z</time>
   </trkpt>
   <trkpt lat="52.1138170" lon="0.2281630">
    <ele>37.0</ele>
    <time>2025-09-11T07:57:25Z</time>
   </trkpt>
   <trkpt lat="52.1138100" lon="0.2281540">
    <ele>37.0</ele>
    <time>2025-09-11T07:57:26Z</time>
   </trkpt>
   <trkpt lat="52.1138030" lon="0.2281450">
    <ele>37.0</ele>
    <time>2025-09-11T07:57:27Z</time>
   </trkpt>
   <trkpt lat="52.1137870" lon="0.2281200">
    <ele>36.9</ele>
    <time>2025-09-11T07:57:28Z</time>
   </trkpt>
   <trkpt lat="52.1137810" lon="0.2281080">
    <ele>36.9</ele>
    <time>2025-09-11T07:57:29Z</time>
   </trkpt>
   <trkpt lat="52.1137740" lon="0.2280970">
    <ele>36.9</ele>
    <time>2025-09-11T07:57:30Z</time>
   </trkpt>
   <trkpt lat="52.1137550" lon="0.2280740">
    <ele>36.9</ele>
    <time>2025-09-11T07:57:31Z</time>
   </trkpt>
   <trkpt lat="52.1137490" lon="0.2280640">
    <ele>36.9</ele>
    <time>2025-09-11T07:57:32Z</time>
   </trkpt>
   <trkpt lat="52.1137420" lon="0.2280540">
    <ele>36.9</ele>
    <time>2025-09-11T07:57:33Z</time>
   </trkpt>
   <trkpt lat="52.1137330" lon="0.2280370">
    <ele>36.9</ele>
    <time>2025-09-11T07:57:34Z</time>
   </trkpt>
   <trkpt lat="52.1137220" lon="0.2280200">
    <ele>36.9</ele>
    <time>2025-09-11T07:57:35Z</time>
   </trkpt>
   <trkpt lat="52.1137110" lon="0.2280040">
    <ele>36.8</ele>
    <time>2025-09-11T07:57:36Z</time>
   </trkpt>
   <trkpt lat="52.1137000" lon="0.2279900">
    <ele>36.8</ele>
    <time>2025-09-11T07:57:37Z</time>
   </trkpt>
   <trkpt lat="52.1136920" lon="0.2279700">
    <ele>36.8</ele>
    <time>2025-09-11T07:57:38Z</time>
   </trkpt>
   <trkpt lat="52.1136830" lon="0.2279560">
    <ele>36.7</ele>
    <time>2025-09-11T07:57:39Z</time>
   </trkpt>
   <trkpt lat="52.1136680" lon="0.2279310">
    <ele>36.6</ele>
    <time>2025-09-11T07:57:40Z</time>
   </trkpt>
   <trkpt lat="52.1136620" lon="0.2279210">
    <ele>36.6</ele>
    <time>2025-09-11T07:57:41Z</time>
   </trkpt>
   <trkpt lat="52.1136550" lon="0.2279120">
    <ele>36.6</ele>
    <time>2025-09-11T07:57:42Z</time>
   </trkpt>
   <trkpt lat="52.1136370" lon="0.2278950">
    <ele>36.5</ele>
    <time>2025-09-11T07:57:43Z</time>
   </trkpt>
   <trkpt lat="52.1136290" lon="0.2278900">
    <ele>36.5</ele>
    <time>2025-09-11T07:57:44Z</time>
   </trkpt>
   <trkpt lat="52.1136220" lon="0.2278840">
    <ele>36.5</ele>
    <time>2025-09-11T07:57:45Z</time>
   </trkpt>
   <trkpt lat="52.1136080" lon="0.2278610">
    <ele>36.4</ele>
    <time>2025-09-11T07:57:46Z</time>
   </trkpt>
   <trkpt lat="52.1136040" lon="0.2278470">
    <ele>36.4</ele>
    <time>2025-09-11T07:57:47Z</time>
   </trkpt>
   <trkpt lat="52.1136010" lon="0.2278340">
    <ele>36.4</ele>
    <time>2025-09-11T07:57:48Z</time>
   </trkpt>
   <trkpt lat="52.1135920" lon="0.2278050">
    <ele>36.3</ele>
    <time>2025-09-11T07:57:49Z</time>
   </trkpt>
   <trkpt lat="52.1135880" lon="0.2277920">
    <ele>36.3</ele>
    <time>2025-09-11T07:57:50Z</time>
   </trkpt>
   <trkpt lat="52.1135850" lon="0.2277790">
    <ele>36.3</ele>
    <time>2025-09-11T07:57:51Z</time>
   </trkpt>
   <trkpt lat="52.1135760" lon="0.2277620">
    <ele>36.2</ele>
    <time>2025-09-11T07:57:52Z</time>
   </trkpt>
   <trkpt lat="52.1135670" lon="0.2277450">
    <ele>36.2</ele>
    <time>2025-09-11T07:57:53Z</time>
   </trkpt>
   <trkpt lat="52.1135590" lon="0.2277130">
    <ele>36.1</ele>
    <time>2025-09-11T07:57:54Z</time>
   </trkpt>
   <trkpt lat="52.1135550" lon="0.2277020">
    <ele>36.1</ele>
    <time>2025-09-11T07:57:55Z</time>
   </trkpt>
   <trkpt lat="52.1135500" lon="0.2276900">
    <ele>36.1</ele>
    <time>2025-09-11T07:57:56Z</time>
   </trkpt>
   <trkpt lat="52.1135400" lon="0.2276610">
    <ele>36.1</ele>
    <time>2025-09-11T07:57:57Z</time>
   </trkpt>
   <trkpt lat="52.1135370" lon="0.2276480">
    <ele>36.0</ele>
    <time>2025-09-11T07:57:58Z</time>
   </trkpt>
   <trkpt lat="52.1135340" lon="0.2276340">
    <ele>36.0</ele>
    <time>2025-09-11T07:57:59Z</time>
   </trkpt>
   <trkpt lat="52.1135320" lon="0.2276110">
    <ele>36.0</ele>
    <time>2025-09-11T07:58:00Z</time>
   </trkpt>
   <trkpt lat="52.1135340" lon="0.2275880">
    <ele>36.0</ele>
    <time>2025-09-11T07:58:01Z</time>
   </trkpt>
   <trkpt lat="52.1135320" lon="0.2275660">
    <ele>35.9</ele>
    <time>2025-09-11T07:58:02Z</time>
   </trkpt>
   <trkpt lat="52.1135290" lon="0.2275400">
    <ele>35.9</ele>
    <time>2025-09-11T07:58:03Z</time>
   </trkpt>
   <trkpt lat="52.1135260" lon="0.2275170">
    <ele>35.9</ele>
    <time>2025-09-11T07:58:04Z</time>
   </trkpt>
   <trkpt lat="52.1135310" lon="0.2274930">
    <ele>35.9</ele>
    <time>2025-09-11T07:58:05Z</time>
   </trkpt>
   <trkpt lat="52.1135310" lon="0.2274680">
    <ele>35.9</ele>
    <time>2025-09-11T07:58:06Z</time>
   </trkpt>
   <trkpt lat="52.1135310" lon="0.2274450">
    <ele>35.8</ele>
    <time>2025-09-11T07:58:07Z</time>
   </trkpt>
   <trkpt lat="52.1135350" lon="0.2274220">
    <ele>35.8</ele>
    <time>2025-09-11T07:58:08Z</time>
   </trkpt>
   <trkpt lat="52.1135360" lon="0.2273960">
    <ele>35.8</ele>
    <time>2025-09-11T07:58:09Z</time>
   </trkpt>
   <trkpt lat="52.1135370" lon="0.2273570">
    <ele>35.8</ele>
    <time>2025-09-11T07:58:10Z</time>
   </trkpt>
   <trkpt lat="52.1135390" lon="0.2273430">
    <ele>35.8</ele>
    <time>2025-09-11T07:58:11Z</time>
   </trkpt>
   <trkpt lat="52.1135410" lon="0.2273290">
    <ele>35.8</ele>
    <time>2025-09-11T07:58:12Z</time>
   </trkpt>
   <trkpt lat="52.1135480" lon="0.2273080">
    <ele>35.8</ele>
    <time>2025-09-11T07:58:13Z</time>
   </trkpt>
   <trkpt lat="52.1135520" lon="0.2272880">
    <ele>35.8</ele>
    <time>2025-09-11T07:58:14Z</time>
   </trkpt>
   <trkpt lat="52.1135560" lon="0.2272660">
    <ele>35.9</ele>
    <time>2025-09-11T07:58:15Z</time>
   </trkpt>
   <trkpt lat="52.1135550" lon="0.2272420">
    <ele>35.9</ele>
    <time>2025-09-11T07:58:16Z</time>
   </trkpt>
   <trkpt lat="52.1135530" lon="0.2272080">
    <ele>35.9</ele>
    <time>2025-09-11T07:58:17Z</time>
   </trkpt>
   <trkpt lat="52.1135480" lon="0.2271940">
    <ele>35.9</ele>
    <time>2025-09-11T07:58:18Z</time>
   </trkpt>
   <trkpt lat="52.1135430" lon="0.2271810">
    <ele>35.9</ele>
    <time>2025-09-11T07:58:19Z</time>
   </trkpt>
   <trkpt lat="52.1135150" lon="0.2271750">
    <ele>35.8</ele>
    <time>2025-09-11T07:58:20Z</time>
   </trkpt>
   <trkpt lat="52.1135050" lon="0.2271760">
    <ele>35.8</ele>
    <time>2025-09-11T07:58:21Z</time>
   </trkpt>
   <trkpt lat="52.1134900" lon="0.2271720">
    <ele>35.8</ele>
    <time>2025-09-11T07:58:22Z</time>
   </trkpt>
   <trkpt lat="52.1134750" lon="0.2271740">
    <ele>35.8</ele>
    <time>2025-09-11T07:58:23Z</time>
   </trkpt>
   <trkpt lat="52.1134620" lon="0.2271610">
    <ele>35.8</ele>
    <time>2025-09-11T07:58:24Z</time>
   </trkpt>
   <trkpt lat="52.1134490" lon="0.2271640">
    <ele>35.8</ele>
    <time>2025-09-11T07:58:25Z</time>
   </trkpt>
   <trkpt lat="52.1134330" lon="0.2271590">
    <ele>35.8</ele>
    <time>2025-09-11T07:58:26Z</time>
   </trkpt>
   <trkpt lat="52.1134210" lon="0.2271540">
    <ele>35.8</ele>
    <time>2025-09-11T07:58:27Z</time>
   </trkpt>
   <trkpt lat="52.1134060" lon="0.2271450">
    <ele>35.8</ele>
    <time>2025-09-11T07:58:28Z</time>
   </trkpt>
   <trkpt lat="52.1133960" lon="0.2271320">
    <ele>35.8</ele>
    <time>2025-09-11T07:58:29Z</time>
   </trkpt>
   <trkpt lat="52.1133910" lon="0.2271080">
    <ele>35.7</ele>
    <time>2025-09-11T07:58:30Z</time>
   </trkpt>
   <trkpt lat="52.1134010" lon="0.2270790">
    <ele>35.7</ele>
    <time>2025-09-11T07:58:31Z</time>
   </trkpt>
   <trkpt lat="52.1134300" lon="0.2270660">
    <ele>35.7</ele>
    <time>2025-09-11T07:58:32Z</time>
   </trkpt>
   <trkpt lat="52.1134390" lon="0.2270620">
    <ele>35.7</ele>
    <time>2025-09-11T07:58:33Z</time>
   </trkpt>
   <trkpt lat="52.1134510" lon="0.2270430">
    <ele>35.7</ele>
    <time>2025-09-11T07:58:34Z</time>
   </trkpt>
   <trkpt lat="52.1134610" lon="0.2270220">
    <ele>35.7</ele>
    <time>2025-09-11T07:58:35Z</time>
   </trkpt>
   <trkpt lat="52.1134680" lon="0.2269990">
    <ele>35.6</ele>
    <time>2025-09-11T07:58:36Z</time>
   </trkpt>
   <trkpt lat="52.1134770" lon="0.2269770">
    <ele>35.6</ele>
    <time>2025-09-11T07:58:37Z</time>
   </trkpt>
   <trkpt lat="52.1134850" lon="0.2269550">
    <ele>35.6</ele>
    <time>2025-09-11T07:58:38Z</time>
   </trkpt>
   <trkpt lat="52.1134900" lon="0.2269310">
    <ele>35.6</ele>
    <time>2025-09-11T07:58:39Z</time>
   </trkpt>
   <trkpt lat="52.1134960" lon="0.2269080">
    <ele>35.6</ele>
    <time>2025-09-11T07:58:40Z</time>
   </trkpt>
   <trkpt lat="52.1135030" lon="0.2268880">
    <ele>35.6</ele>
    <time>2025-09-11T07:58:41Z</time>
   </trkpt>
   <trkpt lat="52.1135100" lon="0.2268500">
    <ele>35.6</ele>
    <time>2025-09-11T07:58:42Z</time>
   </trkpt>
   <trkpt lat="52.1135120" lon="0.2268340">
    <ele>35.5</ele>
    <time>2025-09-11T07:58:43Z</time>
   </trkpt>
   <trkpt lat="52.1135150" lon="0.2268180">
    <ele>35.5</ele>
    <time>2025-09-11T07:58:44Z</time>
   </trkpt>
   <trkpt lat="52.1135170" lon="0.2267840">
    <ele>35.5</ele>
    <time>2025-09-11T07:58:45Z</time>
   </trkpt>
   <trkpt lat="52.1135190" lon="0.2267660">
    <ele>35.5</ele>
    <time>2025-09-11T07:58:46Z</time>
   </trkpt>
   <trkpt lat="52.1135200" lon="0.2267490">
    <ele>35.5</ele>
    <time>2025-09-11T07:58:47Z</time>
   </trkpt>
   <trkpt lat="52.1135260" lon="0.2267120">
    <ele>35.5</ele>
    <time>2025-09-11T07:58:48Z</time>
   </trkpt>
   <trkpt lat="52.1135270" lon="0.2266950">
    <ele>35.5</ele>
    <time>2025-09-11T07:58:49Z</time>
   </trkpt>
   <trkpt lat="52.1135280" lon="0.2266780">
    <ele>35.5</ele>
    <time>2025-09-11T07:58:50Z</time>
   </trkpt>
   <trkpt lat="52.1135350" lon="0.2266490">
    <ele>35.5</ele>
    <time>2025-09-11T07:58:51Z</time>
   </trkpt>
   <trkpt lat="52.1135380" lon="0.2266350">
    <ele>35.5</ele>
    <time>2025-09-11T07:58:52Z</time>
   </trkpt>
   <trkpt lat="52.1135420" lon="0.2266220">
    <ele>35.5</ele>
    <time>2025-09-11T07:58:53Z</time>
   </trkpt>
   <trkpt lat="52.1135480" lon="0.2266020">
    <ele>35.5</ele>
    <time>2025-09-11T07:58:54Z</time>
   </trkpt>
   <trkpt lat="52.1135560" lon="0.2265820">
    <ele>35.5</ele>
    <time>2025-09-11T07:58:55Z</time>
   </trkpt>
   <trkpt lat="52.1135630" lon="0.2265610">
    <ele>35.5</ele>
    <time>2025-09-11T07:58:56Z</time>
   </trkpt>
   <trkpt lat="52.1135670" lon="0.2265400">
    <ele>35.4</ele>
    <time>2025-09-11T07:58:57Z</time>
   </trkpt>
   <trkpt lat="52.1135740" lon="0.2265200">
    <ele>35.4</ele>
    <time>2025-09-11T07:58:58Z</time>
   </trkpt>
   <trkpt lat="52.1135820" lon="0.2264960">
    <ele>35.4</ele>
    <time>2025-09-11T07:58:59Z</time>
   </trkpt>
   <trkpt lat="52.1135920" lon="0.2264780">
    <ele>35.4</ele>
    <time>2025-09-11T07:59:00Z</time>
   </trkpt>
   <trkpt lat="52.1135960" lon="0.2264460">
    <ele>35.4</ele>
    <time>2025-09-11T07:59:01Z</time>
   </trkpt>
   <trkpt lat="52.1136090" lon="0.2264190">
    <ele>35.4</ele>
    <time>2025-09-11T07:59:02Z</time>
   </trkpt>
   <trkpt lat="52.1136170" lon="0.2264080">
    <ele>35.4</ele>
    <time>2025-09-11T07:59:03Z</time>
   </trkpt>
   <trkpt lat="52.1136260" lon="0.2263980">
    <ele>35.4</ele>
    <time>2025-09-11T07:59:04Z</time>
   </trkpt>
   <trkpt lat="52.1136420" lon="0.2263860">
    <ele>35.4</ele>
    <time>2025-09-11T07:59:05Z</time>
   </trkpt>
   <trkpt lat="52.1136560" lon="0.2263700">
    <ele>35.4</ele>
    <time>2025-09-11T07:59:06Z</time>
   </trkpt>
   <trkpt lat="52.1136660" lon="0.2263500">
    <ele>35.4</ele>
    <time>2025-09-11T07:59:07Z</time>
   </trkpt>
   <trkpt lat="52.1136840" lon="0.2263390">
    <ele>35.4</ele>
    <time>2025-09-11T07:59:08Z</time>
   </trkpt>
   <trkpt lat="52.1136940" lon="0.2263240">
    <ele>35.4</ele>
    <time>2025-09-11T07:59:09Z</time>
   </trkpt>
   <trkpt lat="52.1137060" lon="0.2263120">
    <ele>35.3</ele>
    <time>2025-09-11T07:59:10Z</time>
   </trkpt>
   <trkpt lat="52.1137200" lon="0.2262980">
    <ele>35.3</ele>
    <time>2025-09-11T07:59:11Z</time>
   </trkpt>
   <trkpt lat="52.1137310" lon="0.2262800">
    <ele>35.3</ele>
    <time>2025-09-11T07:59:12Z</time>
   </trkpt>
   <trkpt lat="52.1137460" lon="0.2262670">
    <ele>35.3</ele>
    <time>2025-09-11T07:59:13Z</time>
   </trkpt>
   <trkpt lat="52.1137600" lon="0.2262570">
    <ele>35.3</ele>
    <time>2025-09-11T07:59:14Z</time>
   </trkpt>
   <trkpt lat="52.1137740" lon="0.2262470">
    <ele>35.3</ele>
    <time>2025-09-11T07:59:15Z</time>
   </trkpt>
   <trkpt lat="52.1137910" lon="0.2262410">
    <ele>35.3</ele>
    <time>2025-09-11T07:59:16Z</time>
   </trkpt>
   <trkpt lat="52.1138120" lon="0.2262340">
    <ele>35.3</ele>
    <time>2025-09-11T07:59:17Z</time>
   </trkpt>
   <trkpt lat="52.1138210" lon="0.2262340">
    <ele>35.3</ele>
    <time>2025-09-11T07:59:18Z</time>
   </trkpt>
   <trkpt lat="52.1138290" lon="0.2262350">
    <ele>35.3</ele>
    <time>2025-09-11T07:59:19Z</time>
   </trkpt>
   <trkpt lat="52.1138540" lon="0.2262280">
    <ele>35.2</ele>
    <time>2025-09-11T07:59:20Z</time>
   </trkpt>
   <trkpt lat="52.1138620" lon="0.2262280">
    <ele>35.2</ele>
    <time>2025-09-11T07:59:21Z</time>
   </trkpt>
   <trkpt lat="52.1138710" lon="0.2262270">
    <ele>35.2</ele>
    <time>2025-09-11T07:59:22Z</time>
   </trkpt>
   <trkpt lat="52.1138900" lon="0.2262260">
    <ele>35.2</ele>
    <time>2025-09-11T07:59:23Z</time>
   </trkpt>
   <trkpt lat="52.1138980" lon="0.2262160">
    <ele>35.2</ele>
    <time>2025-09-11T07:59:24Z</time>
   </trkpt>
   <trkpt lat="52.1139110" lon="0.2261930">
    <ele>35.2</ele>
    <time>2025-09-11T07:59:25Z</time>
   </trkpt>
   <trkpt lat="52.1139080" lon="0.2261660">
    <ele>35.2</ele>
    <time>2025-09-11T07:59:26Z</time>
   </trkpt>
   <trkpt lat="52.1139050" lon="0.2261380">
    <ele>35.2</ele>
    <time>2025-09-11T07:59:27Z</time>
   </trkpt>
   <trkpt lat="52.1139040" lon="0.2261160">
    <ele>35.2</ele>
    <time>2025-09-11T07:59:28Z</time>
   </trkpt>
   <trkpt lat="52.1139050" lon="0.2260910">
    <ele>35.2</ele>
    <time>2025-09-11T07:59:29Z</time>
   </trkpt>
   <trkpt lat="52.1139080" lon="0.2260670">
    <ele>35.2</ele>
    <time>2025-09-11T07:59:30Z</time>
   </trkpt>
   <trkpt lat="52.1139100" lon="0.2260430">
    <ele>35.2</ele>
    <time>2025-09-11T07:59:31Z</time>
   </trkpt>
   <trkpt lat="52.1139070" lon="0.2260110">
    <ele>35.2</ele>
    <time>2025-09-11T07:59:32Z</time>
   </trkpt>
   <trkpt lat="52.1139110" lon="0.2259940">
    <ele>35.2</ele>
    <time>2025-09-11T07:59:33Z</time>
   </trkpt>
   <trkpt lat="52.1139140" lon="0.2259670">
    <ele>35.2</ele>
    <time>2025-09-11T07:59:34Z</time>
   </trkpt>
   <trkpt lat="52.1139190" lon="0.2259270">
    <ele>35.2</ele>
    <time>2025-09-11T07:59:35Z</time>
   </trkpt>
   <trkpt lat="52.1139220" lon="0.2259090">
    <ele>35.2</ele>
    <time>2025-09-11T07:59:36Z</time>
   </trkpt>
   <trkpt lat="52.1139190" lon="0.2258940">
    <ele>35.2</ele>
    <time>2025-09-11T07:59:37Z</time>
   </trkpt>
   <trkpt lat="52.1139150" lon="0.2258660">
    <ele>35.2</ele>
    <time>2025-09-11T07:59:38Z</time>
   </trkpt>
   <trkpt lat="52.1139040" lon="0.2258510">
    <ele>35.1</ele>
    <time>2025-09-11T07:59:39Z</time>
   </trkpt>
   <trkpt lat="52.1138930" lon="0.2258550">
    <ele>35.1</ele>
    <time>2025-09-11T07:59:40Z</time>
   </trkpt>
   <trkpt lat="52.1138810" lon="0.2258490">
    <ele>35.1</ele>
    <time>2025-09-11T07:59:41Z</time>
   </trkpt>
   <trkpt lat="52.1138660" lon="0.2258400">
    <ele>35.1</ele>
    <time>2025-09-11T07:59:42Z</time>
   </trkpt>
   <trkpt lat="52.1138500" lon="0.2258320">
    <ele>35.1</ele>
    <time>2025-09-11T07:59:43Z</time>
   </trkpt>
   <trkpt lat="52.1138350" lon="0.2258160">
    <ele>35.1</ele>
    <time>2025-09-11T07:59:44Z</time>
   </trkpt>
   <trkpt lat="52.1138300" lon="0.2258030">
    <ele>35.1</ele>
    <time>2025-09-11T07:59:45Z</time>
   </trkpt>
   <trkpt lat="52.1138170" lon="0.2257810">
    <ele>35.1</ele>
    <time>2025-09-11T07:59:46Z</time>
   </trkpt>
   <trkpt lat="52.1138130" lon="0.2257670">
    <ele>35.1</ele>
    <time>2025-09-11T07:59:47Z</time>
   </trkpt>
   <trkpt lat="52.1138010" lon="0.2257400">
    <ele>35.1</ele>
    <time>2025-09-11T07:59:48Z</time>
   </trkpt>
   <trkpt lat="52.1137940" lon="0.2257210">
    <ele>35.1</ele>
    <time>2025-09-11T07:59:49Z</time>
   </trkpt>
   <trkpt lat="52.1137860" lon="0.2256940">
    <ele>35.1</ele>
    <time>2025-09-11T07:59:50Z</time>
   </trkpt>
   <trkpt lat="52.1137810" lon="0.2256760">
    <ele>35.1</ele>
    <time>2025-09-11T07:59:51Z</time>
   </trkpt>
   <trkpt lat="52.1137810" lon="0.2256490">
    <ele>35.1</ele>
    <time>2025-09-11T07:59:52Z</time>
   </trkpt>
   <trkpt lat="52.1137830" lon="0.2256200">
    <ele>35.1</ele>
    <time>2025-09-11T07:59:53Z</time>
   </trkpt>
   <trkpt lat="52.1137820" lon="0.2255800">
    <ele>35.1</ele>
    <time>2025-09-11T07:59:54Z</time>
   </trkpt>
   <trkpt lat="52.1137830" lon="0.2255640">
    <ele>35.0</ele>
    <time>2025-09-11T07:59:55Z</time>
   </trkpt>
   <trkpt lat="52.1137840" lon="0.2255480">
    <ele>35.0</ele>
    <time>2025-09-11T07:59:56Z</time>
   </trkpt>
   <trkpt lat="52.1137910" lon="0.2255140">
    <ele>35.0</ele>
    <time>2025-09-11T07:59:57Z</time>
   </trkpt>
   <trkpt lat="52.1137950" lon="0.2254970">
    <ele>35.0</ele>
    <time>2025-09-11T07:59:58Z</time>
   </trkpt>
   <trkpt lat="52.1138000" lon="0.2254810">
    <ele>35.0</ele>
    <time>2025-09-11T07:59:59Z</time>
   </trkpt>
   <trkpt lat="52.1138100" lon="0.2254550">
    <ele>35.0</ele>
    <time>2025-09-11T08:00:00Z</time>
   </trkpt>
   <trkpt lat="52.1138170" lon="0.2254370">
    <ele>35.0</ele>
    <time>2025-09-11T08:00:01Z</time>
   </trkpt>
   <trkpt lat="52.1138290" lon="0.2254020">
    <ele>34.9</ele>
    <time>2025-09-11T08:00:02Z</time>
   </trkpt>
   <trkpt lat="52.1138350" lon="0.2253910">
    <ele>34.9</ele>
    <time>2025-09-11T08:00:03Z</time>
   </trkpt>
   <trkpt lat="52.1138400" lon="0.2253810">
    <ele>34.9</ele>
    <time>2025-09-11T08:00:04Z</time>
   </trkpt>
   <trkpt lat="52.1138470" lon="0.2253590">
    <ele>34.9</ele>
    <time>2025-09-11T08:00:05Z</time>
   </trkpt>
   <trkpt lat="52.1138580" lon="0.2253430">
    <ele>34.9</ele>
    <time>2025-09-11T08:00:06Z</time>
   </trkpt>
   <trkpt lat="52.1138640" lon="0.2253190">
    <ele>34.9</ele>
    <time>2025-09-11T08:00:07Z</time>
   </trkpt>
   <trkpt lat="52.1138680" lon="0.2252990">
    <ele>34.9</ele>
    <time>2025-09-11T08:00:08Z</time>
   </trkpt>
   <trkpt lat="52.1138800" lon="0.2252790">
    <ele>34.8</ele>
    <time>2025-09-11T08:00:09Z</time>
   </trkpt>
   <trkpt lat="52.1138890" lon="0.2252630">
    <ele>34.8</ele>
    <time>2025-09-11T08:00:10Z</time>
   </trkpt>
   <trkpt lat="52.1139010" lon="0.2252440">
    <ele>34.8</ele>
    <time>2025-09-11T08:00:11Z</time>
   </trkpt>
   <trkpt lat="52.1139080" lon="0.2252310">
    <ele>34.8</ele>
    <time>2025-09-11T08:00:12Z</time>
   </trkpt>
   <trkpt lat="52.1139200" lon="0.2252080">
    <ele>34.8</ele>
    <time>2025-09-11T08:00:13Z</time>
   </trkpt>
   <trkpt lat="52.1139260" lon="0.2251920">
    <ele>34.8</ele>
    <time>2025-09-11T08:00:14Z</time>
   </trkpt>
   <trkpt lat="52.1139440" lon="0.2251660">
    <ele>34.7</ele>
    <time>2025-09-11T08:00:15Z</time>
   </trkpt>
   <trkpt lat="52.1139540" lon="0.2251540">
    <ele>34.7</ele>
    <time>2025-09-11T08:00:16Z</time>
   </trkpt>
   <trkpt lat="52.1139600" lon="0.2251360">
    <ele>34.7</ele>
    <time>2025-09-11T08:00:17Z</time>
   </trkpt>
   <trkpt lat="52.1139690" lon="0.2251170">
    <ele>34.7</ele>
    <time>2025-09-11T08:00:18Z</time>
   </trkpt>
   <trkpt lat="52.1139850" lon="0.2250870">
    <ele>34.7</ele>
    <time>2025-09-11T08:00:19Z</time>
   </trkpt>
   <trkpt lat="52.1139890" lon="0.2250770">
    <ele>34.7</ele>
    <time>2025-09-11T08:00:20Z</time>
   </trkpt>
   <trkpt lat="52.1139930" lon="0.2250670">
    <ele>34.7</ele>
    <time>2025-09-11T08:00:21Z</time>
   </trkpt>
   <trkpt lat="52.1140110" lon="0.2250340">
    <ele>34.6</ele>
    <time>2025-09-11T08:00:22Z</time>
   </trkpt>
   <trkpt lat="52.1140210" lon="0.2250130">
    <ele>34.6</ele>
    <time>2025-09-11T08:00:23Z</time>
   </trkpt>
   <trkpt lat="52.1140260" lon="0.2249970">
    <ele>34.6</ele>
    <time>2025-09-11T08:00:24Z</time>
   </trkpt>
   <trkpt lat="52.1140310" lon="0.2249820">
    <ele>34.6</ele>
    <time>2025-09-11T08:00:25Z</time>
   </trkpt>
   <trkpt lat="52.1140420" lon="0.2249600">
    <ele>34.6</ele>
    <time>2025-09-11T08:00:26Z</time>
   </trkpt>
   <trkpt lat="52.1140510" lon="0.2249460">
    <ele>34.6</ele>
    <time>2025-09-11T08:00:27Z</time>
   </trkpt>
   <trkpt lat="52.1140620" lon="0.2249220">
    <ele>34.5</ele>
    <time>2025-09-11T08:00:28Z</time>
   </trkpt>
   <trkpt lat="52.1140680" lon="0.2249060">
    <ele>34.5</ele>
    <time>2025-09-11T08:00:29Z</time>
   </trkpt>
   <trkpt lat="52.1140780" lon="0.2248830">
    <ele>34.5</ele>
    <time>2025-09-11T08:00:30Z</time>
   </trkpt>
   <trkpt lat="52.1140880" lon="0.2248640">
    <ele>34.5</ele>
    <time>2025-09-11T08:00:31Z</time>
   </trkpt>
   <trkpt lat="52.1141020" lon="0.2248400">
    <ele>34.5</ele>
    <time>2025-09-11T08:00:32Z</time>
   </trkpt>
   <trkpt lat="52.1141060" lon="0.2248260">
    <ele>34.4</ele>
    <time>2025-09-11T08:00:33Z</time>
   </trkpt>
   <trkpt lat="52.1141130" lon="0.2248120">
    <ele>34.4</ele>
    <time>2025-09-11T08:00:34Z</time>
   </trkpt>
   <trkpt lat="52.1141250" lon="0.2247870">
    <ele>34.4</ele>
    <time>2025-09-11T08:00:35Z</time>
   </trkpt>
   <trkpt lat="52.1141320" lon="0.2247720">
    <ele>34.4</ele>
    <time>2025-09-11T08:00:36Z</time>
   </trkpt>
   <trkpt lat="52.1141470" lon="0.2247570">
    <ele>34.4</ele>
    <time>2025-09-11T08:00:37Z</time>
   </trkpt>
   <trkpt lat="52.1141560" lon="0.2247410">
    <ele>34.4</ele>
    <time>2025-09-11T08:00:38Z</time>
   </trkpt>
   <trkpt lat="52.1141630" lon="0.2247180">
    <ele>34.3</ele>
    <time>2025-09-11T08:00:39Z</time>
   </trkpt>
   <trkpt lat="52.1141820" lon="0.2246890">
    <ele>34.3</ele>
    <time>2025-09-11T08:00:40Z</time>
   </trkpt>
   <trkpt lat="52.1141890" lon="0.2246750">
    <ele>34.3</ele>
    <time>2025-09-11T08:00:41Z</time>
   </trkpt>
   <trkpt lat="52.1141980" lon="0.2246500">
    <ele>34.3</ele>
    <time>2025-09-11T08:00:42Z</time>
   </trkpt>
   <trkpt lat="52.1142040" lon="0.2246380">
    <ele>34.3</ele>
    <time>2025-09-11T08:00:43Z</time>
   </trkpt>
   <trkpt lat="52.1142090" lon="0.2246250">
    <ele>34.3</ele>
    <time>2025-09-11T08:00:44Z</time>
   </trkpt>
   <trkpt lat="52.1142170" lon="0.2246030">
    <ele>34.2</ele>
    <time>2025-09-11T08:00:45Z</time>
   </trkpt>
   <trkpt lat="52.1142300" lon="0.2245900">
    <ele>34.2</ele>
    <time>2025-09-11T08:00:46Z</time>
   </trkpt>
   <trkpt lat="52.1142430" lon="0.2245630">
    <ele>34.2</ele>
    <time>2025-09-11T08:00:47Z</time>
   </trkpt>
   <trkpt lat="52.1142520" lon="0.2245500">
    <ele>34.2</ele>
    <time>2025-09-11T08:00:48Z</time>
   </trkpt>
   <trkpt lat="52.1142640" lon="0.2245310">
    <ele>34.2</ele>
    <time>2025-09-11T08:00:49Z</time>
   </trkpt>
   <trkpt lat="52.1142730" lon="0.2245120">
    <ele>34.1</ele>
    <time>2025-09-11T08:00:50Z</time>
   </trkpt>
   <trkpt lat="52.1142850" lon="0.2244870">
    <ele>34.1</ele>
    <time>2025-09-11T08:00:51Z</time>
   </trkpt>
   <trkpt lat="52.1142950" lon="0.2244690">
    <ele>34.1</ele>
    <time>2025-09-11T08:00:52Z</time>
   </trkpt>
   <trkpt lat="52.1143070" lon="0.2244450">
    <ele>34.1</ele>
    <time>2025-09-11T08:00:53Z</time>
   </trkpt>
   <trkpt lat="52.1143140" lon="0.2244340">
    <ele>34.0</ele>
    <time>2025-09-11T08:00:54Z</time>
   </trkpt>
   <trkpt lat="52.1143230" lon="0.2244110">
    <ele>34.0</ele>
    <time>2025-09-11T08:00:55Z</time>
   </trkpt>
   <trkpt lat="52.1143300" lon="0.2243950">
    <ele>34.0</ele>
    <time>2025-09-11T08:00:56Z</time>
   </trkpt>
   <trkpt lat="52.1143360" lon="0.2243740">
    <ele>34.0</ele>
    <time>2025-09-11T08:00:57Z</time>
   </trkpt>
   <trkpt lat="52.1143480" lon="0.2243450">
    <ele>34.0</ele>
    <time>2025-09-11T08:00:58Z</time>
   </trkpt>
   <trkpt lat="52.1143610" lon="0.2243190">
    <ele>33.9</ele>
    <time>2025-09-11T08:00:59Z</time>
   </trkpt>
   <trkpt lat="52.1143670" lon="0.2243040">
    <ele>33.9</ele>
    <time>2025-09-11T08:01:00Z</time>
   </trkpt>
   <trkpt lat="52.1143740" lon="0.2242900">
    <ele>33.9</ele>
    <time>2025-09-11T08:01:01Z</time>
   </trkpt>
   <trkpt lat="52.1143790" lon="0.2242740">
    <ele>33.9</ele>
    <time>2025-09-11T08:01:02Z</time>
   </trkpt>
   <trkpt lat="52.1143930" lon="0.2242500">
    <ele>33.9</ele>
    <time>2025-09-11T08:01:03Z</time>
   </trkpt>
   <trkpt lat="52.1144060" lon="0.2242210">
    <ele>33.8</ele>
    <time>2025-09-11T08:01:04Z</time>
   </trkpt>
   <trkpt lat="52.1144120" lon="0.2242090">
    <ele>33.8</ele>
    <time>2025-09-11T08:01:05Z</time>
   </trkpt>
   <trkpt lat="52.1144170" lon="0.2241960">
    <ele>33.8</ele>
    <time>2025-09-11T08:01:06Z</time>
   </trkpt>
   <trkpt lat="52.1144310" lon="0.2241780">
    <ele>33.8</ele>
    <time>2025-09-11T08:01:07Z</time>
   </trkpt>
   <trkpt lat="52.1144350" lon="0.2241620">
    <ele>33.8</ele>
    <time>2025-09-11T08:01:08Z</time>
   </trkpt>
   <trkpt lat="52.1144460" lon="0.2241410">
    <ele>33.7</ele>
    <time>2025-09-11T08:01:09Z</time>
   </trkpt>
   <trkpt lat="52.1144580" lon="0.2241240">
    <ele>33.7</ele>
    <time>2025-09-11T08:01:10Z</time>
   </trkpt>
   <trkpt lat="52.1144660" lon="0.2240990">
    <ele>33.7</ele>
    <time>2025-09-11T08:01:11Z</time>
   </trkpt>
   <trkpt lat="52.1144720" lon="0.2240830">
    <ele>33.7</ele>
    <time>2025-09-11T08:01:12Z</time>
   </trkpt>
   <trkpt lat="52.1144810" lon="0.2240600">
    <ele>33.7</ele>
    <time>2025-09-11T08:01:13Z</time>
   </trkpt>
   <trkpt lat="52.1144890" lon="0.2240440">
    <ele>33.6</ele>
    <time>2025-09-11T08:01:14Z</time>
   </trkpt>
   <trkpt lat="52.1145030" lon="0.2240230">
    <ele>33.6</ele>
    <time>2025-09-11T08:01:15Z</time>
   </trkpt>
   <trkpt lat="52.1145100" lon="0.2240070">
    <ele>33.6</ele>
    <time>2025-09-11T08:01:16Z</time>
   </trkpt>
   <trkpt lat="52.1145170" lon="0.2239810">
    <ele>33.6</ele>
    <time>2025-09-11T08:01:17Z</time>
   </trkpt>
   <trkpt lat="52.1145230" lon="0.2239620">
    <ele>33.6</ele>
    <time>2025-09-11T08:01:18Z</time>
   </trkpt>
   <trkpt lat="52.1145340" lon="0.2239390">
    <ele>33.5</ele>
    <time>2025-09-11T08:01:19Z</time>
   </trkpt>
   <trkpt lat="52.1145420" lon="0.2239220">
    <ele>33.5</ele>
    <time>2025-09-11T08:01:20Z</time>
   </trkpt>
   <trkpt lat="52.1145520" lon="0.2238970">
    <ele>33.5</ele>
    <time>2025-09-11T08:01:21Z</time>
   </trkpt>
   <trkpt lat="52.1145590" lon="0.2238800">
    <ele>33.5</ele>
    <time>2025-09-11T08:01:22Z</time>
   </trkpt>
   <trkpt lat="52.1145700" lon="0.2238590">
    <ele>33.5</ele>
    <time>2025-09-11T08:01:23Z</time>
   </trkpt>
   <trkpt lat="52.1145780" lon="0.2238430">
    <ele>33.4</ele>
    <time>2025-09-11T08:01:24Z</time>
   </trkpt>
   <trkpt lat="52.1145840" lon="0.2238220">
    <ele>33.4</ele>
    <time>2025-09-11T08:01:25Z</time>
   </trkpt>
   <trkpt lat="52.1145930" lon="0.2238010">
    <ele>33.4</ele>
    <time>2025-09-11T08:01:26Z</time>
   </trkpt>
   <trkpt lat="52.1146040" lon="0.2237840">
    <ele>33.4</ele>
    <time>2025-09-11T08:01:27Z</time>
   </trkpt>
   <trkpt lat="52.1146160" lon="0.2237630">
    <ele>33.4</ele>
    <time>2025-09-11T08:01:28Z</time>
   </trkpt>
   <trkpt lat="52.1146250" lon="0.2237450">
    <ele>33.4</ele>
    <time>2025-09-11T08:01:29Z</time>
   </trkpt>
   <trkpt lat="52.1146340" lon="0.2237240">
    <ele>33.3</ele>
    <time>2025-09-11T08:01:30Z</time>
   </trkpt>
   <trkpt lat="52.1146440" lon="0.2236980">
    <ele>33.3</ele>
    <time>2025-09-11T08:01:31Z</time>
   </trkpt>
   <trkpt lat="52.1146510" lon="0.2236860">
    <ele>33.3</ele>
    <time>2025-09-11T08:01:32Z</time>
   </trkpt>
   <trkpt lat="52.1146570" lon="0.2236730">
    <ele>33.3</ele>
    <time>2025-09-11T08:01:33Z</time>
   </trkpt>
   <trkpt lat="52.1146660" lon="0.2236500">
    <ele>33.3</ele>
    <time>2025-09-11T08:01:34Z</time>
   </trkpt>
   <trkpt lat="52.1146720" lon="0.2236310">
    <ele>33.3</ele>
    <time>2025-09-11T08:01:35Z</time>
   </trkpt>
   <trkpt lat="52.1146820" lon="0.2235960">
    <ele>33.3</ele>
    <time>2025-09-11T08:01:36Z</time>
   </trkpt>
   <trkpt lat="52.1146850" lon="0.2235850">
    <ele>33.2</ele>
    <time>2025-09-11T08:01:37Z</time>
   </trkpt>
   <trkpt lat="52.1146880" lon="0.2235730">
    <ele>33.2</ele>
    <time>2025-09-11T08:01:38Z</time>
   </trkpt>
   <trkpt lat="52.1146990" lon="0.2235510">
    <ele>33.2</ele>
    <time>2025-09-11T08:01:39Z</time>
   </trkpt>
   <trkpt lat="52.1147110" lon="0.2235330">
    <ele>33.2</ele>
    <time>2025-09-11T08:01:40Z</time>
   </trkpt>
   <trkpt lat="52.1147210" lon="0.2235110">
    <ele>33.2</ele>
    <time>2025-09-11T08:01:41Z</time>
   </trkpt>
   <trkpt lat="52.1147270" lon="0.2234930">
    <ele>33.2</ele>
    <time>2025-09-11T08:01:42Z</time>
   </trkpt>
   <trkpt lat="52.1147360" lon="0.2234690">
    <ele>33.2</ele>
    <time>2025-09-11T08:01:43Z</time>
   </trkpt>
   <trkpt lat="52.1147390" lon="0.2234530">
    <ele>33.2</ele>
    <time>2025-09-11T08:01:44Z</time>
   </trkpt>
   <trkpt lat="52.1147520" lon="0.2234320">
    <ele>33.2</ele>
    <time>2025-09-11T08:01:45Z</time>
   </trkpt>
   <trkpt lat="52.1147620" lon="0.2234170">
    <ele>33.2</ele>
    <time>2025-09-11T08:01:46Z</time>
   </trkpt>
   <trkpt lat="52.1147720" lon="0.2233930">
    <ele>33.1</ele>
    <time>2025-09-11T08:01:47Z</time>
   </trkpt>
   <trkpt lat="52.1147770" lon="0.2233740">
    <ele>33.1</ele>
    <time>2025-09-11T08:01:48Z</time>
   </trkpt>
   <trkpt lat="52.1147870" lon="0.2233490">
    <ele>33.1</ele>
    <time>2025-09-11T08:01:49Z</time>
   </trkpt>
   <trkpt lat="52.1147910" lon="0.2233330">
    <ele>33.1</ele>
    <time>2025-09-11T08:01:50Z</time>
   </trkpt>
   <trkpt lat="52.1147990" lon="0.2233040">
    <ele>33.1</ele>
    <time>2025-09-11T08:01:51Z</time>
   </trkpt>
   <trkpt lat="52.1148080" lon="0.2232910">
    <ele>33.1</ele>
    <time>2025-09-11T08:01:52Z</time>
   </trkpt>
   <trkpt lat="52.1148160" lon="0.2232620">
    <ele>33.1</ele>
    <time>2025-09-11T08:01:53Z</time>
   </trkpt>
   <trkpt lat="52.1148190" lon="0.2232460">
    <ele>33.1</ele>
    <time>2025-09-11T08:01:54Z</time>
   </trkpt>
   <trkpt lat="52.1148300" lon="0.2232230">
    <ele>33.1</ele>
    <time>2025-09-11T08:01:55Z</time>
   </trkpt>
   <trkpt lat="52.1148360" lon="0.2232090">
    <ele>33.0</ele>
    <time>2025-09-11T08:01:56Z</time>
   </trkpt>
   <trkpt lat="52.1148510" lon="0.2231750">
    <ele>33.0</ele>
    <time>2025-09-11T08:01:57Z</time>
   </trkpt>
   <trkpt lat="52.1148570" lon="0.2231620">
    <ele>33.0</ele>
    <time>2025-09-11T08:01:58Z</time>
   </trkpt>
   <trkpt lat="52.1148670" lon="0.2231370">
    <ele>33.0</ele>
    <time>2025-09-11T08:01:59Z</time>
   </trkpt>
   <trkpt lat="52.1148710" lon="0.2231210">
    <ele>33.0</ele>
    <time>2025-09-11T08:02:00Z</time>
   </trkpt>
   <trkpt lat="52.1148790" lon="0.2230990">
    <ele>33.0</ele>
    <time>2025-09-11T08:02:01Z</time>
   </trkpt>
   <trkpt lat="52.1148840" lon="0.2230810">
    <ele>33.0</ele>
    <time>2025-09-11T08:02:02Z</time>
   </trkpt>
   <trkpt lat="52.1148880" lon="0.2230600">
    <ele>33.0</ele>
    <time>2025-09-11T08:02:03Z</time>
   </trkpt>
   <trkpt lat="52.1148960" lon="0.2230340">
    <ele>33.0</ele>
    <time>2025-09-11T08:02:04Z</time>
   </trkpt>
   <trkpt lat="52.1149050" lon="0.2230200">
    <ele>33.0</ele>
    <time>2025-09-11T08:02:05Z</time>
   </trkpt>
   <trkpt lat="52.1149130" lon="0.2229980">
    <ele>33.0</ele>
    <time>2025-09-11T08:02:06Z</time>
   </trkpt>
   <trkpt lat="52.1149220" lon="0.2229770">
    <ele>32.9</ele>
    <time>2025-09-11T08:02:07Z</time>
   </trkpt>
   <trkpt lat="52.1149320" lon="0.2229550">
    <ele>32.9</ele>
    <time>2025-09-11T08:02:08Z</time>
   </trkpt>
   <trkpt lat="52.1149480" lon="0.2229280">
    <ele>32.9</ele>
    <time>2025-09-11T08:02:09Z</time>
   </trkpt>
   <trkpt lat="52.1149540" lon="0.2229120">
    <ele>32.9</ele>
    <time>2025-09-11T08:02:10Z</time>
   </trkpt>
   <trkpt lat="52.1149590" lon="0.2228970">
    <ele>32.9</ele>
    <time>2025-09-11T08:02:11Z</time>
   </trkpt>
   <trkpt lat="52.1149700" lon="0.2228740">
    <ele>32.9</ele>
    <time>2025-09-11T08:02:12Z</time>
   </trkpt>
   <trkpt lat="52.1149740" lon="0.2228590">
    <ele>32.9</ele>
    <time>2025-09-11T08:02:13Z</time>
   </trkpt>
   <trkpt lat="52.1149780" lon="0.2228350">
    <ele>32.9</ele>
    <time>2025-09-11T08:02:14Z</time>
   </trkpt>
   <trkpt lat="52.1149860" lon="0.2228180">
    <ele>32.9</ele>
    <time>2025-09-11T08:02:15Z</time>
   </trkpt>
   <trkpt lat="52.1149940" lon="0.2227860">
    <ele>32.9</ele>
    <time>2025-09-11T08:02:16Z</time>
   </trkpt>
   <trkpt lat="52.1150000" lon="0.2227680">
    <ele>32.9</ele>
    <time>2025-09-11T08:02:17Z</time>
   </trkpt>
   <trkpt lat="52.1150120" lon="0.2227310">
    <ele>32.9</ele>
    <time>2025-09-11T08:02:18Z</time>
   </trkpt>
   <trkpt lat="52.1150170" lon="0.2227180">
    <ele>32.8</ele>
    <time>2025-09-11T08:02:19Z</time>
   </trkpt>
   <trkpt lat="52.1150230" lon="0.2227050">
    <ele>32.8</ele>
    <time>2025-09-11T08:02:20Z</time>
   </trkpt>
   <trkpt lat="52.1150310" lon="0.2226840">
    <ele>32.8</ele>
    <time>2025-09-11T08:02:21Z</time>
   </trkpt>
   <trkpt lat="52.1150390" lon="0.2226540">
    <ele>32.8</ele>
    <time>2025-09-11T08:02:22Z</time>
   </trkpt>
   <trkpt lat="52.1150480" lon="0.2226400">
    <ele>32.8</ele>
    <time>2025-09-11T08:02:23Z</time>
   </trkpt>
   <trkpt lat="52.1150580" lon="0.2226170">
    <ele>32.8</ele>
    <time>2025-09-11T08:02:24Z</time>
   </trkpt>
   <trkpt lat="52.1150590" lon="0.2225960">
    <ele>32.8</ele>
    <time>2025-09-11T08:02:25Z</time>
   </trkpt>
   <trkpt lat="52.1150680" lon="0.2225740">
    <ele>32.8</ele>
    <time>2025-09-11T08:02:26Z</time>
   </trkpt>
   <trkpt lat="52.1150750" lon="0.2225590">
    <ele>32.8</ele>
    <time>2025-09-11T08:02:27Z</time>
   </trkpt>
   <trkpt lat="52.1150820" lon="0.2225280">
    <ele>32.7</ele>
    <time>2025-09-11T08:02:28Z</time>
   </trkpt>
   <trkpt lat="52.1150920" lon="0.2225010">
    <ele>32.7</ele>
    <time>2025-09-11T08:02:29Z</time>
   </trkpt>
   <trkpt lat="52.1150970" lon="0.2224890">
    <ele>32.7</ele>
    <time>2025-09-11T08:02:30Z</time>
   </trkpt>
   <trkpt lat="52.1151030" lon="0.2224780">
    <ele>32.7</ele>
    <time>2025-09-11T08:02:31Z</time>
   </trkpt>
   <trkpt lat="52.1151130" lon="0.2224530">
    <ele>32.7</ele>
    <time>2025-09-11T08:02:32Z</time>
   </trkpt>
   <trkpt lat="52.1151160" lon="0.2224320">
    <ele>32.7</ele>
    <time>2025-09-11T08:02:33Z</time>
   </trkpt>
   <trkpt lat="52.1151290" lon="0.2224060">
    <ele>32.7</ele>
    <time>2025-09-11T08:02:34Z</time>
   </trkpt>
   <trkpt lat="52.1151310" lon="0.2223890">
    <ele>32.7</ele>
    <time>2025-09-11T08:02:35Z</time>
   </trkpt>
   <trkpt lat="52.1151420" lon="0.2223500">
    <ele>32.6</ele>
    <time>2025-09-11T08:02:36Z</time>
   </trkpt>
   <trkpt lat="52.1151490" lon="0.2223370">
    <ele>32.6</ele>
    <time>2025-09-11T08:02:37Z</time>
   </trkpt>
   <trkpt lat="52.1151580" lon="0.2223160">
    <ele>32.6</ele>
    <time>2025-09-11T08:02:38Z</time>
   </trkpt>
   <trkpt lat="52.1151640" lon="0.2222860">
    <ele>32.6</ele>
    <time>2025-09-11T08:02:39Z</time>
   </trkpt>
   <trkpt lat="52.1151720" lon="0.2222560">
    <ele>32.6</ele>
    <time>2025-09-11T08:02:40Z</time>
   </trkpt>
   <trkpt lat="52.1151780" lon="0.2222410">
    <ele>32.6</ele>
    <time>2025-09-11T08:02:41Z</time>
   </trkpt>
   <trkpt lat="52.1151830" lon="0.2222260">
    <ele>32.6</ele>
    <time>2025-09-11T08:02:42Z</time>
   </trkpt>
   <trkpt lat="52.1151900" lon="0.2222050">
    <ele>32.6</ele>
    <time>2025-09-11T08:02:43Z</time>
   </trkpt>
   <trkpt lat="52.1151980" lon="0.2221840">
    <ele>32.6</ele>
    <time>2025-09-11T08:02:44Z</time>
   </trkpt>
   <trkpt lat="52.1152060" lon="0.2221630">
    <ele>32.6</ele>
    <time>2025-09-11T08:02:45Z</time>
   </trkpt>
   <trkpt lat="52.1152150" lon="0.2221370">
    <ele>32.6</ele>
    <time>2025-09-11T08:02:46Z</time>
   </trkpt>
   <trkpt lat="52.1152180" lon="0.2221200">
    <ele>32.5</ele>
    <time>2025-09-11T08:02:47Z</time>
   </trkpt>
   <trkpt lat="52.1152250" lon="0.2220930">
    <ele>32.5</ele>
    <time>2025-09-11T08:02:48Z</time>
   </trkpt>
   <trkpt lat="52.1152280" lon="0.2220700">
    <ele>32.5</ele>
    <time>2025-09-11T08:02:49Z</time>
   </trkpt>
   <trkpt lat="52.1152370" lon="0.2220450">
    <ele>32.5</ele>
    <time>2025-09-11T08:02:50Z</time>
   </trkpt>
   <trkpt lat="52.1152400" lon="0.2220320">
    <ele>32.5</ele>
    <time>2025-09-11T08:02:51Z</time>
   </trkpt>
   <trkpt lat="52.1152460" lon="0.2220030">
    <ele>32.5</ele>
    <time>2025-09-11T08:02:52Z</time>
   </trkpt>
   <trkpt lat="52.1152570" lon="0.2219700">
    <ele>32.5</ele>
    <time>2025-09-11T08:02:53Z</time>
   </trkpt>
   <trkpt lat="52.1152590" lon="0.2219570">
    <ele>32.5</ele>
    <time>2025-09-11T08:02:54Z</time>
   </trkpt>
   <trkpt lat="52.1152620" lon="0.2219440">
    <ele>32.5</ele>
    <time>2025-09-11T08:02:55Z</time>
   </trkpt>
   <trkpt lat="52.1152760" lon="0.2219180">
    <ele>32.5</ele>
    <time>2025-09-11T08:02:56Z</time>
   </trkpt>
   <trkpt lat="52.1152840" lon="0.2219100">
    <ele>32.5</ele>
    <time>2025-09-11T08:02:57Z</time>
   </trkpt>
   <trkpt lat="52.1152940" lon="0.2218810">
    <ele>32.5</ele>
    <time>2025-09-11T08:02:58Z</time>
   </trkpt>
   <trkpt lat="52.1153050" lon="0.2218630">
    <ele>32.5</ele>
    <time>2025-09-11T08:02:59Z</time>
   </trkpt>
   <trkpt lat="52.1153110" lon="0.2218380">
    <ele>32.5</ele>
    <time>2025-09-11T08:03:00Z</time>
   </trkpt>
   <trkpt lat="52.1153280" lon="0.2218210">
    <ele>32.5</ele>
    <time>2025-09-11T08:03:01Z</time>
   </trkpt>
   <trkpt lat="52.1153360" lon="0.2218020">
    <ele>32.5</ele>
    <time>2025-09-11T08:03:02Z</time>
   </trkpt>
   <trkpt lat="52.1153410" lon="0.2217790">
    <ele>32.5</ele>
    <time>2025-09-11T08:03:03Z</time>
   </trkpt>
   <trkpt lat="52.1153490" lon="0.2217550">
    <ele>32.5</ele>
    <time>2025-09-11T08:03:04Z</time>
   </trkpt>
   <trkpt lat="52.1153560" lon="0.2217380">
    <ele>32.5</ele>
    <time>2025-09-11T08:03:05Z</time>
   </trkpt>
   <trkpt lat="52.1153610" lon="0.2217090">
    <ele>32.6</ele>
    <time>2025-09-11T08:03:06Z</time>
   </trkpt>
   <trkpt lat="52.1153740" lon="0.2216890">
    <ele>32.6</ele>
    <time>2025-09-11T08:03:07Z</time>
   </trkpt>
   <trkpt lat="52.1153870" lon="0.2216500">
    <ele>32.6</ele>
    <time>2025-09-11T08:03:08Z</time>
   </trkpt>
   <trkpt lat="52.1153910" lon="0.2216360">
    <ele>32.6</ele>
    <time>2025-09-11T08:03:09Z</time>
   </trkpt>
   <trkpt lat="52.1153990" lon="0.2216020">
    <ele>32.6</ele>
    <time>2025-09-11T08:03:10Z</time>
   </trkpt>
   <trkpt lat="52.1154050" lon="0.2215850">
    <ele>32.6</ele>
    <time>2025-09-11T08:03:11Z</time>
   </trkpt>
   <trkpt lat="52.1154110" lon="0.2215680">
    <ele>32.6</ele>
    <time>2025-09-11T08:03:12Z</time>
   </trkpt>
   <trkpt lat="52.1154190" lon="0.2215560">
    <ele>32.6</ele>
    <time>2025-09-11T08:03:13Z</time>
   </trkpt>
   <trkpt lat="52.1154290" lon="0.2215310">
    <ele>32.6</ele>
    <time>2025-09-11T08:03:14Z</time>
   </trkpt>
   <trkpt lat="52.1154360" lon="0.2215140">
    <ele>32.6</ele>
    <time>2025-09-11T08:03:15Z</time>
   </trkpt>
   <trkpt lat="52.1154390" lon="0.2214870">
    <ele>32.6</ele>
    <time>2025-09-11T08:03:16Z</time>
   </trkpt>
   <trkpt lat="52.1154460" lon="0.2214680">
    <ele>32.6</ele>
    <time>2025-09-11T08:03:17Z</time>
   </trkpt>
   <trkpt lat="52.1154560" lon="0.2214480">
    <ele>32.6</ele>
    <time>2025-09-11T08:03:18Z</time>
   </trkpt>
   <trkpt lat="52.1154640" lon="0.2214300">
    <ele>32.6</ele>
    <time>2025-09-11T08:03:19Z</time>
   </trkpt>
   <trkpt lat="52.1154760" lon="0.2214100">
    <ele>32.6</ele>
    <time>2025-09-11T08:03:20Z</time>
   </trkpt>
   <trkpt lat="52.1154860" lon="0.2213730">
    <ele>32.6</ele>
    <time>2025-09-11T08:03:21Z</time>
   </trkpt>
   <trkpt lat="52.1154860" lon="0.2213590">
    <ele>32.6</ele>
    <time>2025-09-11T08:03:22Z</time>
   </trkpt>
   <trkpt lat="52.1154870" lon="0.2213460">
    <ele>32.6</ele>
    <time>2025-09-11T08:03:23Z</time>
   </trkpt>
   <trkpt lat="52.1154960" lon="0.2213270">
    <ele>32.6</ele>
    <time>2025-09-11T08:03:24Z</time>
   </trkpt>
   <trkpt lat="52.1155020" lon="0.2212990">
    <ele>32.6</ele>
    <time>2025-09-11T08:03:25Z</time>
   </trkpt>
   <trkpt lat="52.1155100" lon="0.2212710">
    <ele>32.6</ele>
    <time>2025-09-11T08:03:26Z</time>
   </trkpt>
   <trkpt lat="52.1155130" lon="0.2212560">
    <ele>32.6</ele>
    <time>2025-09-11T08:03:27Z</time>
   </trkpt>
   <trkpt lat="52.1155170" lon="0.2212420">
    <ele>32.6</ele>
    <time>2025-09-11T08:03:28Z</time>
   </trkpt>
   <trkpt lat="52.1155280" lon="0.2212210">
    <ele>32.6</ele>
    <time>2025-09-11T08:03:29Z</time>
   </trkpt>
   <trkpt lat="52.1155380" lon="0.2212010">
    <ele>32.6</ele>
    <time>2025-09-11T08:03:30Z</time>
   </trkpt>
   <trkpt lat="52.1155410" lon="0.2211820">
    <ele>32.6</ele>
    <time>2025-09-11T08:03:31Z</time>
   </trkpt>
   <trkpt lat="52.1155460" lon="0.2211580">
    <ele>32.6</ele>
    <time>2025-09-11T08:03:32Z</time>
   </trkpt>
   <trkpt lat="52.1155470" lon="0.2211420">
    <ele>32.6</ele>
    <time>2025-09-11T08:03:33Z</time>
   </trkpt>
   <trkpt lat="52.1155590" lon="0.2211170">
    <ele>32.7</ele>
    <time>2025-09-11T08:03:34Z</time>
   </trkpt>
   <trkpt lat="52.1155660" lon="0.2210940">
    <ele>32.7</ele>
    <time>2025-09-11T08:03:35Z</time>
   </trkpt>
   <trkpt lat="52.1155770" lon="0.2210710">
    <ele>32.7</ele>
    <time>2025-09-11T08:03:36Z</time>
   </trkpt>
   <trkpt lat="52.1155830" lon="0.2210470">
    <ele>32.7</ele>
    <time>2025-09-11T08:03:37Z</time>
   </trkpt>
   <trkpt lat="52.1155960" lon="0.2210230">
    <ele>32.7</ele>
    <time>2025-09-11T08:03:38Z</time>
   </trkpt>
   <trkpt lat="52.1155980" lon="0.2210010">
    <ele>32.8</ele>
    <time>2025-09-11T08:03:39Z</time>
   </trkpt>
   <trkpt lat="52.1156120" lon="0.2209740">
    <ele>32.8</ele>
    <time>2025-09-11T08:03:40Z</time>
   </trkpt>
   <trkpt lat="52.1156200" lon="0.2209440">
    <ele>32.8</ele>
    <time>2025-09-11T08:03:41Z</time>
   </trkpt>
   <trkpt lat="52.1156230" lon="0.2209310">
    <ele>32.8</ele>
    <time>2025-09-11T08:03:42Z</time>
   </trkpt>
   <trkpt lat="52.1156260" lon="0.2209170">
    <ele>32.8</ele>
    <time>2025-09-11T08:03:43Z</time>
   </trkpt>
   <trkpt lat="52.1156310" lon="0.2209000">
    <ele>32.8</ele>
    <time>2025-09-11T08:03:44Z</time>
   </trkpt>
   <trkpt lat="52.1156360" lon="0.2208850">
    <ele>32.9</ele>
    <time>2025-09-11T08:03:45Z</time>
   </trkpt>
   <trkpt lat="52.1156160" lon="0.2208620">
    <ele>32.9</ele>
    <time>2025-09-11T08:03:46Z</time>
   </trkpt>
   <trkpt lat="52.1156110" lon="0.2208320">
    <ele>32.9</ele>
    <time>2025-09-11T08:03:47Z</time>
   </trkpt>
   <trkpt lat="52.1156140" lon="0.2208140">
    <ele>32.9</ele>
    <time>2025-09-11T08:03:48Z</time>
   </trkpt>
   <trkpt lat="52.1156160" lon="0.2207970">
    <ele>32.9</ele>
    <time>2025-09-11T08:03:49Z</time>
   </trkpt>
   <trkpt lat="52.1156300" lon="0.2207510">
    <ele>33.0</ele>
    <time>2025-09-11T08:03:50Z</time>
   </trkpt>
   <trkpt lat="52.1156320" lon="0.2207360">
    <ele>33.0</ele>
    <time>2025-09-11T08:03:51Z</time>
   </trkpt>
   <trkpt lat="52.1156420" lon="0.2207050">
    <ele>33.0</ele>
    <time>2025-09-11T08:03:52Z</time>
   </trkpt>
   <trkpt lat="52.1156450" lon="0.2206900">
    <ele>33.0</ele>
    <time>2025-09-11T08:03:53Z</time>
   </trkpt>
   <trkpt lat="52.1156470" lon="0.2206750">
    <ele>33.1</ele>
    <time>2025-09-11T08:03:54Z</time>
   </trkpt>
   <trkpt lat="52.1156550" lon="0.2206530">
    <ele>33.1</ele>
    <time>2025-09-11T08:03:55Z</time>
   </trkpt>
   <trkpt lat="52.1156670" lon="0.2206310">
    <ele>33.1</ele>
    <time>2025-09-11T08:03:56Z</time>
   </trkpt>
   <trkpt lat="52.1156730" lon="0.2206090">
    <ele>33.1</ele>
    <time>2025-09-11T08:03:57Z</time>
   </trkpt>
   <trkpt lat="52.1156800" lon="0.2205880">
    <ele>33.1</ele>
    <time>2025-09-11T08:03:58Z</time>
   </trkpt>
   <trkpt lat="52.1156900" lon="0.2205670">
    <ele>33.2</ele>
    <time>2025-09-11T08:03:59Z</time>
   </trkpt>
   <trkpt lat="52.1156950" lon="0.2205450">
    <ele>33.2</ele>
    <time>2025-09-11T08:04:00Z</time>
   </trkpt>
   <trkpt lat="52.1157040" lon="0.2205250">
    <ele>33.2</ele>
    <time>2025-09-11T08:04:01Z</time>
   </trkpt>
   <trkpt lat="52.1157160" lon="0.2205080">
    <ele>33.2</ele>
    <time>2025-09-11T08:04:02Z</time>
   </trkpt>
   <trkpt lat="52.1157200" lon="0.2204840">
    <ele>33.3</ele>
    <time>2025-09-11T08:04:03Z</time>
   </trkpt>
   <trkpt lat="52.1157290" lon="0.2204660">
    <ele>33.3</ele>
    <time>2025-09-11T08:04:04Z</time>
   </trkpt>
   <trkpt lat="52.1157410" lon="0.2204480">
    <ele>33.3</ele>
    <time>2025-09-11T08:04:05Z</time>
   </trkpt>
   <trkpt lat="52.1157480" lon="0.2204270">
    <ele>33.3</ele>
    <time>2025-09-11T08:04:06Z</time>
   </trkpt>
   <trkpt lat="52.1157590" lon="0.2204060">
    <ele>33.3</ele>
    <time>2025-09-11T08:04:07Z</time>
   </trkpt>
   <trkpt lat="52.1157680" lon="0.2203840">
    <ele>33.4</ele>
    <time>2025-09-11T08:04:08Z</time>
   </trkpt>
   <trkpt lat="52.1157750" lon="0.2203620">
    <ele>33.4</ele>
    <time>2025-09-11T08:04:09Z</time>
   </trkpt>
   <trkpt lat="52.1157850" lon="0.2203440">
    <ele>33.4</ele>
    <time>2025-09-11T08:04:10Z</time>
   </trkpt>
   <trkpt lat="52.1157930" lon="0.2203240">
    <ele>33.4</ele>
    <time>2025-09-11T08:04:11Z</time>
   </trkpt>
   <trkpt lat="52.1158020" lon="0.2203040">
    <ele>33.5</ele>
    <time>2025-09-11T08:04:12Z</time>
   </trkpt>
   <trkpt lat="52.1158090" lon="0.2202810">
    <ele>33.5</ele>
    <time>2025-09-11T08:04:13Z</time>
   </trkpt>
   <trkpt lat="52.1158190" lon="0.2202600">
    <ele>33.5</ele>
    <time>2025-09-11T08:04:14Z</time>
   </trkpt>
   <trkpt lat="52.1158210" lon="0.2202340">
    <ele>33.5</ele>
    <time>2025-09-11T08:04:15Z</time>
   </trkpt>
   <trkpt lat="52.1158280" lon="0.2202130">
    <ele>33.5</ele>
    <time>2025-09-11T08:04:16Z</time>
   </trkpt>
   <trkpt lat="52.1158360" lon="0.2201920">
    <ele>33.6</ele>
    <time>2025-09-11T08:04:17Z</time>
   </trkpt>
   <trkpt lat="52.1158400" lon="0.2201710">
    <ele>33.6</ele>
    <time>2025-09-11T08:04:18Z</time>
   </trkpt>
   <trkpt lat="52.1158400" lon="0.2201470">
    <ele>33.6</ele>
    <time>2025-09-11T08:04:19Z</time>
   </trkpt>
   <trkpt lat="52.1158450" lon="0.2201230">
    <ele>33.6</ele>
    <time>2025-09-11T08:04:20Z</time>
   </trkpt>
   <trkpt lat="52.1158480" lon="0.2201000">
    <ele>33.6</ele>
    <time>2025-09-11T08:04:21Z</time>
   </trkpt>
   <trkpt lat="52.1158580" lon="0.2200820">
    <ele>33.7</ele>
    <time>2025-09-11T08:04:22Z</time>
   </trkpt>
   <trkpt lat="52.1158640" lon="0.2200620">
    <ele>33.7</ele>
    <time>2025-09-11T08:04:23Z</time>
   </trkpt>
   <trkpt lat="52.1158750" lon="0.2200360">
    <ele>33.7</ele>
    <time>2025-09-11T08:04:24Z</time>
   </trkpt>
   <trkpt lat="52.1158800" lon="0.2200160">
    <ele>33.7</ele>
    <time>2025-09-11T08:04:25Z</time>
   </trkpt>
   <trkpt lat="52.1158870" lon="0.2199940">
    <ele>33.7</ele>
    <time>2025-09-11T08:04:26Z</time>
   </trkpt>
   <trkpt lat="52.1158950" lon="0.2199680">
    <ele>33.7</ele>
    <time>2025-09-11T08:04:27Z</time>
   </trkpt>
   <trkpt lat="52.1158980" lon="0.2199440">
    <ele>33.7</ele>
    <time>2025-09-11T08:04:28Z</time>
   </trkpt>
   <trkpt lat="52.1159020" lon="0.2199200">
    <ele>33.8</ele>
    <time>2025-09-11T08:04:29Z</time>
   </trkpt>
   <trkpt lat="52.1159100" lon="0.2199010">
    <ele>33.8</ele>
    <time>2025-09-11T08:04:30Z</time>
   </trkpt>
   <trkpt lat="52.1159160" lon="0.2198770">
    <ele>33.8</ele>
    <time>2025-09-11T08:04:31Z</time>
   </trkpt>
   <trkpt lat="52.1159270" lon="0.2198560">
    <ele>33.8</ele>
    <time>2025-09-11T08:04:32Z</time>
   </trkpt>
   <trkpt lat="52.1159350" lon="0.2198340">
    <ele>33.8</ele>
    <time>2025-09-11T08:04:33Z</time>
   </trkpt>
   <trkpt lat="52.1159400" lon="0.2198090">
    <ele>33.8</ele>
    <time>2025-09-11T08:04:34Z</time>
   </trkpt>
   <trkpt lat="52.1159430" lon="0.2197860">
    <ele>33.8</ele>
    <time>2025-09-11T08:04:35Z</time>
   </trkpt>
   <trkpt lat="52.1159560" lon="0.2197650">
    <ele>33.8</ele>
    <time>2025-09-11T08:04:36Z</time>
   </trkpt>
   <trkpt lat="52.1159610" lon="0.2197430">
    <ele>33.8</ele>
    <time>2025-09-11T08:04:37Z</time>
   </trkpt>
   <trkpt lat="52.1159680" lon="0.2197260">
    <ele>33.8</ele>
    <time>2025-09-11T08:04:38Z</time>
   </trkpt>
   <trkpt lat="52.1159700" lon="0.2196990">
    <ele>33.9</ele>
    <time>2025-09-11T08:04:39Z</time>
   </trkpt>
   <trkpt lat="52.1159780" lon="0.2196780">
    <ele>33.9</ele>
    <time>2025-09-11T08:04:40Z</time>
   </trkpt>
   <trkpt lat="52.1159830" lon="0.2196560">
    <ele>33.9</ele>
    <time>2025-09-11T08:04:41Z</time>
   </trkpt>
   <trkpt lat="52.1159860" lon="0.2196300">
    <ele>33.9</ele>
    <time>2025-09-11T08:04:42Z</time>
   </trkpt>
   <trkpt lat="52.1159970" lon="0.2196070">
    <ele>33.9</ele>
    <time>2025-09-11T08:04:43Z</time>
   </trkpt>
   <trkpt lat="52.1160030" lon="0.2195850">
    <ele>33.9</ele>
    <time>2025-09-11T08:04:44Z</time>
   </trkpt>
   <trkpt lat="52.1160140" lon="0.2195620">
    <ele>33.9</ele>
    <time>2025-09-11T08:04:45Z</time>
   </trkpt>
   <trkpt lat="52.1160210" lon="0.2195420">
    <ele>33.9</ele>
    <time>2025-09-11T08:04:46Z</time>
   </trkpt>
   <trkpt lat="52.1160280" lon="0.2195190">
    <ele>34.0</ele>
    <time>2025-09-11T08:04:47Z</time>
   </trkpt>
   <trkpt lat="52.1160270" lon="0.2194900">
    <ele>34.0</ele>
    <time>2025-09-11T08:04:48Z</time>
   </trkpt>
   <trkpt lat="52.1160240" lon="0.2194670">
    <ele>34.0</ele>
    <time>2025-09-11T08:04:49Z</time>
   </trkpt>
   <trkpt lat="52.1160330" lon="0.2194460">
    <ele>34.0</ele>
    <time>2025-09-11T08:04:50Z</time>
   </trkpt>
   <trkpt lat="52.1160420" lon="0.2194270">
    <ele>34.0</ele>
    <time>2025-09-11T08:04:51Z</time>
   </trkpt>
   <trkpt lat="52.1160530" lon="0.2194020">
    <ele>34.0</ele>
    <time>2025-09-11T08:04:52Z</time>
   </trkpt>
   <trkpt lat="52.1160600" lon="0.2193840">
    <ele>34.1</ele>
    <time>2025-09-11T08:04:53Z</time>
   </trkpt>
   <trkpt lat="52.1160670" lon="0.2193630">
    <ele>34.1</ele>
    <time>2025-09-11T08:04:54Z</time>
   </trkpt>
   <trkpt lat="52.1160690" lon="0.2193410">
    <ele>34.1</ele>
    <time>2025-09-11T08:04:55Z</time>
   </trkpt>
   <trkpt lat="52.1160840" lon="0.2193270">
    <ele>34.1</ele>
    <time>2025-09-11T08:04:56Z</time>
   </trkpt>
   <trkpt lat="52.1160910" lon="0.2193040">
    <ele>34.1</ele>
    <time>2025-09-11T08:04:57Z</time>
   </trkpt>
   <trkpt lat="52.1161000" lon="0.2192810">
    <ele>34.1</ele>
    <time>2025-09-11T08:04:58Z</time>
   </trkpt>
   <trkpt lat="52.1161080" lon="0.2192630">
    <ele>34.1</ele>
    <time>2025-09-11T08:04:59Z</time>
   </trkpt>
   <trkpt lat="52.1161200" lon="0.2192490">
    <ele>34.2</ele>
    <time>2025-09-11T08:05:00Z</time>
   </trkpt>
   <trkpt lat="52.1161340" lon="0.2192340">
    <ele>34.2</ele>
    <time>2025-09-11T08:05:01Z</time>
   </trkpt>
   <trkpt lat="52.1161450" lon="0.2192190">
    <ele>34.2</ele>
    <time>2025-09-11T08:05:02Z</time>
   </trkpt>
   <trkpt lat="52.1161600" lon="0.2192070">
    <ele>34.2</ele>
    <time>2025-09-11T08:05:03Z</time>
   </trkpt>
   <trkpt lat="52.1161720" lon="0.2191910">
    <ele>34.2</ele>
    <time>2025-09-11T08:05:04Z</time>
   </trkpt>
   <trkpt lat="52.1161810" lon="0.2191750">
    <ele>34.2</ele>
    <time>2025-09-11T08:05:05Z</time>
   </trkpt>
   <trkpt lat="52.1161930" lon="0.2191570">
    <ele>34.3</ele>
    <time>2025-09-11T08:05:06Z</time>
   </trkpt>
   <trkpt lat="52.1162070" lon="0.2191470">
    <ele>34.3</ele>
    <time>2025-09-11T08:05:07Z</time>
   </trkpt>
   <trkpt lat="52.1162110" lon="0.2191340">
    <ele>34.3</ele>
    <time>2025-09-11T08:05:08Z</time>
   </trkpt>
   <trkpt lat="52.1162160" lon="0.2191200">
    <ele>34.3</ele>
    <time>2025-09-11T08:05:09Z</time>
   </trkpt>
   <trkpt lat="52.1162280" lon="0.2191120">
    <ele>34.3</ele>
    <time>2025-09-11T08:05:10Z</time>
   </trkpt>
   <trkpt lat="52.1162390" lon="0.2190970">
    <ele>34.3</ele>
    <time>2025-09-11T08:05:11Z</time>
   </trkpt>
   <trkpt lat="52.1162580" lon="0.2190830">
    <ele>34.3</ele>
    <time>2025-09-11T08:05:12Z</time>
   </trkpt>
   <trkpt lat="52.1162670" lon="0.2190790">
    <ele>34.3</ele>
    <time>2025-09-11T08:05:13Z</time>
   </trkpt>
   <trkpt lat="52.1162770" lon="0.2190750">
    <ele>34.3</ele>
    <time>2025-09-11T08:05:14Z</time>
   </trkpt>
   <trkpt lat="52.1162890" lon="0.2190590">
    <ele>34.3</ele>
    <time>2025-09-11T08:05:15Z</time>
   </trkpt>
   <trkpt lat="52.1163040" lon="0.2190490">
    <ele>34.4</ele>
    <time>2025-09-11T08:05:16Z</time>
   </trkpt>
   <trkpt lat="52.1163260" lon="0.2190410">
    <ele>34.4</ele>
    <time>2025-09-11T08:05:17Z</time>
   </trkpt>
   <trkpt lat="52.1163360" lon="0.2190370">
    <ele>34.4</ele>
    <time>2025-09-11T08:05:18Z</time>
   </trkpt>
   <trkpt lat="52.1163470" lon="0.2190340">
    <ele>34.4</ele>
    <time>2025-09-11T08:05:19Z</time>
   </trkpt>
   <trkpt lat="52.1163620" lon="0.2190320">
    <ele>34.4</ele>
    <time>2025-09-11T08:05:20Z</time>
   </trkpt>
   <trkpt lat="52.1163720" lon="0.2190300">
    <ele>34.4</ele>
    <time>2025-09-11T08:05:21Z</time>
   </trkpt>
   <trkpt lat="52.1163830" lon="0.2190280">
    <ele>34.4</ele>
    <time>2025-09-11T08:05:22Z</time>
   </trkpt>
   <trkpt lat="52.1163990" lon="0.2190240">
    <ele>34.4</ele>
    <time>2025-09-11T08:05:23Z</time>
   </trkpt>
   <trkpt lat="52.1164140" lon="0.2190260">
    <ele>34.4</ele>
    <time>2025-09-11T08:05:24Z</time>
   </trkpt>
   <trkpt lat="52.1164370" lon="0.2190310">
    <ele>34.4</ele>
    <time>2025-09-11T08:05:25Z</time>
   </trkpt>
   <trkpt lat="52.1164460" lon="0.2190300">
    <ele>34.4</ele>
    <time>2025-09-11T08:05:26Z</time>
   </trkpt>
   <trkpt lat="52.1164550" lon="0.2190290">
    <ele>34.4</ele>
    <time>2025-09-11T08:05:27Z</time>
   </trkpt>
   <trkpt lat="52.1164760" lon="0.2190350">
    <ele>34.4</ele>
    <time>2025-09-11T08:05:28Z</time>
   </trkpt>
   <trkpt lat="52.1164850" lon="0.2190400">
    <ele>34.4</ele>
    <time>2025-09-11T08:05:29Z</time>
   </trkpt>
   <trkpt lat="52.1164930" lon="0.2190450">
    <ele>34.4</ele>
    <time>2025-09-11T08:05:30Z</time>
   </trkpt>
   <trkpt lat="52.1165060" lon="0.2190450">
    <ele>34.4</ele>
    <time>2025-09-11T08:05:31Z</time>
   </trkpt>
   <trkpt lat="52.1165210" lon="0.2190410">
    <ele>34.4</ele>
    <time>2025-09-11T08:05:32Z</time>
   </trkpt>
   <trkpt lat="52.1165390" lon="0.2190370">
    <ele>34.4</ele>
    <time>2025-09-11T08:05:33Z</time>
   </trkpt>
   <trkpt lat="52.1165520" lon="0.2190370">
    <ele>34.4</ele>
    <time>2025-09-11T08:05:34Z</time>
   </trkpt>
   <trkpt lat="52.1165640" lon="0.2190390">
    <ele>34.4</ele>
    <time>2025-09-11T08:05:35Z</time>
   </trkpt>
   <trkpt lat="52.1165810" lon="0.2190370">
    <ele>34.4</ele>
    <time>2025-09-11T08:05:36Z</time>
   </trkpt>
   <trkpt lat="52.1165980" lon="0.2190460">
    <ele>34.4</ele>
    <time>2025-09-11T08:05:37Z</time>
   </trkpt>
   <trkpt lat="52.1166110" lon="0.2190430">
    <ele>34.4</ele>
    <time>2025-09-11T08:05:38Z</time>
   </trkpt>
   <trkpt lat="52.1166270" lon="0.2190470">
    <ele>34.4</ele>
    <time>2025-09-11T08:05:39Z</time>
   </trkpt>
   <trkpt lat="52.1166420" lon="0.2190580">
    <ele>34.4</ele>
    <time>2025-09-11T08:05:40Z</time>
   </trkpt>
   <trkpt lat="52.1166580" lon="0.2190650">
    <ele>34.4</ele>
    <time>2025-09-11T08:05:41Z</time>
   </trkpt>
   <trkpt lat="52.1166710" lon="0.2190700">
    <ele>34.5</ele>
    <time>2025-09-11T08:05:42Z</time>
   </trkpt>
   <trkpt lat="52.1166860" lon="0.2190760">
    <ele>34.5</ele>
    <time>2025-09-11T08:05:43Z</time>
   </trkpt>
   <trkpt lat="52.1167030" lon="0.2190830">
    <ele>34.5</ele>
    <time>2025-09-11T08:05:44Z</time>
   </trkpt>
   <trkpt lat="52.1167190" lon="0.2190750">
    <ele>34.5</ele>
    <time>2025-09-11T08:05:45Z</time>
   </trkpt>
   <trkpt lat="52.1167360" lon="0.2190720">
    <ele>34.5</ele>
    <time>2025-09-11T08:05:46Z</time>
   </trkpt>
   <trkpt lat="52.1167510" lon="0.2190710">
    <ele>34.5</ele>
    <time>2025-09-11T08:05:47Z</time>
   </trkpt>
   <trkpt lat="52.1167650" lon="0.2190700">
    <ele>34.5</ele>
    <time>2025-09-11T08:05:48Z</time>
   </trkpt>
   <trkpt lat="52.1167790" lon="0.2190800">
    <ele>34.5</ele>
    <time>2025-09-11T08:05:49Z</time>
   </trkpt>
   <trkpt lat="52.1167940" lon="0.2190800">
    <ele>34.5</ele>
    <time>2025-09-11T08:05:50Z</time>
   </trkpt>
   <trkpt lat="52.1168170" lon="0.2190750">
    <ele>34.5</ele>
    <time>2025-09-11T08:05:51Z</time>
   </trkpt>
   <trkpt lat="52.1168260" lon="0.2190760">
    <ele>34.5</ele>
    <time>2025-09-11T08:05:52Z</time>
   </trkpt>
   <trkpt lat="52.1168350" lon="0.2190760">
    <ele>34.5</ele>
    <time>2025-09-11T08:05:53Z</time>
   </trkpt>
   <trkpt lat="52.1168440" lon="0.2190730">
    <ele>34.5</ele>
    <time>2025-09-11T08:05:54Z</time>
   </trkpt>
   <trkpt lat="52.1168620" lon="0.2190800">
    <ele>34.5</ele>
    <time>2025-09-11T08:05:55Z</time>
   </trkpt>
   <trkpt lat="52.1168700" lon="0.2190850">
    <ele>34.5</ele>
    <time>2025-09-11T08:05:56Z</time>
   </trkpt>
   <trkpt lat="52.1168930" lon="0.2190860">
    <ele>34.5</ele>
    <time>2025-09-11T08:05:57Z</time>
   </trkpt>
   <trkpt lat="52.1169040" lon="0.2190870">
    <ele>34.5</ele>
    <time>2025-09-11T08:05:58Z</time>
   </trkpt>
   <trkpt lat="52.1169140" lon="0.2190880">
    <ele>34.5</ele>
    <time>2025-09-11T08:05:59Z</time>
   </trkpt>
   <trkpt lat="52.1169280" lon="0.2190900">
    <ele>34.5</ele>
    <time>2025-09-11T08:06:00Z</time>
   </trkpt>
   <trkpt lat="52.1169410" lon="0.2190990">
    <ele>34.5</ele>
    <time>2025-09-11T08:06:01Z</time>
   </trkpt>
   <trkpt lat="52.1169490" lon="0.2190970">
    <ele>34.5</ele>
    <time>2025-09-11T08:06:02Z</time>
   </trkpt>
   <trkpt lat="52.1169660" lon="0.2191010">
    <ele>34.5</ele>
    <time>2025-09-11T08:06:03Z</time>
   </trkpt>
   <trkpt lat="52.1169750" lon="0.2191050">
    <ele>34.5</ele>
    <time>2025-09-11T08:06:04Z</time>
   </trkpt>
   <trkpt lat="52.1169940" lon="0.2191120">
    <ele>34.6</ele>
    <time>2025-09-11T08:06:05Z</time>
   </trkpt>
   <trkpt lat="52.1170060" lon="0.2191130">
    <ele>34.6</ele>
    <time>2025-09-11T08:06:06Z</time>
   </trkpt>
   <trkpt lat="52.1170170" lon="0.2191240">
    <ele>34.6</ele>
    <time>2025-09-11T08:06:07Z</time>
   </trkpt>
   <trkpt lat="52.1170270" lon="0.2191270">
    <ele>34.6</ele>
    <time>2025-09-11T08:06:08Z</time>
   </trkpt>
   <trkpt lat="52.1170370" lon="0.2191400">
    <ele>34.6</ele>
    <time>2025-09-11T08:06:09Z</time>
   </trkpt>
   <trkpt lat="52.1170430" lon="0.2191570">
    <ele>34.6</ele>
    <time>2025-09-11T08:06:10Z</time>
   </trkpt>
   <trkpt lat="52.1170540" lon="0.2191620">
    <ele>34.6</ele>
    <time>2025-09-11T08:06:11Z</time>
   </trkpt>
   <trkpt lat="52.1170620" lon="0.2191760">
    <ele>34.6</ele>
    <time>2025-09-11T08:06:12Z</time>
   </trkpt>
   <trkpt lat="52.1170780" lon="0.2191960">
    <ele>34.6</ele>
    <time>2025-09-11T08:06:13Z</time>
   </trkpt>
   <trkpt lat="52.1170870" lon="0.2192100">
    <ele>34.6</ele>
    <time>2025-09-11T08:06:14Z</time>
   </trkpt>
   <trkpt lat="52.1170960" lon="0.2192280">
    <ele>34.6</ele>
    <time>2025-09-11T08:06:15Z</time>
   </trkpt>
   <trkpt lat="52.1171070" lon="0.2192450">
    <ele>34.7</ele>
    <time>2025-09-11T08:06:16Z</time>
   </trkpt>
   <trkpt lat="52.1171270" lon="0.2192560">
    <ele>34.7</ele>
    <time>2025-09-11T08:06:17Z</time>
   </trkpt>
   <trkpt lat="52.1171360" lon="0.2192630">
    <ele>34.7</ele>
    <time>2025-09-11T08:06:18Z</time>
   </trkpt>
   <trkpt lat="52.1171440" lon="0.2192710">
    <ele>34.7</ele>
    <time>2025-09-11T08:06:19Z</time>
   </trkpt>
   <trkpt lat="52.1171570" lon="0.2192850">
    <ele>34.7</ele>
    <time>2025-09-11T08:06:20Z</time>
   </trkpt>
   <trkpt lat="52.1171710" lon="0.2192920">
    <ele>34.7</ele>
    <time>2025-09-11T08:06:21Z</time>
   </trkpt>
   <trkpt lat="52.1171850" lon="0.2193020">
    <ele>34.7</ele>
    <time>2025-09-11T08:06:22Z</time>
   </trkpt>
   <trkpt lat="52.1171990" lon="0.2193130">
    <ele>34.7</ele>
    <time>2025-09-11T08:06:23Z</time>
   </trkpt>
   <trkpt lat="52.1172160" lon="0.2193180">
    <ele>34.7</ele>
    <time>2025-09-11T08:06:24Z</time>
   </trkpt>
   <trkpt lat="52.1172300" lon="0.2193130">
    <ele>34.7</ele>
    <time>2025-09-11T08:06:25Z</time>
   </trkpt>
   <trkpt lat="52.1172570" lon="0.2193080">
    <ele>34.7</ele>
    <time>2025-09-11T08:06:26Z</time>
   </trkpt>
   <trkpt lat="52.1172690" lon="0.2193090">
    <ele>34.7</ele>
    <time>2025-09-11T08:06:27Z</time>
   </trkpt>
   <trkpt lat="52.1172770" lon="0.2193040">
    <ele>34.7</ele>
    <time>2025-09-11T08:06:28Z</time>
   </trkpt>
   <trkpt lat="52.1172990" lon="0.2193050">
    <ele>34.7</ele>
    <time>2025-09-11T08:06:29Z</time>
   </trkpt>
   <trkpt lat="52.1173180" lon="0.2192930">
    <ele>34.7</ele>
    <time>2025-09-11T08:06:30Z</time>
   </trkpt>
   <trkpt lat="52.1173280" lon="0.2192880">
    <ele>34.7</ele>
    <time>2025-09-11T08:06:31Z</time>
   </trkpt>
   <trkpt lat="52.1173390" lon="0.2192830">
    <ele>34.7</ele>
    <time>2025-09-11T08:06:32Z</time>
   </trkpt>
   <trkpt lat="52.1173510" lon="0.2192700">
    <ele>34.6</ele>
    <time>2025-09-11T08:06:33Z</time>
   </trkpt>
   <trkpt lat="52.1173620" lon="0.2192570">
    <ele>34.6</ele>
    <time>2025-09-11T08:06:34Z</time>
   </trkpt>
   <trkpt lat="52.1173780" lon="0.2192440">
    <ele>34.6</ele>
    <time>2025-09-11T08:06:35Z</time>
   </trkpt>
   <trkpt lat="52.1173870" lon="0.2192370">
    <ele>34.6</ele>
    <time>2025-09-11T08:06:36Z</time>
   </trkpt>
   <trkpt lat="52.1173990" lon="0.2192230">
    <ele>34.6</ele>
    <time>2025-09-11T08:06:37Z</time>
   </trkpt>
   <trkpt lat="52.1174160" lon="0.2192070">
    <ele>34.6</ele>
    <time>2025-09-11T08:06:38Z</time>
   </trkpt>
   <trkpt lat="52.1174270" lon="0.2191940">
    <ele>34.6</ele>
    <time>2025-09-11T08:06:39Z</time>
   </trkpt>
   <trkpt lat="52.1174390" lon="0.2191810">
    <ele>34.6</ele>
    <time>2025-09-11T08:06:40Z</time>
   </trkpt>
   <trkpt lat="52.1174680" lon="0.2191670">
    <ele>34.6</ele>
    <time>2025-09-11T08:06:41Z</time>
   </trkpt>
   <trkpt lat="52.1174750" lon="0.2191670">
    <ele>34.6</ele>
    <time>2025-09-11T08:06:42Z</time>
   </trkpt>
   <trkpt lat="52.1174930" lon="0.2191580">
    <ele>34.5</ele>
    <time>2025-09-11T08:06:43Z</time>
   </trkpt>
   <trkpt lat="52.1175060" lon="0.2191520">
    <ele>34.5</ele>
    <time>2025-09-11T08:06:44Z</time>
   </trkpt>
   <trkpt lat="52.1175210" lon="0.2191480">
    <ele>34.5</ele>
    <time>2025-09-11T08:06:45Z</time>
   </trkpt>
   <trkpt lat="52.1175410" lon="0.2191460">
    <ele>34.5</ele>
    <time>2025-09-11T08:06:46Z</time>
   </trkpt>
   <trkpt lat="52.1175520" lon="0.2191430">
    <ele>34.5</ele>
    <time>2025-09-11T08:06:47Z</time>
   </trkpt>
   <trkpt lat="52.1175720" lon="0.2191440">
    <ele>34.5</ele>
    <time>2025-09-11T08:06:48Z</time>
   </trkpt>
   <trkpt lat="52.1175850" lon="0.2191410">
    <ele>34.5</ele>
    <time>2025-09-11T08:06:49Z</time>
   </trkpt>
   <trkpt lat="52.1176080" lon="0.2191450">
    <ele>34.4</ele>
    <time>2025-09-11T08:06:50Z</time>
   </trkpt>
   <trkpt lat="52.1176350" lon="0.2191370">
    <ele>34.4</ele>
    <time>2025-09-11T08:06:51Z</time>
   </trkpt>
   <trkpt lat="52.1176450" lon="0.2191360">
    <ele>34.4</ele>
    <time>2025-09-11T08:06:52Z</time>
   </trkpt>
   <trkpt lat="52.1176690" lon="0.2191470">
    <ele>34.4</ele>
    <time>2025-09-11T08:06:53Z</time>
   </trkpt>
   <trkpt lat="52.1176800" lon="0.2191550">
    <ele>34.3</ele>
    <time>2025-09-11T08:06:54Z</time>
   </trkpt>
   <trkpt lat="52.1177000" lon="0.2191480">
    <ele>34.3</ele>
    <time>2025-09-11T08:06:55Z</time>
   </trkpt>
   <trkpt lat="52.1177120" lon="0.2191450">
    <ele>34.3</ele>
    <time>2025-09-11T08:06:56Z</time>
   </trkpt>
   <trkpt lat="52.1177250" lon="0.2191410">
    <ele>34.3</ele>
    <time>2025-09-11T08:06:57Z</time>
   </trkpt>
   <trkpt lat="52.1177350" lon="0.2191440">
    <ele>34.2</ele>
    <time>2025-09-11T08:06:58Z</time>
   </trkpt>
   <trkpt lat="52.1177550" lon="0.2191490">
    <ele>34.2</ele>
    <time>2025-09-11T08:06:59Z</time>
   </trkpt>
   <trkpt lat="52.1177660" lon="0.2191540">
    <ele>34.2</ele>
    <time>2025-09-11T08:07:00Z</time>
   </trkpt>
   <trkpt lat="52.1177840" lon="0.2191530">
    <ele>34.1</ele>
    <time>2025-09-11T08:07:01Z</time>
   </trkpt>
   <trkpt lat="52.1178080" lon="0.2191510">
    <ele>34.1</ele>
    <time>2025-09-11T08:07:02Z</time>
   </trkpt>
   <trkpt lat="52.1178190" lon="0.2191500">
    <ele>34.1</ele>
    <time>2025-09-11T08:07:03Z</time>
   </trkpt>
   <trkpt lat="52.1178310" lon="0.2191490">
    <ele>34.1</ele>
    <time>2025-09-11T08:07:04Z</time>
   </trkpt>
   <trkpt lat="52.1178470" lon="0.2191540">
    <ele>34.0</ele>
    <time>2025-09-11T08:07:05Z</time>
   </trkpt>
   <trkpt lat="52.1178660" lon="0.2191510">
    <ele>34.0</ele>
    <time>2025-09-11T08:07:06Z</time>
   </trkpt>
   <trkpt lat="52.1178850" lon="0.2191550">
    <ele>33.9</ele>
    <time>2025-09-11T08:07:07Z</time>
   </trkpt>
   <trkpt lat="52.1178960" lon="0.2191570">
    <ele>33.9</ele>
    <time>2025-09-11T08:07:08Z</time>
   </trkpt>
   <trkpt lat="52.1179060" lon="0.2191590">
    <ele>33.9</ele>
    <time>2025-09-11T08:07:09Z</time>
   </trkpt>
   <trkpt lat="52.1179300" lon="0.2191710">
    <ele>33.8</ele>
    <time>2025-09-11T08:07:10Z</time>
   </trkpt>
   <trkpt lat="52.1179390" lon="0.2191680">
    <ele>33.8</ele>
    <time>2025-09-11T08:07:11Z</time>
   </trkpt>
   <trkpt lat="52.1179550" lon="0.2191670">
    <ele>33.7</ele>
    <time>2025-09-11T08:07:12Z</time>
   </trkpt>
   <trkpt lat="52.1179690" lon="0.2191660">
    <ele>33.7</ele>
    <time>2025-09-11T08:07:13Z</time>
   </trkpt>
   <trkpt lat="52.1179870" lon="0.2191660">
    <ele>33.7</ele>
    <time>2025-09-11T08:07:14Z</time>
   </trkpt>
   <trkpt lat="52.1180030" lon="0.2191640">
    <ele>33.6</ele>
    <time>2025-09-11T08:07:15Z</time>
   </trkpt>
   <trkpt lat="52.1180230" lon="0.2191750">
    <ele>33.6</ele>
    <time>2025-09-11T08:07:16Z</time>
   </trkpt>
   <trkpt lat="52.1180350" lon="0.2191810">
    <ele>33.5</ele>
    <time>2025-09-11T08:07:17Z</time>
   </trkpt>
   <trkpt lat="52.1180540" lon="0.2191870">
    <ele>33.5</ele>
    <time>2025-09-11T08:07:18Z</time>
   </trkpt>
   <trkpt lat="52.1180640" lon="0.2191990">
    <ele>33.5</ele>
    <time>2025-09-11T08:07:19Z</time>
   </trkpt>
   <trkpt lat="52.1180920" lon="0.2192110">
    <ele>33.4</ele>
    <time>2025-09-11T08:07:20Z</time>
   </trkpt>
   <trkpt lat="52.1180990" lon="0.2192160">
    <ele>33.4</ele>
    <time>2025-09-11T08:07:21Z</time>
   </trkpt>
   <trkpt lat="52.1181130" lon="0.2192250">
    <ele>33.3</ele>
    <time>2025-09-11T08:07:22Z</time>
   </trkpt>
   <trkpt lat="52.1181310" lon="0.2192390">
    <ele>33.3</ele>
    <time>2025-09-11T08:07:23Z</time>
   </trkpt>
   <trkpt lat="52.1181460" lon="0.2192610">
    <ele>33.2</ele>
    <time>2025-09-11T08:07:24Z</time>
   </trkpt>
   <trkpt lat="52.1181540" lon="0.2192710">
    <ele>33.2</ele>
    <time>2025-09-11T08:07:25Z</time>
   </trkpt>
   <trkpt lat="52.1181610" lon="0.2192810">
    <ele>33.2</ele>
    <time>2025-09-11T08:07:26Z</time>
   </trkpt>
   <trkpt lat="52.1181770" lon="0.2193000">
    <ele>33.2</ele>
    <time>2025-09-11T08:07:27Z</time>
   </trkpt>
   <trkpt lat="52.1181890" lon="0.2193170">
    <ele>33.1</ele>
    <time>2025-09-11T08:07:28Z</time>
   </trkpt>
   <trkpt lat="52.1182010" lon="0.2193340">
    <ele>33.1</ele>
    <time>2025-09-11T08:07:29Z</time>
   </trkpt>
   <trkpt lat="52.1182140" lon="0.2193500">
    <ele>33.0</ele>
    <time>2025-09-11T08:07:30Z</time>
   </trkpt>
   <trkpt lat="52.1182230" lon="0.2193590">
    <ele>33.0</ele>
    <time>2025-09-11T08:07:31Z</time>
   </trkpt>
   <trkpt lat="52.1182330" lon="0.2193850">
    <ele>33.0</ele>
    <time>2025-09-11T08:07:32Z</time>
   </trkpt>
   <trkpt lat="52.1182550" lon="0.2194080">
    <ele>32.9</ele>
    <time>2025-09-11T08:07:33Z</time>
   </trkpt>
   <trkpt lat="52.1182640" lon="0.2194160">
    <ele>32.9</ele>
    <time>2025-09-11T08:07:34Z</time>
   </trkpt>
   <trkpt lat="52.1182730" lon="0.2194230">
    <ele>32.9</ele>
    <time>2025-09-11T08:07:35Z</time>
   </trkpt>
   <trkpt lat="52.1182780" lon="0.2194400">
    <ele>32.8</ele>
    <time>2025-09-11T08:07:36Z</time>
   </trkpt>
   <trkpt lat="52.1182950" lon="0.2194610">
    <ele>32.8</ele>
    <time>2025-09-11T08:07:37Z</time>
   </trkpt>
   <trkpt lat="52.1183020" lon="0.2194760">
    <ele>32.8</ele>
    <time>2025-09-11T08:07:38Z</time>
   </trkpt>
   <trkpt lat="52.1183140" lon="0.2194990">
    <ele>32.7</ele>
    <time>2025-09-11T08:07:39Z</time>
   </trkpt>
   <trkpt lat="52.1183200" lon="0.2195170">
    <ele>32.7</ele>
    <time>2025-09-11T08:07:40Z</time>
   </trkpt>
   <trkpt lat="52.1183210" lon="0.2195320">
    <ele>32.7</ele>
    <time>2025-09-11T08:07:41Z</time>
   </trkpt>
   <trkpt lat="52.1183360" lon="0.2195710">
    <ele>32.6</ele>
    <time>2025-09-11T08:07:43Z</time>
   </trkpt>
   <trkpt lat="52.1183430" lon="0.2196130">
    <ele>32.6</ele>
    <time>2025-09-11T08:07:44Z</time>
   </trkpt>
   <trkpt lat="52.1183500" lon="0.2196190">
    <ele>32.6</ele>
    <time>2025-09-11T08:07:45Z</time>
   </trkpt>
   <trkpt lat="52.1183550" lon="0.2196420">
    <ele>32.5</ele>
    <time>2025-09-11T08:07:46Z</time>
   </trkpt>
   <trkpt lat="52.1183600" lon="0.2196620">
    <ele>32.5</ele>
    <time>2025-09-11T08:07:47Z</time>
   </trkpt>
   <trkpt lat="52.1183660" lon="0.2197100">
    <ele>32.4</ele>
    <time>2025-09-11T08:07:48Z</time>
   </trkpt>
   <trkpt lat="52.1183680" lon="0.2197250">
    <ele>32.4</ele>
    <time>2025-09-11T08:07:49Z</time>
   </trkpt>
   <trkpt lat="52.1183740" lon="0.2197430">
    <ele>32.4</ele>
    <time>2025-09-11T08:07:50Z</time>
   </trkpt>
   <trkpt lat="52.1183790" lon="0.2197670">
    <ele>32.4</ele>
    <time>2025-09-11T08:07:51Z</time>
   </trkpt>
   <trkpt lat="52.1183800" lon="0.2197880">
    <ele>32.4</ele>
    <time>2025-09-11T08:07:52Z</time>
   </trkpt>
   <trkpt lat="52.1183800" lon="0.2198130">
    <ele>32.3</ele>
    <time>2025-09-11T08:07:53Z</time>
   </trkpt>
   <trkpt lat="52.1183820" lon="0.2198390">
    <ele>32.3</ele>
    <time>2025-09-11T08:07:54Z</time>
   </trkpt>
   <trkpt lat="52.1183850" lon="0.2198590">
    <ele>32.3</ele>
    <time>2025-09-11T08:07:55Z</time>
   </trkpt>
   <trkpt lat="52.1183880" lon="0.2198840">
    <ele>32.3</ele>
    <time>2025-09-11T08:07:56Z</time>
   </trkpt>
   <trkpt lat="52.1183920" lon="0.2199120">
    <ele>32.2</ele>
    <time>2025-09-11T08:07:57Z</time>
   </trkpt>
   <trkpt lat="52.1183920" lon="0.2199360">
    <ele>32.2</ele>
    <time>2025-09-11T08:07:58Z</time>
   </trkpt>
   <trkpt lat="52.1183960" lon="0.2199570">
    <ele>32.2</ele>
    <time>2025-09-11T08:07:59Z</time>
   </trkpt>
   <trkpt lat="52.1183990" lon="0.2199820">
    <ele>32.2</ele>
    <time>2025-09-11T08:08:00Z</time>
   </trkpt>
   <trkpt lat="52.1184030" lon="0.2200030">
    <ele>32.2</ele>
    <time>2025-09-11T08:08:01Z</time>
   </trkpt>
   <trkpt lat="52.1184100" lon="0.2200220">
    <ele>32.2</ele>
    <time>2025-09-11T08:08:02Z</time>
   </trkpt>
   <trkpt lat="52.1184130" lon="0.2200490">
    <ele>32.1</ele>
    <time>2025-09-11T08:08:03Z</time>
   </trkpt>
   <trkpt lat="52.1184140" lon="0.2200750">
    <ele>32.1</ele>
    <time>2025-09-11T08:08:04Z</time>
   </trkpt>
   <trkpt lat="52.1184170" lon="0.2201020">
    <ele>32.1</ele>
    <time>2025-09-11T08:08:05Z</time>
   </trkpt>
   <trkpt lat="52.1184150" lon="0.2201290">
    <ele>32.1</ele>
    <time>2025-09-11T08:08:06Z</time>
   </trkpt>
   <trkpt lat="52.1184150" lon="0.2201550">
    <ele>32.1</ele>
    <time>2025-09-11T08:08:07Z</time>
   </trkpt>
   <trkpt lat="52.1184150" lon="0.2201880">
    <ele>32.1</ele>
    <time>2025-09-11T08:08:08Z</time>
   </trkpt>
   <trkpt lat="52.1184150" lon="0.2202100">
    <ele>32.0</ele>
    <time>2025-09-11T08:08:09Z</time>
   </trkpt>
   <trkpt lat="52.1184190" lon="0.2202560">
    <ele>32.0</ele>
    <time>2025-09-11T08:08:10Z</time>
   </trkpt>
   <trkpt lat="52.1184190" lon="0.2202700">
    <ele>32.0</ele>
    <time>2025-09-11T08:08:11Z</time>
   </trkpt>
   <trkpt lat="52.1184190" lon="0.2202980">
    <ele>32.0</ele>
    <time>2025-09-11T08:08:12Z</time>
   </trkpt>
   <trkpt lat="52.1184210" lon="0.2203220">
    <ele>31.9</ele>
    <time>2025-09-11T08:08:13Z</time>
   </trkpt>
   <trkpt lat="52.1184230" lon="0.2203460">
    <ele>31.9</ele>
    <time>2025-09-11T08:08:14Z</time>
   </trkpt>
   <trkpt lat="52.1184230" lon="0.2203750">
    <ele>31.9</ele>
    <time>2025-09-11T08:08:15Z</time>
   </trkpt>
   <trkpt lat="52.1184250" lon="0.2204020">
    <ele>31.9</ele>
    <time>2025-09-11T08:08:16Z</time>
   </trkpt>
   <trkpt lat="52.1184310" lon="0.2204290">
    <ele>31.8</ele>
    <time>2025-09-11T08:08:17Z</time>
   </trkpt>
   <trkpt lat="52.1184380" lon="0.2204590">
    <ele>31.8</ele>
    <time>2025-09-11T08:08:18Z</time>
   </trkpt>
   <trkpt lat="52.1184400" lon="0.2204740">
    <ele>31.8</ele>
    <time>2025-09-11T08:08:19Z</time>
   </trkpt>
   <trkpt lat="52.1184430" lon="0.2204880">
    <ele>31.8</ele>
    <time>2025-09-11T08:08:20Z</time>
   </trkpt>
   <trkpt lat="52.1184450" lon="0.2205130">
    <ele>31.7</ele>
    <time>2025-09-11T08:08:21Z</time>
   </trkpt>
   <trkpt lat="52.1184500" lon="0.2205330">
    <ele>31.7</ele>
    <time>2025-09-11T08:08:22Z</time>
   </trkpt>
   <trkpt lat="52.1184590" lon="0.2205540">
    <ele>31.7</ele>
    <time>2025-09-11T08:08:23Z</time>
   </trkpt>
   <trkpt lat="52.1184620" lon="0.2205740">
    <ele>31.7</ele>
    <time>2025-09-11T08:08:24Z</time>
   </trkpt>
   <trkpt lat="52.1184660" lon="0.2206050">
    <ele>31.6</ele>
    <time>2025-09-11T08:08:25Z</time>
   </trkpt>
   <trkpt lat="52.1184630" lon="0.2206300">
    <ele>31.6</ele>
    <time>2025-09-11T08:08:26Z</time>
   </trkpt>
   <trkpt lat="52.1184650" lon="0.2206510">
    <ele>31.6</ele>
    <time>2025-09-11T08:08:27Z</time>
   </trkpt>
   <trkpt lat="52.1184680" lon="0.2206760">
    <ele>31.5</ele>
    <time>2025-09-11T08:08:28Z</time>
   </trkpt>
   <trkpt lat="52.1184690" lon="0.2206990">
    <ele>31.5</ele>
    <time>2025-09-11T08:08:29Z</time>
   </trkpt>
   <trkpt lat="52.1184690" lon="0.2207250">
    <ele>31.5</ele>
    <time>2025-09-11T08:08:30Z</time>
   </trkpt>
   <trkpt lat="52.1184670" lon="0.2207480">
    <ele>31.5</ele>
    <time>2025-09-11T08:08:31Z</time>
   </trkpt>
   <trkpt lat="52.1184710" lon="0.2207700">
    <ele>31.4</ele>
    <time>2025-09-11T08:08:32Z</time>
   </trkpt>
   <trkpt lat="52.1184780" lon="0.2207870">
    <ele>31.4</ele>
    <time>2025-09-11T08:08:33Z</time>
   </trkpt>
   <trkpt lat="52.1184800" lon="0.2208190">
    <ele>31.4</ele>
    <time>2025-09-11T08:08:34Z</time>
   </trkpt>
   <trkpt lat="52.1184820" lon="0.2208510">
    <ele>31.4</ele>
    <time>2025-09-11T08:08:35Z</time>
   </trkpt>
   <trkpt lat="52.1184860" lon="0.2208660">
    <ele>31.3</ele>
    <time>2025-09-11T08:08:36Z</time>
   </trkpt>
   <trkpt lat="52.1184890" lon="0.2208800">
    <ele>31.3</ele>
    <time>2025-09-11T08:08:37Z</time>
   </trkpt>
   <trkpt lat="52.1184990" lon="0.2209040">
    <ele>31.3</ele>
    <time>2025-09-11T08:08:38Z</time>
   </trkpt>
   <trkpt lat="52.1185020" lon="0.2209270">
    <ele>31.3</ele>
    <time>2025-09-11T08:08:39Z</time>
   </trkpt>
   <trkpt lat="52.1185090" lon="0.2209500">
    <ele>31.2</ele>
    <time>2025-09-11T08:08:40Z</time>
   </trkpt>
   <trkpt lat="52.1185060" lon="0.2209800">
    <ele>31.2</ele>
    <time>2025-09-11T08:08:41Z</time>
   </trkpt>
   <trkpt lat="52.1185110" lon="0.2210110">
    <ele>31.2</ele>
    <time>2025-09-11T08:08:42Z</time>
   </trkpt>
   <trkpt lat="52.1185150" lon="0.2210300">
    <ele>31.1</ele>
    <time>2025-09-11T08:08:43Z</time>
   </trkpt>
   <trkpt lat="52.1185180" lon="0.2210490">
    <ele>31.1</ele>
    <time>2025-09-11T08:08:44Z</time>
   </trkpt>
   <trkpt lat="52.1185220" lon="0.2210910">
    <ele>31.1</ele>
    <time>2025-09-11T08:08:45Z</time>
   </trkpt>
   <trkpt lat="52.1185220" lon="0.2211130">
    <ele>31.0</ele>
    <time>2025-09-11T08:08:46Z</time>
   </trkpt>
   <trkpt lat="52.1185260" lon="0.2211430">
    <ele>31.0</ele>
    <time>2025-09-11T08:08:47Z</time>
   </trkpt>
   <trkpt lat="52.1185330" lon="0.2211620">
    <ele>31.0</ele>
    <time>2025-09-11T08:08:48Z</time>
   </trkpt>
   <trkpt lat="52.1185390" lon="0.2211890">
    <ele>30.9</ele>
    <time>2025-09-11T08:08:49Z</time>
   </trkpt>
   <trkpt lat="52.1185370" lon="0.2212060">
    <ele>30.9</ele>
    <time>2025-09-11T08:08:50Z</time>
   </trkpt>
   <trkpt lat="52.1185400" lon="0.2212530">
    <ele>30.9</ele>
    <time>2025-09-11T08:08:51Z</time>
   </trkpt>
   <trkpt lat="52.1185400" lon="0.2212700">
    <ele>30.8</ele>
    <time>2025-09-11T08:08:52Z</time>
   </trkpt>
   <trkpt lat="52.1185410" lon="0.2213130">
    <ele>30.8</ele>
    <time>2025-09-11T08:08:53Z</time>
   </trkpt>
   <trkpt lat="52.1185390" lon="0.2213290">
    <ele>30.8</ele>
    <time>2025-09-11T08:08:54Z</time>
   </trkpt>
   <trkpt lat="52.1185370" lon="0.2213570">
    <ele>30.8</ele>
    <time>2025-09-11T08:08:55Z</time>
   </trkpt>
   <trkpt lat="52.1185350" lon="0.2213870">
    <ele>30.7</ele>
    <time>2025-09-11T08:08:56Z</time>
   </trkpt>
   <trkpt lat="52.1185350" lon="0.2214360">
    <ele>30.7</ele>
    <time>2025-09-11T08:08:57Z</time>
   </trkpt>
   <trkpt lat="52.1185320" lon="0.2214550">
    <ele>30.7</ele>
    <time>2025-09-11T08:08:58Z</time>
   </trkpt>
   <trkpt lat="52.1185320" lon="0.2214840">
    <ele>30.6</ele>
    <time>2025-09-11T08:08:59Z</time>
   </trkpt>
   <trkpt lat="52.1185320" lon="0.2215060">
    <ele>30.6</ele>
    <time>2025-09-11T08:09:00Z</time>
   </trkpt>
   <trkpt lat="52.1185320" lon="0.2215460">
    <ele>30.6</ele>
    <time>2025-09-11T08:09:01Z</time>
   </trkpt>
   <trkpt lat="52.1185310" lon="0.2215650">
    <ele>30.5</ele>
    <time>2025-09-11T08:09:02Z</time>
   </trkpt>
   <trkpt lat="52.1185300" lon="0.2215890">
    <ele>30.5</ele>
    <time>2025-09-11T08:09:03Z</time>
   </trkpt>
   <trkpt lat="52.1185330" lon="0.2216160">
    <ele>30.5</ele>
    <time>2025-09-11T08:09:04Z</time>
   </trkpt>
   <trkpt lat="52.1185320" lon="0.2216460">
    <ele>30.4</ele>
    <time>2025-09-11T08:09:05Z</time>
   </trkpt>
   <trkpt lat="52.1185370" lon="0.2216620">
    <ele>30.4</ele>
    <time>2025-09-11T08:09:06Z</time>
   </trkpt>
   <trkpt lat="52.1185370" lon="0.2217000">
    <ele>30.4</ele>
    <time>2025-09-11T08:09:07Z</time>
   </trkpt>
   <trkpt lat="52.1185370" lon="0.2217200">
    <ele>30.3</ele>
    <time>2025-09-11T08:09:08Z</time>
   </trkpt>
   <trkpt lat="52.1185360" lon="0.2217410">
    <ele>30.3</ele>
    <time>2025-09-11T08:09:09Z</time>
   </trkpt>
   <trkpt lat="52.1185370" lon="0.2217910">
    <ele>30.3</ele>
    <time>2025-09-11T08:09:10Z</time>
   </trkpt>
   <trkpt lat="52.1185360" lon="0.2218100">
    <ele>30.2</ele>
    <time>2025-09-11T08:09:11Z</time>
   </trkpt>
   <trkpt lat="52.1185370" lon="0.2218390">
    <ele>30.2</ele>
    <time>2025-09-11T08:09:12Z</time>
   </trkpt>
   <trkpt lat="52.1185380" lon="0.2218630">
    <ele>30.2</ele>
    <time>2025-09-11T08:09:13Z</time>
   </trkpt>
   <trkpt lat="52.1185380" lon="0.2218910">
    <ele>30.1</ele>
    <time>2025-09-11T08:09:14Z</time>
   </trkpt>
   <trkpt lat="52.1185380" lon="0.2219170">
    <ele>30.1</ele>
    <time>2025-09-11T08:09:15Z</time>
   </trkpt>
   <trkpt lat="52.1185420" lon="0.2219550">
    <ele>30.0</ele>
    <time>2025-09-11T08:09:16Z</time>
   </trkpt>
   <trkpt lat="52.1185450" lon="0.2219660">
    <ele>30.0</ele>
    <time>2025-09-11T08:09:17Z</time>
   </trkpt>
   <trkpt lat="52.1185470" lon="0.2219780">
    <ele>30.0</ele>
    <time>2025-09-11T08:09:18Z</time>
   </trkpt>
   <trkpt lat="52.1185460" lon="0.2220240">
    <ele>29.9</ele>
    <time>2025-09-11T08:09:19Z</time>
   </trkpt>
   <trkpt lat="52.1185460" lon="0.2220410">
    <ele>29.9</ele>
    <time>2025-09-11T08:09:20Z</time>
   </trkpt>
   <trkpt lat="52.1185420" lon="0.2220740">
    <ele>29.9</ele>
    <time>2025-09-11T08:09:21Z</time>
   </trkpt>
   <trkpt lat="52.1185460" lon="0.2221010">
    <ele>29.8</ele>
    <time>2025-09-11T08:09:22Z</time>
   </trkpt>
   <trkpt lat="52.1185540" lon="0.2221320">
    <ele>29.8</ele>
    <time>2025-09-11T08:09:23Z</time>
   </trkpt>
   <trkpt lat="52.1185580" lon="0.2221460">
    <ele>29.8</ele>
    <time>2025-09-11T08:09:24Z</time>
   </trkpt>
   <trkpt lat="52.1185610" lon="0.2221610">
    <ele>29.8</ele>
    <time>2025-09-11T08:09:25Z</time>
   </trkpt>
   <trkpt lat="52.1185640" lon="0.2221930">
    <ele>29.7</ele>
    <time>2025-09-11T08:09:26Z</time>
   </trkpt>
   <trkpt lat="52.1185680" lon="0.2222060">
    <ele>29.7</ele>
    <time>2025-09-11T08:09:27Z</time>
   </trkpt>
   <trkpt lat="52.1185700" lon="0.2222370">
    <ele>29.7</ele>
    <time>2025-09-11T08:09:28Z</time>
   </trkpt>
   <trkpt lat="52.1185780" lon="0.2222480">
    <ele>29.7</ele>
    <time>2025-09-11T08:09:29Z</time>
   </trkpt>
   <trkpt lat="52.1185820" lon="0.2222820">
    <ele>29.6</ele>
    <time>2025-09-11T08:09:30Z</time>
   </trkpt>
   <trkpt lat="52.1185860" lon="0.2222940">
    <ele>29.6</ele>
    <time>2025-09-11T08:09:31Z</time>
   </trkpt>
   <trkpt lat="52.1185890" lon="0.2223070">
    <ele>29.6</ele>
    <time>2025-09-11T08:09:32Z</time>
   </trkpt>
   <trkpt lat="52.1185960" lon="0.2223370">
    <ele>29.6</ele>
    <time>2025-09-11T08:09:33Z</time>
   </trkpt>
   <trkpt lat="52.1185990" lon="0.2223550">
    <ele>29.6</ele>
    <time>2025-09-11T08:09:34Z</time>
   </trkpt>
   <trkpt lat="52.1186020" lon="0.2223740">
    <ele>29.5</ele>
    <time>2025-09-11T08:09:35Z</time>
   </trkpt>
   <trkpt lat="52.1186050" lon="0.2223860">
    <ele>29.5</ele>
    <time>2025-09-11T08:09:36Z</time>
   </trkpt>
   <trkpt lat="52.1186120" lon="0.2224090">
    <ele>29.5</ele>
    <time>2025-09-11T08:09:37Z</time>
   </trkpt>
   <trkpt lat="52.1186150" lon="0.2224290">
    <ele>29.5</ele>
    <time>2025-09-11T08:09:38Z</time>
   </trkpt>
   <trkpt lat="52.1186270" lon="0.2224780">
    <ele>29.5</ele>
    <time>2025-09-11T08:09:40Z</time>
   </trkpt>
   <trkpt lat="52.1186320" lon="0.2225190">
    <ele>29.4</ele>
    <time>2025-09-11T08:09:41Z</time>
   </trkpt>
   <trkpt lat="52.1186360" lon="0.2225460">
    <ele>29.4</ele>
    <time>2025-09-11T08:09:43Z</time>
   </trkpt>
   <trkpt lat="52.1186400" lon="0.2225680">
    <ele>29.4</ele>
    <time>2025-09-11T08:09:44Z</time>
   </trkpt>
   <trkpt lat="52.1186460" lon="0.2226090">
    <ele>29.4</ele>
    <time>2025-09-11T08:09:46Z</time>
   </trkpt>
   <trkpt lat="52.1186630" lon="0.2226320">
    <ele>29.4</ele>
    <time>2025-09-11T08:09:47Z</time>
   </trkpt>
   <trkpt lat="52.1186670" lon="0.2226560">
    <ele>29.4</ele>
    <time>2025-09-11T08:09:48Z</time>
   </trkpt>
   <trkpt lat="52.1186830" lon="0.2226730">
    <ele>29.3</ele>
    <time>2025-09-11T08:09:49Z</time>
   </trkpt>
   <trkpt lat="52.1187000" lon="0.2226990">
    <ele>29.3</ele>
    <time>2025-09-11T08:09:50Z</time>
   </trkpt>
   <trkpt lat="52.1187030" lon="0.2227130">
    <ele>29.3</ele>
    <time>2025-09-11T08:09:51Z</time>
   </trkpt>
   <trkpt lat="52.1187060" lon="0.2227280">
    <ele>29.3</ele>
    <time>2025-09-11T08:09:52Z</time>
   </trkpt>
   <trkpt lat="52.1187120" lon="0.2227490">
    <ele>29.3</ele>
    <time>2025-09-11T08:09:53Z</time>
   </trkpt>
   <trkpt lat="52.1187150" lon="0.2227600">
    <ele>29.3</ele>
    <time>2025-09-11T08:09:54Z</time>
   </trkpt>
   <trkpt lat="52.1187230" lon="0.2227770">
    <ele>29.3</ele>
    <time>2025-09-11T08:09:55Z</time>
   </trkpt>
   <trkpt lat="52.1187350" lon="0.2227960">
    <ele>29.3</ele>
    <time>2025-09-11T08:09:56Z</time>
   </trkpt>
   <trkpt lat="52.1187410" lon="0.2228170">
    <ele>29.3</ele>
    <time>2025-09-11T08:09:57Z</time>
   </trkpt>
   <trkpt lat="52.1187460" lon="0.2228260">
    <ele>29.3</ele>
    <time>2025-09-11T08:09:58Z</time>
   </trkpt>
   <trkpt lat="52.1187520" lon="0.2228230">
    <ele>29.3</ele>
    <time>2025-09-11T08:09:59Z</time>
   </trkpt>
   <trkpt lat="52.1187620" lon="0.2228560">
    <ele>29.2</ele>
    <time>2025-09-11T08:10:00Z</time>
   </trkpt>
   <trkpt lat="52.1187700" lon="0.2228870">
    <ele>29.2</ele>
    <time>2025-09-11T08:10:01Z</time>
   </trkpt>
   <trkpt lat="52.1187760" lon="0.2229060">
    <ele>29.2</ele>
    <time>2025-09-11T08:10:02Z</time>
   </trkpt>
   <trkpt lat="52.1187800" lon="0.2229350">
    <ele>29.2</ele>
    <time>2025-09-11T08:10:03Z</time>
   </trkpt>
   <trkpt lat="52.1187840" lon="0.2229520">
    <ele>29.2</ele>
    <time>2025-09-11T08:10:04Z</time>
   </trkpt>
   <trkpt lat="52.1187870" lon="0.2229840">
    <ele>29.2</ele>
    <time>2025-09-11T08:10:05Z</time>
   </trkpt>
   <trkpt lat="52.1187920" lon="0.2230000">
    <ele>29.2</ele>
    <time>2025-09-11T08:10:06Z</time>
   </trkpt>
   <trkpt lat="52.1187970" lon="0.2230260">
    <ele>29.2</ele>
    <time>2025-09-11T08:10:07Z</time>
   </trkpt>
   <trkpt lat="52.1188050" lon="0.2230400">
    <ele>29.2</ele>
    <time>2025-09-11T08:10:08Z</time>
   </trkpt>
   <trkpt lat="52.1188140" lon="0.2230680">
    <ele>29.2</ele>
    <time>2025-09-11T08:10:09Z</time>
   </trkpt>
   <trkpt lat="52.1188210" lon="0.2230830">
    <ele>29.1</ele>
    <time>2025-09-11T08:10:10Z</time>
   </trkpt>
   <trkpt lat="52.1188290" lon="0.2231120">
    <ele>29.1</ele>
    <time>2025-09-11T08:10:11Z</time>
   </trkpt>
   <trkpt lat="52.1188380" lon="0.2231240">
    <ele>29.1</ele>
    <time>2025-09-11T08:10:12Z</time>
   </trkpt>
   <trkpt lat="52.1188420" lon="0.2231540">
    <ele>29.1</ele>
    <time>2025-09-11T08:10:13Z</time>
   </trkpt>
   <trkpt lat="52.1188450" lon="0.2231710">
    <ele>29.1</ele>
    <time>2025-09-11T08:10:14Z</time>
   </trkpt>
   <trkpt lat="52.1188510" lon="0.2231990">
    <ele>29.1</ele>
    <time>2025-09-11T08:10:15Z</time>
   </trkpt>
   <trkpt lat="52.1188540" lon="0.2232200">
    <ele>29.1</ele>
    <time>2025-09-11T08:10:16Z</time>
   </trkpt>
   <trkpt lat="52.1188610" lon="0.2232360">
    <ele>29.1</ele>
    <time>2025-09-11T08:10:17Z</time>
   </trkpt>
   <trkpt lat="52.1188620" lon="0.2232780">
    <ele>29.1</ele>
    <time>2025-09-11T08:10:18Z</time>
   </trkpt>
   <trkpt lat="52.1188620" lon="0.2232940">
    <ele>29.1</ele>
    <time>2025-09-11T08:10:19Z</time>
   </trkpt>
   <trkpt lat="52.1188680" lon="0.2233220">
    <ele>29.1</ele>
    <time>2025-09-11T08:10:20Z</time>
   </trkpt>
   <trkpt lat="52.1188750" lon="0.2233400">
    <ele>29.1</ele>
    <time>2025-09-11T08:10:21Z</time>
   </trkpt>
   <trkpt lat="52.1188830" lon="0.2233590">
    <ele>29.1</ele>
    <time>2025-09-11T08:10:22Z</time>
   </trkpt>
   <trkpt lat="52.1188870" lon="0.2234090">
    <ele>29.1</ele>
    <time>2025-09-11T08:10:23Z</time>
   </trkpt>
   <trkpt lat="52.1188890" lon="0.2234240">
    <ele>29.1</ele>
    <time>2025-09-11T08:10:24Z</time>
   </trkpt>
   <trkpt lat="52.1188930" lon="0.2234570">
    <ele>29.1</ele>
    <time>2025-09-11T08:10:25Z</time>
   </trkpt>
   <trkpt lat="52.1188960" lon="0.2234720">
    <ele>29.1</ele>
    <time>2025-09-11T08:10:26Z</time>
   </trkpt>
   <trkpt lat="52.1188980" lon="0.2234880">
    <ele>29.1</ele>
    <time>2025-09-11T08:10:27Z</time>
   </trkpt>
   <trkpt lat="52.1188890" lon="0.2235210">
    <ele>29.1</ele>
    <time>2025-09-11T08:10:28Z</time>
   </trkpt>
   <trkpt lat="52.1188830" lon="0.2235290">
    <ele>29.1</ele>
    <time>2025-09-11T08:10:29Z</time>
   </trkpt>
   <trkpt lat="52.1188770" lon="0.2235370">
    <ele>29.0</ele>
    <time>2025-09-11T08:10:30Z</time>
   </trkpt>
   <trkpt lat="52.1188600" lon="0.2235490">
    <ele>28.8</ele>
    <time>2025-09-11T08:10:31Z</time>
   </trkpt>
   <trkpt lat="52.1188440" lon="0.2235510">
    <ele>28.7</ele>
    <time>2025-09-11T08:10:32Z</time>
   </trkpt>
   <trkpt lat="52.1188240" lon="0.2235540">
    <ele>28.6</ele>
    <time>2025-09-11T08:10:33Z</time>
   </trkpt>
   <trkpt lat="52.1188080" lon="0.2235590">
    <ele>28.5</ele>
    <time>2025-09-11T08:10:34Z</time>
   </trkpt>
   <trkpt lat="52.1187930" lon="0.2235640">
    <ele>28.5</ele>
    <time>2025-09-11T08:10:35Z</time>
   </trkpt>
   <trkpt lat="52.1187810" lon="0.2235700">
    <ele>28.5</ele>
    <time>2025-09-11T08:10:36Z</time>
   </trkpt>
   <trkpt lat="52.1187560" lon="0.2235720">
    <ele>28.6</ele>
    <time>2025-09-11T08:10:37Z</time>
   </trkpt>
   <trkpt lat="52.1187450" lon="0.2235700">
    <ele>28.5</ele>
    <time>2025-09-11T08:10:38Z</time>
   </trkpt>
   <trkpt lat="52.1187350" lon="0.2235680">
    <ele>28.5</ele>
    <time>2025-09-11T08:10:39Z</time>
   </trkpt>
   <trkpt lat="52.1187030" lon="0.2235690">
    <ele>28.6</ele>
    <time>2025-09-11T08:10:40Z</time>
   </trkpt>
   <trkpt lat="52.1186940" lon="0.2235690">
    <ele>28.6</ele>
    <time>2025-09-11T08:10:41Z</time>
   </trkpt>
   <trkpt lat="52.1186810" lon="0.2235670">
    <ele>28.6</ele>
    <time>2025-09-11T08:10:42Z</time>
   </trkpt>
   <trkpt lat="52.1186780" lon="0.2235850">
    <ele>28.6</ele>
    <time>2025-09-11T08:10:43Z</time>
   </trkpt>
   <trkpt lat="52.1186650" lon="0.2236010">
    <ele>28.5</ele>
    <time>2025-09-11T08:10:44Z</time>
   </trkpt>
   <trkpt lat="52.1186420" lon="0.2235710">
    <ele>28.5</ele>
    <time>2025-09-11T08:10:45Z</time>
   </trkpt>
   <trkpt lat="52.1186320" lon="0.2235570">
    <ele>28.5</ele>
    <time>2025-09-11T08:10:46Z</time>
   </trkpt>
   <trkpt lat="52.1186120" lon="0.2235470">
    <ele>28.5</ele>
    <time>2025-09-11T08:10:47Z</time>
   </trkpt>
   <trkpt lat="52.1186010" lon="0.2235470">
    <ele>28.5</ele>
    <time>2025-09-11T08:10:48Z</time>
   </trkpt>
   <trkpt lat="52.1185910" lon="0.2235480">
    <ele>28.5</ele>
    <time>2025-09-11T08:10:49Z</time>
   </trkpt>
   <trkpt lat="52.1185750" lon="0.2235540">
    <ele>28.5</ele>
    <time>2025-09-11T08:10:50Z</time>
   </trkpt>
   <trkpt lat="52.1185610" lon="0.2235570">
    <ele>28.5</ele>
    <time>2025-09-11T08:10:51Z</time>
   </trkpt>
   <trkpt lat="52.1185410" lon="0.2235630">
    <ele>28.5</ele>
    <time>2025-09-11T08:10:52Z</time>
   </trkpt>
   <trkpt lat="52.1185310" lon="0.2235630">
    <ele>28.5</ele>
    <time>2025-09-11T08:10:53Z</time>
   </trkpt>
   <trkpt lat="52.1185100" lon="0.2235570">
    <ele>28.5</ele>
    <time>2025-09-11T08:10:54Z</time>
   </trkpt>
   <trkpt lat="52.1185020" lon="0.2235640">
    <ele>28.5</ele>
    <time>2025-09-11T08:10:55Z</time>
   </trkpt>
   <trkpt lat="52.1184940" lon="0.2235700">
    <ele>28.5</ele>
    <time>2025-09-11T08:10:56Z</time>
   </trkpt>
   <trkpt lat="52.1184860" lon="0.2235720">
    <ele>28.5</ele>
    <time>2025-09-11T08:10:57Z</time>
   </trkpt>
   <trkpt lat="52.1184740" lon="0.2235670">
    <ele>28.5</ele>
    <time>2025-09-11T08:10:58Z</time>
   </trkpt>
   <trkpt lat="52.1184450" lon="0.2235670">
    <ele>28.5</ele>
    <time>2025-09-11T08:10:59Z</time>
   </trkpt>
   <trkpt lat="52.1184330" lon="0.2235650">
    <ele>28.5</ele>
    <time>2025-09-11T08:11:00Z</time>
   </trkpt>
   <trkpt lat="52.1184220" lon="0.2235620">
    <ele>28.5</ele>
    <time>2025-09-11T08:11:01Z</time>
   </trkpt>
   <trkpt lat="52.1184050" lon="0.2235620">
    <ele>28.5</ele>
    <time>2025-09-11T08:11:02Z</time>
   </trkpt>
   <trkpt lat="52.1183920" lon="0.2235610">
    <ele>28.5</ele>
    <time>2025-09-11T08:11:03Z</time>
   </trkpt>
   <trkpt lat="52.1183760" lon="0.2235550">
    <ele>28.5</ele>
    <time>2025-09-11T08:11:04Z</time>
   </trkpt>
   <trkpt lat="52.1183620" lon="0.2235580">
    <ele>28.5</ele>
    <time>2025-09-11T08:11:05Z</time>
   </trkpt>
   <trkpt lat="52.1183420" lon="0.2235650">
    <ele>28.5</ele>
    <time>2025-09-11T08:11:06Z</time>
   </trkpt>
   <trkpt lat="52.1183320" lon="0.2235730">
    <ele>28.5</ele>
    <time>2025-09-11T08:11:07Z</time>
   </trkpt>
   <trkpt lat="52.1183150" lon="0.2235770">
    <ele>28.5</ele>
    <time>2025-09-11T08:11:08Z</time>
   </trkpt>
   <trkpt lat="52.1182920" lon="0.2235900">
    <ele>28.5</ele>
    <time>2025-09-11T08:11:09Z</time>
   </trkpt>
   <trkpt lat="52.1182830" lon="0.2235950">
    <ele>28.5</ele>
    <time>2025-09-11T08:11:10Z</time>
   </trkpt>
   <trkpt lat="52.1182730" lon="0.2236010">
    <ele>28.5</ele>
    <time>2025-09-11T08:11:11Z</time>
   </trkpt>
   <trkpt lat="52.1182590" lon="0.2236210">
    <ele>28.5</ele>
    <time>2025-09-11T08:11:12Z</time>
   </trkpt>
   <trkpt lat="52.1182470" lon="0.2236300">
    <ele>28.6</ele>
    <time>2025-09-11T08:11:13Z</time>
   </trkpt>
   <trkpt lat="52.1182350" lon="0.2236490">
    <ele>28.6</ele>
    <time>2025-09-11T08:11:14Z</time>
   </trkpt>
   <trkpt lat="52.1182240" lon="0.2236620">
    <ele>28.6</ele>
    <time>2025-09-11T08:11:15Z</time>
   </trkpt>
   <trkpt lat="52.1182080" lon="0.2236760">
    <ele>28.6</ele>
    <time>2025-09-11T08:11:16Z</time>
   </trkpt>
   <trkpt lat="52.1182010" lon="0.2236830">
    <ele>28.6</ele>
    <time>2025-09-11T08:11:17Z</time>
   </trkpt>
   <trkpt lat="52.1181850" lon="0.2236990">
    <ele>28.6</ele>
    <time>2025-09-11T08:11:18Z</time>
   </trkpt>
   <trkpt lat="52.1181690" lon="0.2237040">
    <ele>28.6</ele>
    <time>2025-09-11T08:11:19Z</time>
   </trkpt>
   <trkpt lat="52.1181540" lon="0.2237230">
    <ele>28.6</ele>
    <time>2025-09-11T08:11:20Z</time>
   </trkpt>
   <trkpt lat="52.1181420" lon="0.2237380">
    <ele>28.6</ele>
    <time>2025-09-11T08:11:21Z</time>
   </trkpt>
   <trkpt lat="52.1181300" lon="0.2237520">
    <ele>28.6</ele>
    <time>2025-09-11T08:11:22Z</time>
   </trkpt>
   <trkpt lat="52.1181180" lon="0.2237690">
    <ele>28.7</ele>
    <time>2025-09-11T08:11:23Z</time>
   </trkpt>
   <trkpt lat="52.1181050" lon="0.2237840">
    <ele>28.7</ele>
    <time>2025-09-11T08:11:24Z</time>
   </trkpt>
   <trkpt lat="52.1180960" lon="0.2238080">
    <ele>28.7</ele>
    <time>2025-09-11T08:11:25Z</time>
   </trkpt>
   <trkpt lat="52.1180890" lon="0.2238300">
    <ele>28.7</ele>
    <time>2025-09-11T08:11:26Z</time>
   </trkpt>
   <trkpt lat="52.1180810" lon="0.2238500">
    <ele>28.7</ele>
    <time>2025-09-11T08:11:27Z</time>
   </trkpt>
   <trkpt lat="52.1180710" lon="0.2238720">
    <ele>28.7</ele>
    <time>2025-09-11T08:11:28Z</time>
   </trkpt>
   <trkpt lat="52.1180680" lon="0.2238970">
    <ele>28.7</ele>
    <time>2025-09-11T08:11:29Z</time>
   </trkpt>
   <trkpt lat="52.1180570" lon="0.2239160">
    <ele>28.7</ele>
    <time>2025-09-11T08:11:30Z</time>
   </trkpt>
   <trkpt lat="52.1180480" lon="0.2239400">
    <ele>28.7</ele>
    <time>2025-09-11T08:11:31Z</time>
   </trkpt>
   <trkpt lat="52.1180420" lon="0.2239660">
    <ele>28.7</ele>
    <time>2025-09-11T08:11:32Z</time>
   </trkpt>
   <trkpt lat="52.1180360" lon="0.2239850">
    <ele>28.7</ele>
    <time>2025-09-11T08:11:33Z</time>
   </trkpt>
   <trkpt lat="52.1180230" lon="0.2240020">
    <ele>28.8</ele>
    <time>2025-09-11T08:11:34Z</time>
   </trkpt>
   <trkpt lat="52.1180130" lon="0.2240190">
    <ele>28.8</ele>
    <time>2025-09-11T08:11:35Z</time>
   </trkpt>
   <trkpt lat="52.1179960" lon="0.2240420">
    <ele>28.8</ele>
    <time>2025-09-11T08:11:36Z</time>
   </trkpt>
   <trkpt lat="52.1179890" lon="0.2240480">
    <ele>28.8</ele>
    <time>2025-09-11T08:11:37Z</time>
   </trkpt>
   <trkpt lat="52.1179820" lon="0.2240550">
    <ele>28.8</ele>
    <time>2025-09-11T08:11:38Z</time>
   </trkpt>
   <trkpt lat="52.1179710" lon="0.2240740">
    <ele>28.8</ele>
    <time>2025-09-11T08:11:39Z</time>
   </trkpt>
   <trkpt lat="52.1179600" lon="0.2240930">
    <ele>28.8</ele>
    <time>2025-09-11T08:11:40Z</time>
   </trkpt>
   <trkpt lat="52.1179510" lon="0.2241130">
    <ele>28.8</ele>
    <time>2025-09-11T08:11:41Z</time>
   </trkpt>
   <trkpt lat="52.1179360" lon="0.2241290">
    <ele>28.8</ele>
    <time>2025-09-11T08:11:42Z</time>
   </trkpt>
   <trkpt lat="52.1179250" lon="0.2241460">
    <ele>28.8</ele>
    <time>2025-09-11T08:11:43Z</time>
   </trkpt>
   <trkpt lat="52.1179120" lon="0.2241650">
    <ele>28.8</ele>
    <time>2025-09-11T08:11:44Z</time>
   </trkpt>
   <trkpt lat="52.1179060" lon="0.2241840">
    <ele>28.8</ele>
    <time>2025-09-11T08:11:45Z</time>
   </trkpt>
   <trkpt lat="52.1178900" lon="0.2241950">
    <ele>28.9</ele>
    <time>2025-09-11T08:11:46Z</time>
   </trkpt>
   <trkpt lat="52.1178730" lon="0.2242040">
    <ele>28.9</ele>
    <time>2025-09-11T08:11:47Z</time>
   </trkpt>
   <trkpt lat="52.1178590" lon="0.2242150">
    <ele>28.9</ele>
    <time>2025-09-11T08:11:48Z</time>
   </trkpt>
   <trkpt lat="52.1178460" lon="0.2242270">
    <ele>28.9</ele>
    <time>2025-09-11T08:11:49Z</time>
   </trkpt>
   <trkpt lat="52.1178340" lon="0.2242420">
    <ele>28.9</ele>
    <time>2025-09-11T08:11:50Z</time>
   </trkpt>
   <trkpt lat="52.1178220" lon="0.2242540">
    <ele>28.9</ele>
    <time>2025-09-11T08:11:51Z</time>
   </trkpt>
   <trkpt lat="52.1178090" lon="0.2242670">
    <ele>28.9</ele>
    <time>2025-09-11T08:11:52Z</time>
   </trkpt>
   <trkpt lat="52.1177870" lon="0.2242700">
    <ele>28.9</ele>
    <time>2025-09-11T08:11:53Z</time>
   </trkpt>
   <trkpt lat="52.1177780" lon="0.2242770">
    <ele>28.9</ele>
    <time>2025-09-11T08:11:54Z</time>
   </trkpt>
   <trkpt lat="52.1177700" lon="0.2242830">
    <ele>28.9</ele>
    <time>2025-09-11T08:11:55Z</time>
   </trkpt>
   <trkpt lat="52.1177560" lon="0.2242920">
    <ele>28.9</ele>
    <time>2025-09-11T08:11:56Z</time>
   </trkpt>
   <trkpt lat="52.1177430" lon="0.2243030">
    <ele>28.9</ele>
    <time>2025-09-11T08:11:57Z</time>
   </trkpt>
   <trkpt lat="52.1177280" lon="0.2243100">
    <ele>29.0</ele>
    <time>2025-09-11T08:11:58Z</time>
   </trkpt>
   <trkpt lat="52.1177130" lon="0.2243160">
    <ele>29.0</ele>
    <time>2025-09-11T08:11:59Z</time>
   </trkpt>
   <trkpt lat="52.1176990" lon="0.2243230">
    <ele>29.0</ele>
    <time>2025-09-11T08:12:00Z</time>
   </trkpt>
   <trkpt lat="52.1176860" lon="0.2243360">
    <ele>29.0</ele>
    <time>2025-09-11T08:12:01Z</time>
   </trkpt>
   <trkpt lat="52.1176710" lon="0.2243340">
    <ele>29.0</ele>
    <time>2025-09-11T08:12:02Z</time>
   </trkpt>
   <trkpt lat="52.1176550" lon="0.2243370">
    <ele>29.0</ele>
    <time>2025-09-11T08:12:03Z</time>
   </trkpt>
   <trkpt lat="52.1176410" lon="0.2243390">
    <ele>29.0</ele>
    <time>2025-09-11T08:12:04Z</time>
   </trkpt>
   <trkpt lat="52.1176250" lon="0.2243380">
    <ele>29.0</ele>
    <time>2025-09-11T08:12:05Z</time>
   </trkpt>
   <trkpt lat="52.1176090" lon="0.2243340">
    <ele>29.1</ele>
    <time>2025-09-11T08:12:06Z</time>
   </trkpt>
   <trkpt lat="52.1175940" lon="0.2243420">
    <ele>29.1</ele>
    <time>2025-09-11T08:12:07Z</time>
   </trkpt>
   <trkpt lat="52.1175810" lon="0.2243510">
    <ele>29.1</ele>
    <time>2025-09-11T08:12:08Z</time>
   </trkpt>
   <trkpt lat="52.1175670" lon="0.2243530">
    <ele>29.1</ele>
    <time>2025-09-11T08:12:09Z</time>
   </trkpt>
   <trkpt lat="52.1175530" lon="0.2243570">
    <ele>29.1</ele>
    <time>2025-09-11T08:12:10Z</time>
   </trkpt>
   <trkpt lat="52.1175400" lon="0.2243640">
    <ele>29.1</ele>
    <time>2025-09-11T08:12:11Z</time>
   </trkpt>
   <trkpt lat="52.1175260" lon="0.2243700">
    <ele>29.2</ele>
    <time>2025-09-11T08:12:12Z</time>
   </trkpt>
   <trkpt lat="52.1175120" lon="0.2243680">
    <ele>29.2</ele>
    <time>2025-09-11T08:12:13Z</time>
   </trkpt>
   <trkpt lat="52.1174970" lon="0.2243690">
    <ele>29.2</ele>
    <time>2025-09-11T08:12:14Z</time>
   </trkpt>
   <trkpt lat="52.1174820" lon="0.2243750">
    <ele>29.2</ele>
    <time>2025-09-11T08:12:15Z</time>
   </trkpt>
   <trkpt lat="52.1174690" lon="0.2243760">
    <ele>29.2</ele>
    <time>2025-09-11T08:12:16Z</time>
   </trkpt>
   <trkpt lat="52.1174530" lon="0.2243790">
    <ele>29.3</ele>
    <time>2025-09-11T08:12:17Z</time>
   </trkpt>
   <trkpt lat="52.1174390" lon="0.2243800">
    <ele>29.3</ele>
    <time>2025-09-11T08:12:18Z</time>
   </trkpt>
   <trkpt lat="52.1174210" lon="0.2243780">
    <ele>29.3</ele>
    <time>2025-09-11T08:12:19Z</time>
   </trkpt>
   <trkpt lat="52.1174070" lon="0.2243760">
    <ele>29.4</ele>
    <time>2025-09-11T08:12:20Z</time>
   </trkpt>
   <trkpt lat="52.1173920" lon="0.2243760">
    <ele>29.4</ele>
    <time>2025-09-11T08:12:21Z</time>
   </trkpt>
   <trkpt lat="52.1173780" lon="0.2243790">
    <ele>29.4</ele>
    <time>2025-09-11T08:12:22Z</time>
   </trkpt>
   <trkpt lat="52.1173630" lon="0.2243750">
    <ele>29.5</ele>
    <time>2025-09-11T08:12:23Z</time>
   </trkpt>
   <trkpt lat="52.1173490" lon="0.2243720">
    <ele>29.5</ele>
    <time>2025-09-11T08:12:24Z</time>
   </trkpt>
   <trkpt lat="52.1173350" lon="0.2243660">
    <ele>29.5</ele>
    <time>2025-09-11T08:12:25Z</time>
   </trkpt>
   <trkpt lat="52.1173190" lon="0.2243610">
    <ele>29.6</ele>
    <time>2025-09-11T08:12:26Z</time>
   </trkpt>
   <trkpt lat="52.1173050" lon="0.2243620">
    <ele>29.6</ele>
    <time>2025-09-11T08:12:27Z</time>
   </trkpt>
   <trkpt lat="52.1172910" lon="0.2243630">
    <ele>29.6</ele>
    <time>2025-09-11T08:12:28Z</time>
   </trkpt>
   <trkpt lat="52.1172780" lon="0.2243600">
    <ele>29.7</ele>
    <time>2025-09-11T08:12:29Z</time>
   </trkpt>
   <trkpt lat="52.1172560" lon="0.2243560">
    <ele>29.7</ele>
    <time>2025-09-11T08:12:30Z</time>
   </trkpt>
   <trkpt lat="52.1172470" lon="0.2243530">
    <ele>29.8</ele>
    <time>2025-09-11T08:12:31Z</time>
   </trkpt>
   <trkpt lat="52.1172370" lon="0.2243490">
    <ele>29.8</ele>
    <time>2025-09-11T08:12:32Z</time>
   </trkpt>
   <trkpt lat="52.1172220" lon="0.2243440">
    <ele>29.8</ele>
    <time>2025-09-11T08:12:33Z</time>
   </trkpt>
   <trkpt lat="52.1172070" lon="0.2243400">
    <ele>29.9</ele>
    <time>2025-09-11T08:12:34Z</time>
   </trkpt>
   <trkpt lat="52.1171840" lon="0.2243410">
    <ele>29.9</ele>
    <time>2025-09-11T08:12:35Z</time>
   </trkpt>
   <trkpt lat="52.1171750" lon="0.2243380">
    <ele>30.0</ele>
    <time>2025-09-11T08:12:36Z</time>
   </trkpt>
   <trkpt lat="52.1171650" lon="0.2243350">
    <ele>30.0</ele>
    <time>2025-09-11T08:12:37Z</time>
   </trkpt>
   <trkpt lat="52.1171500" lon="0.2243310">
    <ele>30.0</ele>
    <time>2025-09-11T08:12:38Z</time>
   </trkpt>
   <trkpt lat="52.1171350" lon="0.2243280">
    <ele>30.1</ele>
    <time>2025-09-11T08:12:39Z</time>
   </trkpt>
   <trkpt lat="52.1171210" lon="0.2243240">
    <ele>30.1</ele>
    <time>2025-09-11T08:12:40Z</time>
   </trkpt>
   <trkpt lat="52.1171070" lon="0.2243160">
    <ele>30.2</ele>
    <time>2025-09-11T08:12:41Z</time>
   </trkpt>
   <trkpt lat="52.1170920" lon="0.2243190">
    <ele>30.2</ele>
    <time>2025-09-11T08:12:42Z</time>
   </trkpt>
   <trkpt lat="52.1170780" lon="0.2243180">
    <ele>30.3</ele>
    <time>2025-09-11T08:12:43Z</time>
   </trkpt>
   <trkpt lat="52.1170630" lon="0.2243150">
    <ele>30.3</ele>
    <time>2025-09-11T08:12:44Z</time>
   </trkpt>
   <trkpt lat="52.1170500" lon="0.2243100">
    <ele>30.4</ele>
    <time>2025-09-11T08:12:45Z</time>
   </trkpt>
   <trkpt lat="52.1170370" lon="0.2243090">
    <ele>30.4</ele>
    <time>2025-09-11T08:12:46Z</time>
   </trkpt>
   <trkpt lat="52.1170200" lon="0.2243090">
    <ele>30.5</ele>
    <time>2025-09-11T08:12:47Z</time>
   </trkpt>
   <trkpt lat="52.1170030" lon="0.2242980">
    <ele>30.5</ele>
    <time>2025-09-11T08:12:48Z</time>
   </trkpt>
   <trkpt lat="52.1169870" lon="0.2242920">
    <ele>30.6</ele>
    <time>2025-09-11T08:12:49Z</time>
   </trkpt>
   <trkpt lat="52.1169730" lon="0.2242880">
    <ele>30.6</ele>
    <time>2025-09-11T08:12:50Z</time>
   </trkpt>
   <trkpt lat="52.1169580" lon="0.2242880">
    <ele>30.6</ele>
    <time>2025-09-11T08:12:51Z</time>
   </trkpt>
   <trkpt lat="52.1169430" lon="0.2242880">
    <ele>30.7</ele>
    <time>2025-09-11T08:12:52Z</time>
   </trkpt>
   <trkpt lat="52.1169290" lon="0.2242890">
    <ele>30.7</ele>
    <time>2025-09-11T08:12:53Z</time>
   </trkpt>
   <trkpt lat="52.1169140" lon="0.2242800">
    <ele>30.8</ele>
    <time>2025-09-11T08:12:54Z</time>
   </trkpt>
   <trkpt lat="52.1169000" lon="0.2242750">
    <ele>30.8</ele>
    <time>2025-09-11T08:12:55Z</time>
   </trkpt>
   <trkpt lat="52.1168870" lon="0.2242710">
    <ele>30.9</ele>
    <time>2025-09-11T08:12:56Z</time>
   </trkpt>
   <trkpt lat="52.1168730" lon="0.2242680">
    <ele>30.9</ele>
    <time>2025-09-11T08:12:57Z</time>
   </trkpt>
   <trkpt lat="52.1168590" lon="0.2242620">
    <ele>30.9</ele>
    <time>2025-09-11T08:12:58Z</time>
   </trkpt>
   <trkpt lat="52.1168460" lon="0.2242530">
    <ele>31.0</ele>
    <time>2025-09-11T08:12:59Z</time>
   </trkpt>
   <trkpt lat="52.1168320" lon="0.2242490">
    <ele>31.0</ele>
    <time>2025-09-11T08:13:00Z</time>
   </trkpt>
   <trkpt lat="52.1168180" lon="0.2242390">
    <ele>31.0</ele>
    <time>2025-09-11T08:13:01Z</time>
   </trkpt>
   <trkpt lat="52.1168060" lon="0.2242270">
    <ele>31.1</ele>
    <time>2025-09-11T08:13:02Z</time>
   </trkpt>
   <trkpt lat="52.1167930" lon="0.2242150">
    <ele>31.1</ele>
    <time>2025-09-11T08:13:03Z</time>
   </trkpt>
   <trkpt lat="52.1167800" lon="0.2241980">
    <ele>31.1</ele>
    <time>2025-09-11T08:13:04Z</time>
   </trkpt>
   <trkpt lat="52.1167700" lon="0.2241760">
    <ele>31.2</ele>
    <time>2025-09-11T08:13:05Z</time>
   </trkpt>
   <trkpt lat="52.1167590" lon="0.2241590">
    <ele>31.2</ele>
    <time>2025-09-11T08:13:06Z</time>
   </trkpt>
   <trkpt lat="52.1167480" lon="0.2241400">
    <ele>31.2</ele>
    <time>2025-09-11T08:13:07Z</time>
   </trkpt>
   <trkpt lat="52.1167380" lon="0.2241220">
    <ele>31.3</ele>
    <time>2025-09-11T08:13:08Z</time>
   </trkpt>
   <trkpt lat="52.1167290" lon="0.2241060">
    <ele>31.3</ele>
    <time>2025-09-11T08:13:09Z</time>
   </trkpt>
   <trkpt lat="52.1167200" lon="0.2240860">
    <ele>31.3</ele>
    <time>2025-09-11T08:13:10Z</time>
   </trkpt>
   <trkpt lat="52.1167090" lon="0.2240750">
    <ele>31.4</ele>
    <time>2025-09-11T08:13:11Z</time>
   </trkpt>
   <trkpt lat="52.1166990" lon="0.2240570">
    <ele>31.4</ele>
    <time>2025-09-11T08:13:12Z</time>
   </trkpt>
   <trkpt lat="52.1166910" lon="0.2240360">
    <ele>31.4</ele>
    <time>2025-09-11T08:13:13Z</time>
   </trkpt>
   <trkpt lat="52.1166820" lon="0.2240200">
    <ele>31.5</ele>
    <time>2025-09-11T08:13:14Z</time>
   </trkpt>
   <trkpt lat="52.1166690" lon="0.2239970">
    <ele>31.5</ele>
    <time>2025-09-11T08:13:15Z</time>
   </trkpt>
   <trkpt lat="52.1166620" lon="0.2239740">
    <ele>31.5</ele>
    <time>2025-09-11T08:13:16Z</time>
   </trkpt>
   <trkpt lat="52.1166520" lon="0.2239580">
    <ele>31.6</ele>
    <time>2025-09-11T08:13:17Z</time>
   </trkpt>
   <trkpt lat="52.1166420" lon="0.2239400">
    <ele>31.6</ele>
    <time>2025-09-11T08:13:18Z</time>
   </trkpt>
   <trkpt lat="52.1166350" lon="0.2239210">
    <ele>31.6</ele>
    <time>2025-09-11T08:13:19Z</time>
   </trkpt>
   <trkpt lat="52.1166250" lon="0.2239050">
    <ele>31.7</ele>
    <time>2025-09-11T08:13:20Z</time>
   </trkpt>
   <trkpt lat="52.1166180" lon="0.2238830">
    <ele>31.7</ele>
    <time>2025-09-11T08:13:21Z</time>
   </trkpt>
   <trkpt lat="52.1166100" lon="0.2238610">
    <ele>31.7</ele>
    <time>2025-09-11T08:13:22Z</time>
   </trkpt>
   <trkpt lat="52.1166020" lon="0.2238370">
    <ele>31.7</ele>
    <time>2025-09-11T08:13:23Z</time>
   </trkpt>
   <trkpt lat="52.1165950" lon="0.2238160">
    <ele>31.7</ele>
    <time>2025-09-11T08:13:24Z</time>
   </trkpt>
   <trkpt lat="52.1165840" lon="0.2237990">
    <ele>31.8</ele>
    <time>2025-09-11T08:13:25Z</time>
   </trkpt>
   <trkpt lat="52.1165790" lon="0.2237740">
    <ele>31.8</ele>
    <time>2025-09-11T08:13:26Z</time>
   </trkpt>
   <trkpt lat="52.1165700" lon="0.2237560">
    <ele>31.8</ele>
    <time>2025-09-11T08:13:27Z</time>
   </trkpt>
   <trkpt lat="52.1165640" lon="0.2237350">
    <ele>31.8</ele>
    <time>2025-09-11T08:13:28Z</time>
   </trkpt>
   <trkpt lat="52.1165580" lon="0.2237100">
    <ele>31.8</ele>
    <time>2025-09-11T08:13:29Z</time>
   </trkpt>
   <trkpt lat="52.1165520" lon="0.2236870">
    <ele>31.9</ele>
    <time>2025-09-11T08:13:30Z</time>
   </trkpt>
   <trkpt lat="52.1165470" lon="0.2236660">
    <ele>31.9</ele>
    <time>2025-09-11T08:13:31Z</time>
   </trkpt>
   <trkpt lat="52.1165420" lon="0.2236430">
    <ele>31.9</ele>
    <time>2025-09-11T08:13:32Z</time>
   </trkpt>
   <trkpt lat="52.1165350" lon="0.2236210">
    <ele>31.9</ele>
    <time>2025-09-11T08:13:33Z</time>
   </trkpt>
   <trkpt lat="52.1165300" lon="0.2235970">
    <ele>31.9</ele>
    <time>2025-09-11T08:13:34Z</time>
   </trkpt>
   <trkpt lat="52.1165240" lon="0.2235740">
    <ele>31.9</ele>
    <time>2025-09-11T08:13:35Z</time>
   </trkpt>
   <trkpt lat="52.1165170" lon="0.2235530">
    <ele>31.9</ele>
    <time>2025-09-11T08:13:36Z</time>
   </trkpt>
   <trkpt lat="52.1165110" lon="0.2235290">
    <ele>31.9</ele>
    <time>2025-09-11T08:13:37Z</time>
   </trkpt>
   <trkpt lat="52.1165040" lon="0.2235060">
    <ele>31.9</ele>
    <time>2025-09-11T08:13:38Z</time>
   </trkpt>
   <trkpt lat="52.1165030" lon="0.2234820">
    <ele>31.9</ele>
    <time>2025-09-11T08:13:39Z</time>
   </trkpt>
   <trkpt lat="52.1164960" lon="0.2234620">
    <ele>32.0</ele>
    <time>2025-09-11T08:13:40Z</time>
   </trkpt>
   <trkpt lat="52.1164900" lon="0.2234400">
    <ele>32.0</ele>
    <time>2025-09-11T08:13:41Z</time>
   </trkpt>
   <trkpt lat="52.1164820" lon="0.2234200">
    <ele>32.0</ele>
    <time>2025-09-11T08:13:42Z</time>
   </trkpt>
   <trkpt lat="52.1164780" lon="0.2233960">
    <ele>32.0</ele>
    <time>2025-09-11T08:13:43Z</time>
   </trkpt>
   <trkpt lat="52.1164660" lon="0.2233750">
    <ele>32.0</ele>
    <time>2025-09-11T08:13:44Z</time>
   </trkpt>
   <trkpt lat="52.1164550" lon="0.2233560">
    <ele>32.0</ele>
    <time>2025-09-11T08:13:45Z</time>
   </trkpt>
   <trkpt lat="52.1164460" lon="0.2233340">
    <ele>32.0</ele>
    <time>2025-09-11T08:13:46Z</time>
   </trkpt>
   <trkpt lat="52.1164350" lon="0.2233170">
    <ele>32.0</ele>
    <time>2025-09-11T08:13:47Z</time>
   </trkpt>
   <trkpt lat="52.1164250" lon="0.2232980">
    <ele>32.0</ele>
    <time>2025-09-11T08:13:48Z</time>
   </trkpt>
   <trkpt lat="52.1164120" lon="0.2232850">
    <ele>32.0</ele>
    <time>2025-09-11T08:13:49Z</time>
   </trkpt>
   <trkpt lat="52.1164000" lon="0.2232690">
    <ele>32.0</ele>
    <time>2025-09-11T08:13:50Z</time>
   </trkpt>
   <trkpt lat="52.1163870" lon="0.2232590">
    <ele>32.0</ele>
    <time>2025-09-11T08:13:51Z</time>
   </trkpt>
   <trkpt lat="52.1163720" lon="0.2232480">
    <ele>32.1</ele>
    <time>2025-09-11T08:13:52Z</time>
   </trkpt>
   <trkpt lat="52.1163530" lon="0.2232450">
    <ele>32.1</ele>
    <time>2025-09-11T08:13:53Z</time>
   </trkpt>
   <trkpt lat="52.1163320" lon="0.2232740">
    <ele>32.1</ele>
    <time>2025-09-11T08:13:54Z</time>
   </trkpt>
   <trkpt lat="52.1163270" lon="0.2232890">
    <ele>32.1</ele>
    <time>2025-09-11T08:13:55Z</time>
   </trkpt>
   <trkpt lat="52.1163200" lon="0.2233090">
    <ele>32.1</ele>
    <time>2025-09-11T08:13:56Z</time>
   </trkpt>
   <trkpt lat="52.1163130" lon="0.2233380">
    <ele>32.1</ele>
    <time>2025-09-11T08:13:57Z</time>
   </trkpt>
   <trkpt lat="52.1163040" lon="0.2233600">
    <ele>32.1</ele>
    <time>2025-09-11T08:13:58Z</time>
   </trkpt>
   <trkpt lat="52.1162920" lon="0.2233790">
    <ele>32.1</ele>
    <time>2025-09-11T08:13:59Z</time>
   </trkpt>
   <trkpt lat="52.1162770" lon="0.2233950">
    <ele>32.2</ele>
    <time>2025-09-11T08:14:00Z</time>
   </trkpt>
   <trkpt lat="52.1162630" lon="0.2234120">
    <ele>32.2</ele>
    <time>2025-09-11T08:14:01Z</time>
   </trkpt>
   <trkpt lat="52.1162510" lon="0.2234310">
    <ele>32.2</ele>
    <time>2025-09-11T08:14:02Z</time>
   </trkpt>
   <trkpt lat="52.1162390" lon="0.2234480">
    <ele>32.2</ele>
    <time>2025-09-11T08:14:03Z</time>
   </trkpt>
   <trkpt lat="52.1162280" lon="0.2234660">
    <ele>32.2</ele>
    <time>2025-09-11T08:14:04Z</time>
   </trkpt>
   <trkpt lat="52.1162160" lon="0.2234780">
    <ele>32.2</ele>
    <time>2025-09-11T08:14:05Z</time>
   </trkpt>
   <trkpt lat="52.1162070" lon="0.2234990">
    <ele>32.2</ele>
    <time>2025-09-11T08:14:06Z</time>
   </trkpt>
   <trkpt lat="52.1161960" lon="0.2235200">
    <ele>32.2</ele>
    <time>2025-09-11T08:14:07Z</time>
   </trkpt>
   <trkpt lat="52.1161840" lon="0.2235400">
    <ele>32.2</ele>
    <time>2025-09-11T08:14:08Z</time>
   </trkpt>
   <trkpt lat="52.1161740" lon="0.2235580">
    <ele>32.3</ele>
    <time>2025-09-11T08:14:09Z</time>
   </trkpt>
   <trkpt lat="52.1161660" lon="0.2235800">
    <ele>32.3</ele>
    <time>2025-09-11T08:14:10Z</time>
   </trkpt>
   <trkpt lat="52.1161600" lon="0.2236050">
    <ele>32.3</ele>
    <time>2025-09-11T08:14:11Z</time>
   </trkpt>
   <trkpt lat="52.1161500" lon="0.2236270">
    <ele>32.3</ele>
    <time>2025-09-11T08:14:12Z</time>
   </trkpt>
   <trkpt lat="52.1161380" lon="0.2236460">
    <ele>32.3</ele>
    <time>2025-09-11T08:14:13Z</time>
   </trkpt>
   <trkpt lat="52.1161320" lon="0.2236680">
    <ele>32.3</ele>
    <time>2025-09-11T08:14:14Z</time>
   </trkpt>
   <trkpt lat="52.1161280" lon="0.2236940">
    <ele>32.3</ele>
    <time>2025-09-11T08:14:15Z</time>
   </trkpt>
   <trkpt lat="52.1161210" lon="0.2237150">
    <ele>32.3</ele>
    <time>2025-09-11T08:14:16Z</time>
   </trkpt>
   <trkpt lat="52.1161140" lon="0.2237360">
    <ele>32.3</ele>
    <time>2025-09-11T08:14:17Z</time>
   </trkpt>
   <trkpt lat="52.1161050" lon="0.2237610">
    <ele>32.3</ele>
    <time>2025-09-11T08:14:18Z</time>
   </trkpt>
   <trkpt lat="52.1160990" lon="0.2237860">
    <ele>32.4</ele>
    <time>2025-09-11T08:14:19Z</time>
   </trkpt>
   <trkpt lat="52.1160930" lon="0.2238070">
    <ele>32.4</ele>
    <time>2025-09-11T08:14:20Z</time>
   </trkpt>
   <trkpt lat="52.1160840" lon="0.2238310">
    <ele>32.4</ele>
    <time>2025-09-11T08:14:21Z</time>
   </trkpt>
   <trkpt lat="52.1160720" lon="0.2238580">
    <ele>32.4</ele>
    <time>2025-09-11T08:14:22Z</time>
   </trkpt>
   <trkpt lat="52.1160640" lon="0.2238690">
    <ele>32.4</ele>
    <time>2025-09-11T08:14:23Z</time>
   </trkpt>
   <trkpt lat="52.1160560" lon="0.2238800">
    <ele>32.4</ele>
    <time>2025-09-11T08:14:24Z</time>
   </trkpt>
   <trkpt lat="52.1160460" lon="0.2238950">
    <ele>32.4</ele>
    <time>2025-09-11T08:14:25Z</time>
   </trkpt>
   <trkpt lat="52.1160390" lon="0.2239160">
    <ele>32.4</ele>
    <time>2025-09-11T08:14:26Z</time>
   </trkpt>
   <trkpt lat="52.1160330" lon="0.2239380">
    <ele>32.4</ele>
    <time>2025-09-11T08:14:27Z</time>
   </trkpt>
   <trkpt lat="52.1160260" lon="0.2239600">
    <ele>32.5</ele>
    <time>2025-09-11T08:14:28Z</time>
   </trkpt>
   <trkpt lat="52.1160250" lon="0.2239830">
    <ele>32.5</ele>
    <time>2025-09-11T08:14:29Z</time>
   </trkpt>
   <trkpt lat="52.1160120" lon="0.2240020">
    <ele>32.5</ele>
    <time>2025-09-11T08:14:30Z</time>
   </trkpt>
   <trkpt lat="52.1160000" lon="0.2240220">
    <ele>32.5</ele>
    <time>2025-09-11T08:14:31Z</time>
   </trkpt>
   <trkpt lat="52.1159900" lon="0.2240400">
    <ele>32.5</ele>
    <time>2025-09-11T08:14:32Z</time>
   </trkpt>
   <trkpt lat="52.1159810" lon="0.2240580">
    <ele>32.5</ele>
    <time>2025-09-11T08:14:33Z</time>
   </trkpt>
   <trkpt lat="52.1159680" lon="0.2240760">
    <ele>32.5</ele>
    <time>2025-09-11T08:14:34Z</time>
   </trkpt>
   <trkpt lat="52.1159590" lon="0.2240960">
    <ele>32.5</ele>
    <time>2025-09-11T08:14:35Z</time>
   </trkpt>
   <trkpt lat="52.1159500" lon="0.2241200">
    <ele>32.6</ele>
    <time>2025-09-11T08:14:36Z</time>
   </trkpt>
   <trkpt lat="52.1159410" lon="0.2241380">
    <ele>32.6</ele>
    <time>2025-09-11T08:14:37Z</time>
   </trkpt>
   <trkpt lat="52.1159390" lon="0.2241650">
    <ele>32.6</ele>
    <time>2025-09-11T08:14:38Z</time>
   </trkpt>
   <trkpt lat="52.1159320" lon="0.2241840">
    <ele>32.6</ele>
    <time>2025-09-11T08:14:39Z</time>
   </trkpt>
   <trkpt lat="52.1159220" lon="0.2242040">
    <ele>32.6</ele>
    <time>2025-09-11T08:14:40Z</time>
   </trkpt>
   <trkpt lat="52.1159120" lon="0.2242260">
    <ele>32.6</ele>
    <time>2025-09-11T08:14:41Z</time>
   </trkpt>
   <trkpt lat="52.1159060" lon="0.2242450">
    <ele>32.6</ele>
    <time>2025-09-11T08:14:42Z</time>
   </trkpt>
   <trkpt lat="52.1158970" lon="0.2242650">
    <ele>32.7</ele>
    <time>2025-09-11T08:14:43Z</time>
   </trkpt>
   <trkpt lat="52.1158890" lon="0.2242870">
    <ele>32.7</ele>
    <time>2025-09-11T08:14:44Z</time>
   </trkpt>
   <trkpt lat="52.1158830" lon="0.2243130">
    <ele>32.7</ele>
    <time>2025-09-11T08:14:45Z</time>
   </trkpt>
   <trkpt lat="52.1158740" lon="0.2243330">
    <ele>32.7</ele>
    <time>2025-09-11T08:14:46Z</time>
   </trkpt>
   <trkpt lat="52.1158700" lon="0.2243570">
    <ele>32.7</ele>
    <time>2025-09-11T08:14:47Z</time>
   </trkpt>
   <trkpt lat="52.1158670" lon="0.2243820">
    <ele>32.7</ele>
    <time>2025-09-11T08:14:48Z</time>
   </trkpt>
   <trkpt lat="52.1158600" lon="0.2244000">
    <ele>32.7</ele>
    <time>2025-09-11T08:14:49Z</time>
   </trkpt>
   <trkpt lat="52.1158560" lon="0.2244150">
    <ele>32.8</ele>
    <time>2025-09-11T08:14:50Z</time>
   </trkpt>
   <trkpt lat="52.1158550" lon="0.2244320">
    <ele>32.8</ele>
    <time>2025-09-11T08:14:51Z</time>
   </trkpt>
   <trkpt lat="52.1158500" lon="0.2244500">
    <ele>32.8</ele>
    <time>2025-09-11T08:14:52Z</time>
   </trkpt>
   <trkpt lat="52.1158460" lon="0.2244670">
    <ele>32.8</ele>
    <time>2025-09-11T08:14:53Z</time>
   </trkpt>
   <trkpt lat="52.1158420" lon="0.2244820">
    <ele>32.8</ele>
    <time>2025-09-11T08:14:54Z</time>
   </trkpt>
   <trkpt lat="52.1158310" lon="0.2245130">
    <ele>32.8</ele>
    <time>2025-09-11T08:14:55Z</time>
   </trkpt>
   <trkpt lat="52.1158260" lon="0.2245260">
    <ele>32.8</ele>
    <time>2025-09-11T08:14:56Z</time>
   </trkpt>
   <trkpt lat="52.1158210" lon="0.2245400">
    <ele>32.8</ele>
    <time>2025-09-11T08:14:57Z</time>
   </trkpt>
   <trkpt lat="52.1158110" lon="0.2245690">
    <ele>32.9</ele>
    <time>2025-09-11T08:14:58Z</time>
   </trkpt>
   <trkpt lat="52.1158060" lon="0.2245810">
    <ele>32.9</ele>
    <time>2025-09-11T08:14:59Z</time>
   </trkpt>
   <trkpt lat="52.1158010" lon="0.2245930">
    <ele>32.9</ele>
    <time>2025-09-11T08:15:00Z</time>
   </trkpt>
   <trkpt lat="52.1157900" lon="0.2246250">
    <ele>32.9</ele>
    <time>2025-09-11T08:15:01Z</time>
   </trkpt>
   <trkpt lat="52.1157880" lon="0.2246380">
    <ele>32.9</ele>
    <time>2025-09-11T08:15:02Z</time>
   </trkpt>
   <trkpt lat="52.1157850" lon="0.2246500">
    <ele>32.9</ele>
    <time>2025-09-11T08:15:03Z</time>
   </trkpt>
   <trkpt lat="52.1157790" lon="0.2246730">
    <ele>33.0</ele>
    <time>2025-09-11T08:15:04Z</time>
   </trkpt>
   <trkpt lat="52.1157660" lon="0.2246890">
    <ele>33.0</ele>
    <time>2025-09-11T08:15:05Z</time>
   </trkpt>
   <trkpt lat="52.1157590" lon="0.2247220">
    <ele>33.0</ele>
    <time>2025-09-11T08:15:06Z</time>
   </trkpt>
   <trkpt lat="52.1157550" lon="0.2247330">
    <ele>33.0</ele>
    <time>2025-09-11T08:15:07Z</time>
   </trkpt>
   <trkpt lat="52.1157510" lon="0.2247440">
    <ele>33.0</ele>
    <time>2025-09-11T08:15:08Z</time>
   </trkpt>
   <trkpt lat="52.1157440" lon="0.2247590">
    <ele>33.0</ele>
    <time>2025-09-11T08:15:09Z</time>
   </trkpt>
   <trkpt lat="52.1157340" lon="0.2247810">
    <ele>33.0</ele>
    <time>2025-09-11T08:15:10Z</time>
   </trkpt>
   <trkpt lat="52.1157300" lon="0.2248050">
    <ele>33.1</ele>
    <time>2025-09-11T08:15:11Z</time>
   </trkpt>
   <trkpt lat="52.1157190" lon="0.2248140">
    <ele>33.1</ele>
    <time>2025-09-11T08:15:12Z</time>
   </trkpt>
   <trkpt lat="52.1157070" lon="0.2248220">
    <ele>33.1</ele>
    <time>2025-09-11T08:15:13Z</time>
   </trkpt>
   <trkpt lat="52.1156960" lon="0.2248300">
    <ele>33.1</ele>
    <time>2025-09-11T08:15:14Z</time>
   </trkpt>
   <trkpt lat="52.1156710" lon="0.2248550">
    <ele>33.1</ele>
    <time>2025-09-11T08:15:15Z</time>
   </trkpt>
   <trkpt lat="52.1156640" lon="0.2248660">
    <ele>33.1</ele>
    <time>2025-09-11T08:15:16Z</time>
   </trkpt>
   <trkpt lat="52.1156550" lon="0.2248890">
    <ele>33.2</ele>
    <time>2025-09-11T08:15:17Z</time>
   </trkpt>
   <trkpt lat="52.1156470" lon="0.2249100">
    <ele>33.2</ele>
    <time>2025-09-11T08:15:18Z</time>
   </trkpt>
   <trkpt lat="52.1156350" lon="0.2249310">
    <ele>33.2</ele>
    <time>2025-09-11T08:15:19Z</time>
   </trkpt>
   <trkpt lat="52.1156190" lon="0.2249480">
    <ele>33.2</ele>
    <time>2025-09-11T08:15:20Z</time>
   </trkpt>
   <trkpt lat="52.1156010" lon="0.2249690">
    <ele>33.3</ele>
    <time>2025-09-11T08:15:21Z</time>
   </trkpt>
   <trkpt lat="52.1155940" lon="0.2249750">
    <ele>33.3</ele>
    <time>2025-09-11T08:15:22Z</time>
   </trkpt>
   <trkpt lat="52.1155860" lon="0.2249810">
    <ele>33.3</ele>
    <time>2025-09-11T08:15:23Z</time>
   </trkpt>
   <trkpt lat="52.1155740" lon="0.2250010">
    <ele>33.3</ele>
    <time>2025-09-11T08:15:24Z</time>
   </trkpt>
   <trkpt lat="52.1155700" lon="0.2250090">
    <ele>33.3</ele>
    <time>2025-09-11T08:15:25Z</time>
   </trkpt>
   <trkpt lat="52.1155650" lon="0.2250160">
    <ele>33.3</ele>
    <time>2025-09-11T08:15:26Z</time>
   </trkpt>
   <trkpt lat="52.1155610" lon="0.2250240">
    <ele>33.4</ele>
    <time>2025-09-11T08:15:27Z</time>
   </trkpt>
   <trkpt lat="52.1155570" lon="0.2250310">
    <ele>33.4</ele>
    <time>2025-09-11T08:15:28Z</time>
   </trkpt>
   <trkpt lat="52.1155530" lon="0.2250380">
    <ele>33.4</ele>
    <time>2025-09-11T08:15:29Z</time>
   </trkpt>
   <trkpt lat="52.1155480" lon="0.2250460">
    <ele>33.4</ele>
    <time>2025-09-11T08:15:30Z</time>
   </trkpt>
   <trkpt lat="52.1155440" lon="0.2250530">
    <ele>33.4</ele>
    <time>2025-09-11T08:15:31Z</time>
   </trkpt>
   <trkpt lat="52.1155310" lon="0.2250830">
    <ele>33.4</ele>
    <time>2025-09-11T08:15:32Z</time>
   </trkpt>
   <trkpt lat="52.1155180" lon="0.2250900">
    <ele>33.4</ele>
    <time>2025-09-11T08:15:33Z</time>
   </trkpt>
   <trkpt lat="52.1155160" lon="0.2251150">
    <ele>33.5</ele>
    <time>2025-09-11T08:15:34Z</time>
   </trkpt>
   <trkpt lat="52.1155050" lon="0.2251420">
    <ele>33.5</ele>
    <time>2025-09-11T08:15:35Z</time>
   </trkpt>
   <trkpt lat="52.1154950" lon="0.2251540">
    <ele>33.5</ele>
    <time>2025-09-11T08:15:36Z</time>
   </trkpt>
   <trkpt lat="52.1154850" lon="0.2251680">
    <ele>33.5</ele>
    <time>2025-09-11T08:15:37Z</time>
   </trkpt>
   <trkpt lat="52.1154730" lon="0.2251700">
    <ele>33.6</ele>
    <time>2025-09-11T08:15:38Z</time>
   </trkpt>
   <trkpt lat="52.1154600" lon="0.2251860">
    <ele>33.6</ele>
    <time>2025-09-11T08:15:39Z</time>
   </trkpt>
   <trkpt lat="52.1154500" lon="0.2252040">
    <ele>33.6</ele>
    <time>2025-09-11T08:15:40Z</time>
   </trkpt>
   <trkpt lat="52.1154430" lon="0.2251960">
    <ele>33.6</ele>
    <time>2025-09-11T08:15:41Z</time>
   </trkpt>
   <trkpt lat="52.1154230" lon="0.2252130">
    <ele>33.7</ele>
    <time>2025-09-11T08:15:42Z</time>
   </trkpt>
   <trkpt lat="52.1154070" lon="0.2252380">
    <ele>33.7</ele>
    <time>2025-09-11T08:15:43Z</time>
   </trkpt>
   <trkpt lat="52.1154030" lon="0.2252450">
    <ele>33.7</ele>
    <time>2025-09-11T08:15:44Z</time>
   </trkpt>
   <trkpt lat="52.1153880" lon="0.2252840">
    <ele>33.8</ele>
    <time>2025-09-11T08:15:45Z</time>
   </trkpt>
   <trkpt lat="52.1153810" lon="0.2253000">
    <ele>33.8</ele>
    <time>2025-09-11T08:15:46Z</time>
   </trkpt>
   <trkpt lat="52.1153680" lon="0.2253510">
    <ele>33.8</ele>
    <time>2025-09-11T08:15:47Z</time>
   </trkpt>
   <trkpt lat="52.1153660" lon="0.2253650">
    <ele>33.9</ele>
    <time>2025-09-11T08:15:48Z</time>
   </trkpt>
   <trkpt lat="52.1153520" lon="0.2253950">
    <ele>33.9</ele>
    <time>2025-09-11T08:15:49Z</time>
   </trkpt>
   <trkpt lat="52.1153450" lon="0.2254090">
    <ele>33.9</ele>
    <time>2025-09-11T08:15:50Z</time>
   </trkpt>
   <trkpt lat="52.1153390" lon="0.2254220">
    <ele>33.9</ele>
    <time>2025-09-11T08:15:51Z</time>
   </trkpt>
   <trkpt lat="52.1153290" lon="0.2254390">
    <ele>34.0</ele>
    <time>2025-09-11T08:15:52Z</time>
   </trkpt>
   <trkpt lat="52.1153160" lon="0.2254490">
    <ele>34.0</ele>
    <time>2025-09-11T08:15:53Z</time>
   </trkpt>
   <trkpt lat="52.1153150" lon="0.2254450">
    <ele>34.0</ele>
    <time>2025-09-11T08:15:54Z</time>
   </trkpt>
   <trkpt lat="52.1153120" lon="0.2254550">
    <ele>34.0</ele>
    <time>2025-09-11T08:15:55Z</time>
   </trkpt>
   <trkpt lat="52.1153070" lon="0.2254630">
    <ele>34.0</ele>
    <time>2025-09-11T08:15:57Z</time>
   </trkpt>
   <trkpt lat="52.1152970" lon="0.2254980">
    <ele>34.1</ele>
    <time>2025-09-11T08:15:58Z</time>
   </trkpt>
   <trkpt lat="52.1152870" lon="0.2255190">
    <ele>34.1</ele>
    <time>2025-09-11T08:15:59Z</time>
   </trkpt>
   <trkpt lat="52.1152710" lon="0.2255240">
    <ele>34.2</ele>
    <time>2025-09-11T08:16:00Z</time>
   </trkpt>
   <trkpt lat="52.1152610" lon="0.2255440">
    <ele>34.2</ele>
    <time>2025-09-11T08:16:01Z</time>
   </trkpt>
   <trkpt lat="52.1152470" lon="0.2255650">
    <ele>34.2</ele>
    <time>2025-09-11T08:16:02Z</time>
   </trkpt>
   <trkpt lat="52.1152420" lon="0.2255760">
    <ele>34.3</ele>
    <time>2025-09-11T08:16:03Z</time>
   </trkpt>
   <trkpt lat="52.1152310" lon="0.2256020">
    <ele>34.3</ele>
    <time>2025-09-11T08:16:04Z</time>
   </trkpt>
   <trkpt lat="52.1152190" lon="0.2256160">
    <ele>34.3</ele>
    <time>2025-09-11T08:16:05Z</time>
   </trkpt>
   <trkpt lat="52.1152060" lon="0.2256330">
    <ele>34.4</ele>
    <time>2025-09-11T08:16:06Z</time>
   </trkpt>
   <trkpt lat="52.1151920" lon="0.2256380">
    <ele>34.4</ele>
    <time>2025-09-11T08:16:07Z</time>
   </trkpt>
   <trkpt lat="52.1151840" lon="0.2256590">
    <ele>34.4</ele>
    <time>2025-09-11T08:16:08Z</time>
   </trkpt>
   <trkpt lat="52.1151720" lon="0.2256710">
    <ele>34.5</ele>
    <time>2025-09-11T08:16:09Z</time>
   </trkpt>
   <trkpt lat="52.1151590" lon="0.2256910">
    <ele>34.5</ele>
    <time>2025-09-11T08:16:10Z</time>
   </trkpt>
   <trkpt lat="52.1151490" lon="0.2257080">
    <ele>34.5</ele>
    <time>2025-09-11T08:16:11Z</time>
   </trkpt>
   <trkpt lat="52.1151410" lon="0.2257420">
    <ele>34.6</ele>
    <time>2025-09-11T08:16:12Z</time>
   </trkpt>
   <trkpt lat="52.1151340" lon="0.2257650">
    <ele>34.6</ele>
    <time>2025-09-11T08:16:13Z</time>
   </trkpt>
   <trkpt lat="52.1151230" lon="0.2257830">
    <ele>34.7</ele>
    <time>2025-09-11T08:16:14Z</time>
   </trkpt>
   <trkpt lat="52.1151060" lon="0.2258040">
    <ele>34.7</ele>
    <time>2025-09-11T08:16:15Z</time>
   </trkpt>
   <trkpt lat="52.1151010" lon="0.2258200">
    <ele>34.7</ele>
    <time>2025-09-11T08:16:16Z</time>
   </trkpt>
   <trkpt lat="52.1150940" lon="0.2258480">
    <ele>34.8</ele>
    <time>2025-09-11T08:16:17Z</time>
   </trkpt>
   <trkpt lat="52.1150870" lon="0.2258740">
    <ele>34.8</ele>
    <time>2025-09-11T08:16:18Z</time>
   </trkpt>
   <trkpt lat="52.1150760" lon="0.2258830">
    <ele>34.8</ele>
    <time>2025-09-11T08:16:19Z</time>
   </trkpt>
   <trkpt lat="52.1150680" lon="0.2259000">
    <ele>34.9</ele>
    <time>2025-09-11T08:16:20Z</time>
   </trkpt>
   <trkpt lat="52.1150710" lon="0.2259200">
    <ele>34.9</ele>
    <time>2025-09-11T08:16:21Z</time>
   </trkpt>
   <trkpt lat="52.1150610" lon="0.2259280">
    <ele>34.9</ele>
    <time>2025-09-11T08:16:22Z</time>
   </trkpt>
   <trkpt lat="52.1150560" lon="0.2259340">
    <ele>34.9</ele>
    <time>2025-09-11T08:16:23Z</time>
   </trkpt>
   <trkpt lat="52.1150420" lon="0.2259480">
    <ele>35.0</ele>
    <time>2025-09-11T08:16:24Z</time>
   </trkpt>
   <trkpt lat="52.1150330" lon="0.2259650">
    <ele>35.0</ele>
    <time>2025-09-11T08:16:25Z</time>
   </trkpt>
   <trkpt lat="52.1150220" lon="0.2259810">
    <ele>35.0</ele>
    <time>2025-09-11T08:16:26Z</time>
   </trkpt>
   <trkpt lat="52.1150110" lon="0.2260100">
    <ele>35.1</ele>
    <time>2025-09-11T08:16:27Z</time>
   </trkpt>
   <trkpt lat="52.1150090" lon="0.2260340">
    <ele>35.1</ele>
    <time>2025-09-11T08:16:28Z</time>
   </trkpt>
   <trkpt lat="52.1150100" lon="0.2260830">
    <ele>35.2</ele>
    <time>2025-09-11T08:16:29Z</time>
   </trkpt>
   <trkpt lat="52.1150130" lon="0.2261020">
    <ele>35.2</ele>
    <time>2025-09-11T08:16:30Z</time>
   </trkpt>
   <trkpt lat="52.1150180" lon="0.2261560">
    <ele>35.2</ele>
    <time>2025-09-11T08:16:31Z</time>
   </trkpt>
   <trkpt lat="52.1150160" lon="0.2261750">
    <ele>35.2</ele>
    <time>2025-09-11T08:16:32Z</time>
   </trkpt>
   <trkpt lat="52.1150260" lon="0.2262200">
    <ele>35.3</ele>
    <time>2025-09-11T08:16:33Z</time>
   </trkpt>
   <trkpt lat="52.1150280" lon="0.2262350">
    <ele>35.3</ele>
    <time>2025-09-11T08:16:34Z</time>
   </trkpt>
   <trkpt lat="52.1150310" lon="0.2262620">
    <ele>35.3</ele>
    <time>2025-09-11T08:16:35Z</time>
   </trkpt>
   <trkpt lat="52.1150340" lon="0.2262890">
    <ele>35.4</ele>
    <time>2025-09-11T08:16:36Z</time>
   </trkpt>
   <trkpt lat="52.1150330" lon="0.2263160">
    <ele>35.4</ele>
    <time>2025-09-11T08:16:37Z</time>
   </trkpt>
   <trkpt lat="52.1150310" lon="0.2263440">
    <ele>35.4</ele>
    <time>2025-09-11T08:16:38Z</time>
   </trkpt>
   <trkpt lat="52.1150230" lon="0.2263680">
    <ele>35.4</ele>
    <time>2025-09-11T08:16:39Z</time>
   </trkpt>
   <trkpt lat="52.1150130" lon="0.2263900">
    <ele>35.5</ele>
    <time>2025-09-11T08:16:40Z</time>
   </trkpt>
   <trkpt lat="52.1150120" lon="0.2264130">
    <ele>35.5</ele>
    <time>2025-09-11T08:16:41Z</time>
   </trkpt>
   <trkpt lat="52.1150110" lon="0.2264450">
    <ele>35.5</ele>
    <time>2025-09-11T08:16:42Z</time>
   </trkpt>
   <trkpt lat="52.1150060" lon="0.2264660">
    <ele>35.5</ele>
    <time>2025-09-11T08:16:43Z</time>
   </trkpt>
   <trkpt lat="52.1150050" lon="0.2264910">
    <ele>35.6</ele>
    <time>2025-09-11T08:16:44Z</time>
   </trkpt>
   <trkpt lat="52.1150080" lon="0.2265170">
    <ele>35.6</ele>
    <time>2025-09-11T08:16:45Z</time>
   </trkpt>
   <trkpt lat="52.1150040" lon="0.2265390">
    <ele>35.6</ele>
    <time>2025-09-11T08:16:46Z</time>
   </trkpt>
   <trkpt lat="52.1150020" lon="0.2265640">
    <ele>35.6</ele>
    <time>2025-09-11T08:16:47Z</time>
   </trkpt>
   <trkpt lat="52.1149940" lon="0.2265870">
    <ele>35.6</ele>
    <time>2025-09-11T08:16:48Z</time>
   </trkpt>
   <trkpt lat="52.1149830" lon="0.2266030">
    <ele>35.7</ele>
    <time>2025-09-11T08:16:49Z</time>
   </trkpt>
   <trkpt lat="52.1149770" lon="0.2266240">
    <ele>35.7</ele>
    <time>2025-09-11T08:16:50Z</time>
   </trkpt>
   <trkpt lat="52.1149710" lon="0.2266440">
    <ele>35.7</ele>
    <time>2025-09-11T08:16:51Z</time>
   </trkpt>
   <trkpt lat="52.1149700" lon="0.2266710">
    <ele>35.7</ele>
    <time>2025-09-11T08:16:52Z</time>
   </trkpt>
   <trkpt lat="52.1149630" lon="0.2267050">
    <ele>35.7</ele>
    <time>2025-09-11T08:16:53Z</time>
   </trkpt>
   <trkpt lat="52.1149590" lon="0.2267190">
    <ele>35.8</ele>
    <time>2025-09-11T08:16:54Z</time>
   </trkpt>
   <trkpt lat="52.1149550" lon="0.2267320">
    <ele>35.8</ele>
    <time>2025-09-11T08:16:55Z</time>
   </trkpt>
   <trkpt lat="52.1149510" lon="0.2267550">
    <ele>35.8</ele>
    <time>2025-09-11T08:16:56Z</time>
   </trkpt>
   <trkpt lat="52.1149490" lon="0.2267760">
    <ele>35.8</ele>
    <time>2025-09-11T08:16:57Z</time>
   </trkpt>
   <trkpt lat="52.1149410" lon="0.2267950">
    <ele>35.8</ele>
    <time>2025-09-11T08:16:58Z</time>
   </trkpt>
   <trkpt lat="52.1149370" lon="0.2268210">
    <ele>35.8</ele>
    <time>2025-09-11T08:16:59Z</time>
   </trkpt>
   <trkpt lat="52.1149310" lon="0.2268390">
    <ele>35.9</ele>
    <time>2025-09-11T08:17:00Z</time>
   </trkpt>
   <trkpt lat="52.1149210" lon="0.2268600">
    <ele>35.9</ele>
    <time>2025-09-11T08:17:01Z</time>
   </trkpt>
   <trkpt lat="52.1149130" lon="0.2268820">
    <ele>35.9</ele>
    <time>2025-09-11T08:17:02Z</time>
   </trkpt>
   <trkpt lat="52.1149090" lon="0.2269040">
    <ele>35.9</ele>
    <time>2025-09-11T08:17:03Z</time>
   </trkpt>
   <trkpt lat="52.1149030" lon="0.2269300">
    <ele>35.9</ele>
    <time>2025-09-11T08:17:04Z</time>
   </trkpt>
   <trkpt lat="52.1148950" lon="0.2269510">
    <ele>36.0</ele>
    <time>2025-09-11T08:17:05Z</time>
   </trkpt>
   <trkpt lat="52.1148900" lon="0.2269740">
    <ele>36.0</ele>
    <time>2025-09-11T08:17:06Z</time>
   </trkpt>
   <trkpt lat="52.1148810" lon="0.2269930">
    <ele>36.0</ele>
    <time>2025-09-11T08:17:07Z</time>
   </trkpt>
   <trkpt lat="52.1148710" lon="0.2270130">
    <ele>36.0</ele>
    <time>2025-09-11T08:17:08Z</time>
   </trkpt>
   <trkpt lat="52.1148640" lon="0.2270340">
    <ele>36.0</ele>
    <time>2025-09-11T08:17:09Z</time>
   </trkpt>
   <trkpt lat="52.1148570" lon="0.2270560">
    <ele>36.1</ele>
    <time>2025-09-11T08:17:10Z</time>
   </trkpt>
   <trkpt lat="52.1148500" lon="0.2270760">
    <ele>36.1</ele>
    <time>2025-09-11T08:17:11Z</time>
   </trkpt>
   <trkpt lat="52.1148460" lon="0.2270970">
    <ele>36.1</ele>
    <time>2025-09-11T08:17:12Z</time>
   </trkpt>
   <trkpt lat="52.1148390" lon="0.2271160">
    <ele>36.1</ele>
    <time>2025-09-11T08:17:13Z</time>
   </trkpt>
   <trkpt lat="52.1148330" lon="0.2271360">
    <ele>36.1</ele>
    <time>2025-09-11T08:17:14Z</time>
   </trkpt>
   <trkpt lat="52.1148260" lon="0.2271570">
    <ele>36.1</ele>
    <time>2025-09-11T08:17:15Z</time>
   </trkpt>
   <trkpt lat="52.1148220" lon="0.2271810">
    <ele>36.2</ele>
    <time>2025-09-11T08:17:16Z</time>
   </trkpt>
   <trkpt lat="52.1148160" lon="0.2272020">
    <ele>36.2</ele>
    <time>2025-09-11T08:17:17Z</time>
   </trkpt>
   <trkpt lat="52.1148110" lon="0.2272250">
    <ele>36.2</ele>
    <time>2025-09-11T08:17:18Z</time>
   </trkpt>
   <trkpt lat="52.1148050" lon="0.2272460">
    <ele>36.2</ele>
    <time>2025-09-11T08:17:19Z</time>
   </trkpt>
   <trkpt lat="52.1148000" lon="0.2272670">
    <ele>36.2</ele>
    <time>2025-09-11T08:17:20Z</time>
   </trkpt>
   <trkpt lat="52.1147960" lon="0.2272900">
    <ele>36.2</ele>
    <time>2025-09-11T08:17:21Z</time>
   </trkpt>
   <trkpt lat="52.1147890" lon="0.2273130">
    <ele>36.2</ele>
    <time>2025-09-11T08:17:22Z</time>
   </trkpt>
   <trkpt lat="52.1147830" lon="0.2273350">
    <ele>36.2</ele>
    <time>2025-09-11T08:17:23Z</time>
   </trkpt>
   <trkpt lat="52.1147790" lon="0.2273600">
    <ele>36.2</ele>
    <time>2025-09-11T08:17:24Z</time>
   </trkpt>
   <trkpt lat="52.1147730" lon="0.2273820">
    <ele>36.2</ele>
    <time>2025-09-11T08:17:25Z</time>
   </trkpt>
   <trkpt lat="52.1147660" lon="0.2274040">
    <ele>36.2</ele>
    <time>2025-09-11T08:17:26Z</time>
   </trkpt>
   <trkpt lat="52.1147560" lon="0.2274210">
    <ele>36.2</ele>
    <time>2025-09-11T08:17:27Z</time>
   </trkpt>
   <trkpt lat="52.1147520" lon="0.2274440">
    <ele>36.2</ele>
    <time>2025-09-11T08:17:28Z</time>
   </trkpt>
   <trkpt lat="52.1147470" lon="0.2274650">
    <ele>36.2</ele>
    <time>2025-09-11T08:17:29Z</time>
   </trkpt>
   <trkpt lat="52.1147390" lon="0.2274810">
    <ele>36.2</ele>
    <time>2025-09-11T08:17:30Z</time>
   </trkpt>
   <trkpt lat="52.1147320" lon="0.2275040">
    <ele>36.2</ele>
    <time>2025-09-11T08:17:31Z</time>
   </trkpt>
   <trkpt lat="52.1147230" lon="0.2275370">
    <ele>36.2</ele>
    <time>2025-09-11T08:17:32Z</time>
   </trkpt>
   <trkpt lat="52.1147190" lon="0.2275510">
    <ele>36.2</ele>
    <time>2025-09-11T08:17:33Z</time>
   </trkpt>
   <trkpt lat="52.1147150" lon="0.2275650">
    <ele>36.2</ele>
    <time>2025-09-11T08:17:34Z</time>
   </trkpt>
   <trkpt lat="52.1147100" lon="0.2275860">
    <ele>36.2</ele>
    <time>2025-09-11T08:17:35Z</time>
   </trkpt>
   <trkpt lat="52.1147020" lon="0.2276080">
    <ele>36.2</ele>
    <time>2025-09-11T08:17:36Z</time>
   </trkpt>
   <trkpt lat="52.1146910" lon="0.2276280">
    <ele>36.2</ele>
    <time>2025-09-11T08:17:37Z</time>
   </trkpt>
   <trkpt lat="52.1146860" lon="0.2276500">
    <ele>36.1</ele>
    <time>2025-09-11T08:17:38Z</time>
   </trkpt>
   <trkpt lat="52.1146840" lon="0.2276730">
    <ele>36.1</ele>
    <time>2025-09-11T08:17:39Z</time>
   </trkpt>
   <trkpt lat="52.1146770" lon="0.2276930">
    <ele>36.1</ele>
    <time>2025-09-11T08:17:40Z</time>
   </trkpt>
   <trkpt lat="52.1146690" lon="0.2277130">
    <ele>36.1</ele>
    <time>2025-09-11T08:17:41Z</time>
   </trkpt>
   <trkpt lat="52.1146620" lon="0.2277320">
    <ele>36.1</ele>
    <time>2025-09-11T08:17:42Z</time>
   </trkpt>
   <trkpt lat="52.1146540" lon="0.2277540">
    <ele>36.1</ele>
    <time>2025-09-11T08:17:43Z</time>
   </trkpt>
   <trkpt lat="52.1146490" lon="0.2277770">
    <ele>36.1</ele>
    <time>2025-09-11T08:17:44Z</time>
   </trkpt>
   <trkpt lat="52.1146390" lon="0.2277970">
    <ele>36.1</ele>
    <time>2025-09-11T08:17:45Z</time>
   </trkpt>
   <trkpt lat="52.1146280" lon="0.2278150">
    <ele>36.2</ele>
    <time>2025-09-11T08:17:46Z</time>
   </trkpt>
   <trkpt lat="52.1146180" lon="0.2278320">
    <ele>36.2</ele>
    <time>2025-09-11T08:17:47Z</time>
   </trkpt>
   <trkpt lat="52.1146130" lon="0.2278550">
    <ele>36.2</ele>
    <time>2025-09-11T08:17:48Z</time>
   </trkpt>
   <trkpt lat="52.1146070" lon="0.2278740">
    <ele>36.2</ele>
    <time>2025-09-11T08:17:49Z</time>
   </trkpt>
   <trkpt lat="52.1146030" lon="0.2278960">
    <ele>36.2</ele>
    <time>2025-09-11T08:17:50Z</time>
   </trkpt>
   <trkpt lat="52.1145950" lon="0.2279140">
    <ele>36.2</ele>
    <time>2025-09-11T08:17:51Z</time>
   </trkpt>
   <trkpt lat="52.1145860" lon="0.2279330">
    <ele>36.2</ele>
    <time>2025-09-11T08:17:52Z</time>
   </trkpt>
   <trkpt lat="52.1145790" lon="0.2279540">
    <ele>36.3</ele>
    <time>2025-09-11T08:17:53Z</time>
   </trkpt>
   <trkpt lat="52.1145680" lon="0.2279700">
    <ele>36.3</ele>
    <time>2025-09-11T08:17:54Z</time>
   </trkpt>
   <trkpt lat="52.1145590" lon="0.2279880">
    <ele>36.3</ele>
    <time>2025-09-11T08:17:55Z</time>
   </trkpt>
   <trkpt lat="52.1145520" lon="0.2280120">
    <ele>36.3</ele>
    <time>2025-09-11T08:17:56Z</time>
   </trkpt>
   <trkpt lat="52.1145450" lon="0.2280310">
    <ele>36.4</ele>
    <time>2025-09-11T08:17:57Z</time>
   </trkpt>
   <trkpt lat="52.1145350" lon="0.2280490">
    <ele>36.4</ele>
    <time>2025-09-11T08:17:58Z</time>
   </trkpt>
   <trkpt lat="52.1145290" lon="0.2280710">
    <ele>36.4</ele>
    <time>2025-09-11T08:17:59Z</time>
   </trkpt>
   <trkpt lat="52.1145170" lon="0.2280900">
    <ele>36.4</ele>
    <time>2025-09-11T08:18:00Z</time>
   </trkpt>
   <trkpt lat="52.1145100" lon="0.2281100">
    <ele>36.5</ele>
    <time>2025-09-11T08:18:01Z</time>
   </trkpt>
   <trkpt lat="52.1145020" lon="0.2281290">
    <ele>36.5</ele>
    <time>2025-09-11T08:18:02Z</time>
   </trkpt>
   <trkpt lat="52.1144910" lon="0.2281460">
    <ele>36.5</ele>
    <time>2025-09-11T08:18:03Z</time>
   </trkpt>
   <trkpt lat="52.1144820" lon="0.2281650">
    <ele>36.6</ele>
    <time>2025-09-11T08:18:04Z</time>
   </trkpt>
   <trkpt lat="52.1144740" lon="0.2281850">
    <ele>36.6</ele>
    <time>2025-09-11T08:18:05Z</time>
   </trkpt>
   <trkpt lat="52.1144600" lon="0.2282270">
    <ele>36.7</ele>
    <time>2025-09-11T08:18:07Z</time>
   </trkpt>
   <trkpt lat="52.1144560" lon="0.2282480">
    <ele>36.7</ele>
    <time>2025-09-11T08:18:08Z</time>
   </trkpt>
   <trkpt lat="52.1144460" lon="0.2282930">
    <ele>36.7</ele>
    <time>2025-09-11T08:18:10Z</time>
   </trkpt>
   <trkpt lat="52.1144500" lon="0.2283220">
    <ele>36.7</ele>
    <time>2025-09-11T08:18:11Z</time>
   </trkpt>
   <trkpt lat="52.1144500" lon="0.2283700">
    <ele>36.7</ele>
    <time>2025-09-11T08:18:13Z</time>
   </trkpt>
   <trkpt lat="52.1144510" lon="0.2283950">
    <ele>36.7</ele>
    <time>2025-09-11T08:18:14Z</time>
   </trkpt>
   <trkpt lat="52.1144450" lon="0.2284400">
    <ele>36.7</ele>
    <time>2025-09-11T08:18:16Z</time>
   </trkpt>
   <trkpt lat="52.1144390" lon="0.2284630">
    <ele>36.8</ele>
    <time>2025-09-11T08:18:17Z</time>
   </trkpt>
   <trkpt lat="52.1144400" lon="0.2284860">
    <ele>36.8</ele>
    <time>2025-09-11T08:18:18Z</time>
   </trkpt>
   <trkpt lat="52.1144360" lon="0.2285080">
    <ele>36.8</ele>
    <time>2025-09-11T08:18:19Z</time>
   </trkpt>
   <trkpt lat="52.1144320" lon="0.2285320">
    <ele>36.8</ele>
    <time>2025-09-11T08:18:20Z</time>
   </trkpt>
   <trkpt lat="52.1144240" lon="0.2285540">
    <ele>36.8</ele>
    <time>2025-09-11T08:18:21Z</time>
   </trkpt>
   <trkpt lat="52.1144170" lon="0.2285720">
    <ele>36.8</ele>
    <time>2025-09-11T08:18:22Z</time>
   </trkpt>
   <trkpt lat="52.1144090" lon="0.2285910">
    <ele>36.8</ele>
    <time>2025-09-11T08:18:23Z</time>
   </trkpt>
   <trkpt lat="52.1143980" lon="0.2286070">
    <ele>36.8</ele>
    <time>2025-09-11T08:18:24Z</time>
   </trkpt>
   <trkpt lat="52.1143890" lon="0.2286260">
    <ele>36.8</ele>
    <time>2025-09-11T08:18:25Z</time>
   </trkpt>
   <trkpt lat="52.1143760" lon="0.2286400">
    <ele>36.8</ele>
    <time>2025-09-11T08:18:26Z</time>
   </trkpt>
   <trkpt lat="52.1143610" lon="0.2286530">
    <ele>36.8</ele>
    <time>2025-09-11T08:18:27Z</time>
   </trkpt>
   <trkpt lat="52.1143470" lon="0.2286610">
    <ele>36.8</ele>
    <time>2025-09-11T08:18:28Z</time>
   </trkpt>
   <trkpt lat="52.1143350" lon="0.2286680">
    <ele>36.8</ele>
    <time>2025-09-11T08:18:29Z</time>
   </trkpt>
   <trkpt lat="52.1143180" lon="0.2286710">
    <ele>36.9</ele>
    <time>2025-09-11T08:18:30Z</time>
   </trkpt>
   <trkpt lat="52.1143040" lon="0.2286780">
    <ele>36.9</ele>
    <time>2025-09-11T08:18:31Z</time>
   </trkpt>
   <trkpt lat="52.1142910" lon="0.2286880">
    <ele>36.9</ele>
    <time>2025-09-11T08:18:32Z</time>
   </trkpt>
   <trkpt lat="52.1142790" lon="0.2286940">
    <ele>36.9</ele>
    <time>2025-09-11T08:18:33Z</time>
   </trkpt>
   <trkpt lat="52.1142640" lon="0.2286900">
    <ele>36.9</ele>
    <time>2025-09-11T08:18:34Z</time>
   </trkpt>
   <trkpt lat="52.1142500" lon="0.2286910">
    <ele>36.9</ele>
    <time>2025-09-11T08:18:35Z</time>
   </trkpt>
   <trkpt lat="52.1142350" lon="0.2286920">
    <ele>36.9</ele>
    <time>2025-09-11T08:18:36Z</time>
   </trkpt>
   <trkpt lat="52.1142220" lon="0.2286830">
    <ele>36.9</ele>
    <time>2025-09-11T08:18:37Z</time>
   </trkpt>
   <trkpt lat="52.1142090" lon="0.2286750">
    <ele>36.9</ele>
    <time>2025-09-11T08:18:38Z</time>
   </trkpt>
   <trkpt lat="52.1141910" lon="0.2286630">
    <ele>36.9</ele>
    <time>2025-09-11T08:18:39Z</time>
   </trkpt>
   <trkpt lat="52.1141830" lon="0.2286560">
    <ele>36.9</ele>
    <time>2025-09-11T08:18:40Z</time>
   </trkpt>
   <trkpt lat="52.1141750" lon="0.2286490">
    <ele>36.9</ele>
    <time>2025-09-11T08:18:41Z</time>
   </trkpt>
   <trkpt lat="52.1141550" lon="0.2286330">
    <ele>36.9</ele>
    <time>2025-09-11T08:18:42Z</time>
   </trkpt>
   <trkpt lat="52.1141480" lon="0.2286290">
    <ele>36.9</ele>
    <time>2025-09-11T08:18:43Z</time>
   </trkpt>
   <trkpt lat="52.1141400" lon="0.2286240">
    <ele>36.9</ele>
    <time>2025-09-11T08:18:44Z</time>
   </trkpt>
   <trkpt lat="52.1141290" lon="0.2286150">
    <ele>36.9</ele>
    <time>2025-09-11T08:18:45Z</time>
   </trkpt>
   <trkpt lat="52.1141160" lon="0.2286030">
    <ele>37.0</ele>
    <time>2025-09-11T08:18:46Z</time>
   </trkpt>
   <trkpt lat="52.1141020" lon="0.2285940">
    <ele>37.0</ele>
    <time>2025-09-11T08:18:47Z</time>
   </trkpt>
   <trkpt lat="52.1140900" lon="0.2285790">
    <ele>37.0</ele>
    <time>2025-09-11T08:18:48Z</time>
   </trkpt>
   <trkpt lat="52.1140800" lon="0.2285610">
    <ele>37.0</ele>
    <time>2025-09-11T08:18:49Z</time>
   </trkpt>
   <trkpt lat="52.1140690" lon="0.2285450">
    <ele>37.0</ele>
    <time>2025-09-11T08:18:50Z</time>
   </trkpt>
   <trkpt lat="52.1140600" lon="0.2285260">
    <ele>37.0</ele>
    <time>2025-09-11T08:18:51Z</time>
   </trkpt>
   <trkpt lat="52.1140490" lon="0.2285110">
    <ele>37.0</ele>
    <time>2025-09-11T08:18:52Z</time>
   </trkpt>
   <trkpt lat="52.1140380" lon="0.2284990">
    <ele>37.0</ele>
    <time>2025-09-11T08:18:53Z</time>
   </trkpt>
   <trkpt lat="52.1140260" lon="0.2284860">
    <ele>37.0</ele>
    <time>2025-09-11T08:18:54Z</time>
   </trkpt>
   <trkpt lat="52.1140080" lon="0.2284650">
    <ele>37.0</ele>
    <time>2025-09-11T08:18:55Z</time>
   </trkpt>
   <trkpt lat="52.1140010" lon="0.2284550">
    <ele>37.0</ele>
    <time>2025-09-11T08:18:56Z</time>
   </trkpt>
   <trkpt lat="52.1139930" lon="0.2284460">
    <ele>37.0</ele>
    <time>2025-09-11T08:18:57Z</time>
   </trkpt>
   <trkpt lat="52.1139820" lon="0.2284300">
    <ele>37.1</ele>
    <time>2025-09-11T08:18:58Z</time>
   </trkpt>
   <trkpt lat="52.1139710" lon="0.2284100">
    <ele>37.1</ele>
    <time>2025-09-11T08:18:59Z</time>
   </trkpt>
   <trkpt lat="52.1139620" lon="0.2283920">
    <ele>37.1</ele>
    <time>2025-09-11T08:19:00Z</time>
   </trkpt>
   <trkpt lat="52.1139530" lon="0.2283680">
    <ele>37.1</ele>
    <time>2025-09-11T08:19:01Z</time>
   </trkpt>
   <trkpt lat="52.1139450" lon="0.2283490">
    <ele>37.1</ele>
    <time>2025-09-11T08:19:02Z</time>
   </trkpt>
   <trkpt lat="52.1139310" lon="0.2283340">
    <ele>37.1</ele>
    <time>2025-09-11T08:19:03Z</time>
   </trkpt>
   <trkpt lat="52.1139240" lon="0.2283080">
    <ele>37.1</ele>
    <time>2025-09-11T08:19:04Z</time>
   </trkpt>
   <trkpt lat="52.1139120" lon="0.2282930">
    <ele>37.1</ele>
    <time>2025-09-11T08:19:05Z</time>
   </trkpt>
   <trkpt lat="52.1139010" lon="0.2282780">
    <ele>37.0</ele>
    <time>2025-09-11T08:19:06Z</time>
   </trkpt>
   <trkpt lat="52.1138900" lon="0.2282610">
    <ele>37.0</ele>
    <time>2025-09-11T08:19:07Z</time>
   </trkpt>
   <trkpt lat="52.1138810" lon="0.2282440">
    <ele>37.0</ele>
    <time>2025-09-11T08:19:08Z</time>
   </trkpt>
   <trkpt lat="52.1138710" lon="0.2282280">
    <ele>37.0</ele>
    <time>2025-09-11T08:19:09Z</time>
   </trkpt>
   <trkpt lat="52.1138590" lon="0.2282150">
    <ele>37.0</ele>
    <time>2025-09-11T08:19:10Z</time>
   </trkpt>
   <trkpt lat="52.1138460" lon="0.2282020">
    <ele>37.0</ele>
    <time>2025-09-11T08:19:11Z</time>
   </trkpt>
   <trkpt lat="52.1138300" lon="0.2281770">
    <ele>37.0</ele>
    <time>2025-09-11T08:19:12Z</time>
   </trkpt>
   <trkpt lat="52.1138240" lon="0.2281660">
    <ele>37.0</ele>
    <time>2025-09-11T08:19:13Z</time>
   </trkpt>
   <trkpt lat="52.1138180" lon="0.2281560">
    <ele>37.0</ele>
    <time>2025-09-11T08:19:14Z</time>
   </trkpt>
   <trkpt lat="52.1138070" lon="0.2281400">
    <ele>37.0</ele>
    <time>2025-09-11T08:19:15Z</time>
   </trkpt>
   <trkpt lat="52.1137970" lon="0.2281230">
    <ele>36.9</ele>
    <time>2025-09-11T08:19:16Z</time>
   </trkpt>
   <trkpt lat="52.1137860" lon="0.2281030">
    <ele>36.9</ele>
    <time>2025-09-11T08:19:17Z</time>
   </trkpt>
   <trkpt lat="52.1137750" lon="0.2280840">
    <ele>36.9</ele>
    <time>2025-09-11T08:19:18Z</time>
   </trkpt>
   <trkpt lat="52.1137630" lon="0.2280700">
    <ele>36.9</ele>
    <time>2025-09-11T08:19:19Z</time>
   </trkpt>
   <trkpt lat="52.1137540" lon="0.2280510">
    <ele>36.9</ele>
    <time>2025-09-11T08:19:20Z</time>
   </trkpt>
   <trkpt lat="52.1137440" lon="0.2280340">
    <ele>36.9</ele>
    <time>2025-09-11T08:19:21Z</time>
   </trkpt>
   <trkpt lat="52.1137330" lon="0.2280170">
    <ele>36.9</ele>
    <time>2025-09-11T08:19:22Z</time>
   </trkpt>
   <trkpt lat="52.1137200" lon="0.2280030">
    <ele>36.9</ele>
    <time>2025-09-11T08:19:23Z</time>
   </trkpt>
   <trkpt lat="52.1137120" lon="0.2279860">
    <ele>36.8</ele>
    <time>2025-09-11T08:19:24Z</time>
   </trkpt>
   <trkpt lat="52.1137010" lon="0.2279760">
    <ele>36.8</ele>
    <time>2025-09-11T08:19:25Z</time>
   </trkpt>
   <trkpt lat="52.1136910" lon="0.2279570">
    <ele>36.7</ele>
    <time>2025-09-11T08:19:26Z</time>
   </trkpt>
   <trkpt lat="52.1136820" lon="0.2279360">
    <ele>36.7</ele>
    <time>2025-09-11T08:19:27Z</time>
   </trkpt>
   <trkpt lat="52.1136740" lon="0.2279190">
    <ele>36.6</ele>
    <time>2025-09-11T08:19:28Z</time>
   </trkpt>
   <trkpt lat="52.1136650" lon="0.2279020">
    <ele>36.6</ele>
    <time>2025-09-11T08:19:29Z</time>
   </trkpt>
   <trkpt lat="52.1136580" lon="0.2278820">
    <ele>36.5</ele>
    <time>2025-09-11T08:19:30Z</time>
   </trkpt>
   <trkpt lat="52.1136520" lon="0.2278660">
    <ele>36.5</ele>
    <time>2025-09-11T08:19:31Z</time>
   </trkpt>
   <trkpt lat="52.1136440" lon="0.2278540">
    <ele>36.5</ele>
    <time>2025-09-11T08:19:32Z</time>
   </trkpt>
   <trkpt lat="52.1136350" lon="0.2278430">
    <ele>36.4</ele>
    <time>2025-09-11T08:19:33Z</time>
   </trkpt>
   <trkpt lat="52.1136250" lon="0.2278110">
    <ele>36.4</ele>
    <time>2025-09-11T08:19:34Z</time>
   </trkpt>
   <trkpt lat="52.1136210" lon="0.2277990">
    <ele>36.3</ele>
    <time>2025-09-11T08:19:35Z</time>
   </trkpt>
   <trkpt lat="52.1136160" lon="0.2277880">
    <ele>36.3</ele>
    <time>2025-09-11T08:19:36Z</time>
   </trkpt>
   <trkpt lat="52.1136030" lon="0.2277590">
    <ele>36.3</ele>
    <time>2025-09-11T08:19:37Z</time>
   </trkpt>
   <trkpt lat="52.1135980" lon="0.2277460">
    <ele>36.2</ele>
    <time>2025-09-11T08:19:38Z</time>
   </trkpt>
   <trkpt lat="52.1135930" lon="0.2277340">
    <ele>36.2</ele>
    <time>2025-09-11T08:19:39Z</time>
   </trkpt>
   <trkpt lat="52.1135870" lon="0.2277130">
    <ele>36.2</ele>
    <time>2025-09-11T08:19:40Z</time>
   </trkpt>
   <trkpt lat="52.1135810" lon="0.2276900">
    <ele>36.1</ele>
    <time>2025-09-11T08:19:41Z</time>
   </trkpt>
   <trkpt lat="52.1135740" lon="0.2276670">
    <ele>36.1</ele>
    <time>2025-09-11T08:19:42Z</time>
   </trkpt>
   <trkpt lat="52.1135670" lon="0.2276510">
    <ele>36.1</ele>
    <time>2025-09-11T08:19:43Z</time>
   </trkpt>
   <trkpt lat="52.1135590" lon="0.2276170">
    <ele>36.0</ele>
    <time>2025-09-11T08:19:44Z</time>
   </trkpt>
   <trkpt lat="52.1135570" lon="0.2276040">
    <ele>36.0</ele>
    <time>2025-09-11T08:19:45Z</time>
   </trkpt>
   <trkpt lat="52.1135560" lon="0.2275900">
    <ele>36.0</ele>
    <time>2025-09-11T08:19:46Z</time>
   </trkpt>
   <trkpt lat="52.1135520" lon="0.2275670">
    <ele>35.9</ele>
    <time>2025-09-11T08:19:47Z</time>
   </trkpt>
   <trkpt lat="52.1135500" lon="0.2275470">
    <ele>35.9</ele>
    <time>2025-09-11T08:19:48Z</time>
   </trkpt>
   <trkpt lat="52.1135490" lon="0.2275210">
    <ele>35.9</ele>
    <time>2025-09-11T08:19:49Z</time>
   </trkpt>
   <trkpt lat="52.1135480" lon="0.2275010">
    <ele>35.9</ele>
    <time>2025-09-11T08:19:50Z</time>
   </trkpt>
   <trkpt lat="52.1135460" lon="0.2274670">
    <ele>35.9</ele>
    <time>2025-09-11T08:19:51Z</time>
   </trkpt>
   <trkpt lat="52.1135460" lon="0.2274540">
    <ele>35.9</ele>
    <time>2025-09-11T08:19:52Z</time>
   </trkpt>
   <trkpt lat="52.1135450" lon="0.2274400">
    <ele>35.8</ele>
    <time>2025-09-11T08:19:53Z</time>
   </trkpt>
   <trkpt lat="52.1135470" lon="0.2274060">
    <ele>35.8</ele>
    <time>2025-09-11T08:19:54Z</time>
   </trkpt>
   <trkpt lat="52.1135470" lon="0.2273910">
    <ele>35.8</ele>
    <time>2025-09-11T08:19:55Z</time>
   </trkpt>
   <trkpt lat="52.1135470" lon="0.2273770">
    <ele>35.8</ele>
    <time>2025-09-11T08:19:56Z</time>
   </trkpt>
   <trkpt lat="52.1135530" lon="0.2273540">
    <ele>35.8</ele>
    <time>2025-09-11T08:19:57Z</time>
   </trkpt>
   <trkpt lat="52.1135530" lon="0.2273290">
    <ele>35.8</ele>
    <time>2025-09-11T08:19:58Z</time>
   </trkpt>
   <trkpt lat="52.1135580" lon="0.2273070">
    <ele>35.8</ele>
    <time>2025-09-11T08:19:59Z</time>
   </trkpt>
   <trkpt lat="52.1135600" lon="0.2272860">
    <ele>35.9</ele>
    <time>2025-09-11T08:20:00Z</time>
   </trkpt>
   <trkpt lat="52.1135670" lon="0.2272530">
    <ele>35.9</ele>
    <time>2025-09-11T08:20:01Z</time>
   </trkpt>
   <trkpt lat="52.1135690" lon="0.2272400">
    <ele>35.9</ele>
    <time>2025-09-11T08:20:02Z</time>
   </trkpt>
   <trkpt lat="52.1135710" lon="0.2272260">
    <ele>35.9</ele>
    <time>2025-09-11T08:20:03Z</time>
   </trkpt>
   <trkpt lat="52.1135730" lon="0.2272060">
    <ele>35.9</ele>
    <time>2025-09-11T08:20:04Z</time>
   </trkpt>
   <trkpt lat="52.1135560" lon="0.2271830">
    <ele>35.8</ele>
    <time>2025-09-11T08:20:05Z</time>
   </trkpt>
   <trkpt lat="52.1135230" lon="0.2271690">
    <ele>35.8</ele>
    <time>2025-09-11T08:20:06Z</time>
   </trkpt>
   <trkpt lat="52.1135130" lon="0.2271670">
    <ele>35.8</ele>
    <time>2025-09-11T08:20:07Z</time>
   </trkpt>
   <trkpt lat="52.1134960" lon="0.2271650">
    <ele>35.8</ele>
    <time>2025-09-11T08:20:08Z</time>
   </trkpt>
   <trkpt lat="52.1134830" lon="0.2271580">
    <ele>35.8</ele>
    <time>2025-09-11T08:20:09Z</time>
   </trkpt>
   <trkpt lat="52.1134680" lon="0.2271570">
    <ele>35.8</ele>
    <time>2025-09-11T08:20:10Z</time>
   </trkpt>
   <trkpt lat="52.1134540" lon="0.2271550">
    <ele>35.8</ele>
    <time>2025-09-11T08:20:11Z</time>
   </trkpt>
   <trkpt lat="52.1134390" lon="0.2271530">
    <ele>35.8</ele>
    <time>2025-09-11T08:20:12Z</time>
   </trkpt>
   <trkpt lat="52.1134260" lon="0.2271420">
    <ele>35.8</ele>
    <time>2025-09-11T08:20:13Z</time>
   </trkpt>
   <trkpt lat="52.1134100" lon="0.2271400">
    <ele>35.8</ele>
    <time>2025-09-11T08:20:14Z</time>
   </trkpt>
   <trkpt lat="52.1133930" lon="0.2271390">
    <ele>35.8</ele>
    <time>2025-09-11T08:20:15Z</time>
   </trkpt>
   <trkpt lat="52.1133780" lon="0.2271410">
    <ele>35.8</ele>
    <time>2025-09-11T08:20:16Z</time>
   </trkpt>
   <trkpt lat="52.1133640" lon="0.2271410">
    <ele>35.8</ele>
    <time>2025-09-11T08:20:17Z</time>
   </trkpt>
   <trkpt lat="52.1133460" lon="0.2271680">
    <ele>35.8</ele>
    <time>2025-09-11T08:20:18Z</time>
   </trkpt>
   <trkpt lat="52.1133370" lon="0.2271750">
    <ele>35.8</ele>
    <time>2025-09-11T08:20:19Z</time>
   </trkpt>
   <trkpt lat="52.1133280" lon="0.2271830">
    <ele>35.8</ele>
    <time>2025-09-11T08:20:20Z</time>
   </trkpt>
   <trkpt lat="52.1133200" lon="0.2272030">
    <ele>35.8</ele>
    <time>2025-09-11T08:20:21Z</time>
   </trkpt>
   <trkpt lat="52.1133220" lon="0.2272180">
    <ele>35.8</ele>
    <time>2025-09-11T08:20:22Z</time>
   </trkpt>
   <trkpt lat="52.1133230" lon="0.2272320">
    <ele>35.9</ele>
    <time>2025-09-11T08:20:23Z</time>
   </trkpt>
   <trkpt lat="52.1133240" lon="0.2272470">
    <ele>35.9</ele>
    <time>2025-09-11T08:20:24Z</time>
   </trkpt>
   <trkpt lat="52.1133190" lon="0.2272560">
    <ele>35.9</ele>
    <time>2025-09-11T08:20:25Z</time>
   </trkpt>
   <trkpt lat="52.1132990" lon="0.2272640">
    <ele>35.9</ele>
    <time>2025-09-11T08:20:26Z</time>
   </trkpt>
   <trkpt lat="52.1132680" lon="0.2272540">
    <ele>36.0</ele>
    <time>2025-09-11T08:20:27Z</time>
   </trkpt>
   <trkpt lat="52.1132600" lon="0.2272530">
    <ele>36.0</ele>
    <time>2025-09-11T08:20:28Z</time>
   </trkpt>
   <trkpt lat="52.1132460" lon="0.2272440">
    <ele>36.0</ele>
    <time>2025-09-11T08:20:29Z</time>
   </trkpt>
   <trkpt lat="52.1132390" lon="0.2272410">
    <ele>36.0</ele>
    <time>2025-09-11T08:20:30Z</time>
   </trkpt>
   <trkpt lat="52.1132250" lon="0.2272350">
    <ele>36.1</ele>
    <time>2025-09-11T08:20:31Z</time>
   </trkpt>
   <trkpt lat="52.1131980" lon="0.2272220">
    <ele>36.1</ele>
    <time>2025-09-11T08:20:32Z</time>
   </trkpt>
   <trkpt lat="52.1131860" lon="0.2272140">
    <ele>36.1</ele>
    <time>2025-09-11T08:20:33Z</time>
   </trkpt>
   <trkpt lat="52.1131600" lon="0.2271860">
    <ele>36.1</ele>
    <time>2025-09-11T08:20:34Z</time>
   </trkpt>
   <trkpt lat="52.1131490" lon="0.2271730">
    <ele>36.2</ele>
    <time>2025-09-11T08:20:35Z</time>
   </trkpt>
   <trkpt lat="52.1131270" lon="0.2271380">
    <ele>36.2</ele>
    <time>2025-09-11T08:20:36Z</time>
   </trkpt>
   <trkpt lat="52.1131170" lon="0.2271270">
    <ele>36.2</ele>
    <time>2025-09-11T08:20:37Z</time>
   </trkpt>
   <trkpt lat="52.1131030" lon="0.2271180">
    <ele>36.2</ele>
    <time>2025-09-11T08:20:38Z</time>
   </trkpt>
   <trkpt lat="52.1130880" lon="0.2271040">
    <ele>36.2</ele>
    <time>2025-09-11T08:20:39Z</time>
   </trkpt>
   <trkpt lat="52.1130740" lon="0.2270980">
    <ele>36.2</ele>
    <time>2025-09-11T08:20:40Z</time>
   </trkpt>
   <trkpt lat="52.1130570" lon="0.2270870">
    <ele>36.2</ele>
    <time>2025-09-11T08:20:41Z</time>
   </trkpt>
   <trkpt lat="52.1130350" lon="0.2270800">
    <ele>36.2</ele>
    <time>2025-09-11T08:20:42Z</time>
   </trkpt>
   <trkpt lat="52.1130260" lon="0.2270760">
    <ele>36.2</ele>
    <time>2025-09-11T08:20:43Z</time>
   </trkpt>
   <trkpt lat="52.1130180" lon="0.2270730">
    <ele>36.2</ele>
    <time>2025-09-11T08:20:44Z</time>
   </trkpt>
   <trkpt lat="52.1130020" lon="0.2270670">
    <ele>36.3</ele>
    <time>2025-09-11T08:20:45Z</time>
   </trkpt>
   <trkpt lat="52.1129880" lon="0.2270490">
    <ele>36.3</ele>
    <time>2025-09-11T08:20:46Z</time>
   </trkpt>
   <trkpt lat="52.1129700" lon="0.2270460">
    <ele>36.3</ele>
    <time>2025-09-11T08:20:47Z</time>
   </trkpt>
   <trkpt lat="52.1129590" lon="0.2270340">
    <ele>36.3</ele>
    <time>2025-09-11T08:20:48Z</time>
   </trkpt>
   <trkpt lat="52.1129470" lon="0.2270140">
    <ele>36.3</ele>
    <time>2025-09-11T08:20:49Z</time>
   </trkpt>
   <trkpt lat="52.1129320" lon="0.2270130">
    <ele>36.3</ele>
    <time>2025-09-11T08:20:50Z</time>
   </trkpt>
   <trkpt lat="52.1129170" lon="0.2270070">
    <ele>36.3</ele>
    <time>2025-09-11T08:20:51Z</time>
   </trkpt>
   <trkpt lat="52.1129030" lon="0.2270000">
    <ele>36.3</ele>
    <time>2025-09-11T08:20:52Z</time>
   </trkpt>
   <trkpt lat="52.1128890" lon="0.2269830">
    <ele>36.3</ele>
    <time>2025-09-11T08:20:53Z</time>
   </trkpt>
   <trkpt lat="52.1128750" lon="0.2269710">
    <ele>36.3</ele>
    <time>2025-09-11T08:20:54Z</time>
   </trkpt>
   <trkpt lat="52.1128550" lon="0.2269530">
    <ele>36.4</ele>
    <time>2025-09-11T08:20:55Z</time>
   </trkpt>
   <trkpt lat="52.1128460" lon="0.2269470">
    <ele>36.4</ele>
    <time>2025-09-11T08:20:56Z</time>
   </trkpt>
   <trkpt lat="52.1128380" lon="0.2269410">
    <ele>36.4</ele>
    <time>2025-09-11T08:20:57Z</time>
   </trkpt>
   <trkpt lat="52.1128230" lon="0.2269290">
    <ele>36.4</ele>
    <time>2025-09-11T08:20:58Z</time>
   </trkpt>
   <trkpt lat="52.1128100" lon="0.2269220">
    <ele>36.4</ele>
    <time>2025-09-11T08:20:59Z</time>
   </trkpt>
   <trkpt lat="52.1127970" lon="0.2269110">
    <ele>36.4</ele>
    <time>2025-09-11T08:21:00Z</time>
   </trkpt>
   <trkpt lat="52.1127830" lon="0.2268970">
    <ele>36.4</ele>
    <time>2025-09-11T08:21:01Z</time>
   </trkpt>
   <trkpt lat="52.1127690" lon="0.2268870">
    <ele>36.4</ele>
    <time>2025-09-11T08:21:02Z</time>
   </trkpt>
   <trkpt lat="52.1127580" lon="0.2268710">
    <ele>36.4</ele>
    <time>2025-09-11T08:21:03Z</time>
   </trkpt>
   <trkpt lat="52.1127450" lon="0.2268600">
    <ele>36.4</ele>
    <time>2025-09-11T08:21:04Z</time>
   </trkpt>
   <trkpt lat="52.1127300" lon="0.2268520">
    <ele>36.5</ele>
    <time>2025-09-11T08:21:05Z</time>
   </trkpt>
   <trkpt lat="52.1127100" lon="0.2268330">
    <ele>36.5</ele>
    <time>2025-09-11T08:21:06Z</time>
   </trkpt>
   <trkpt lat="52.1127030" lon="0.2268290">
    <ele>36.5</ele>
    <time>2025-09-11T08:21:07Z</time>
   </trkpt>
   <trkpt lat="52.1126970" lon="0.2268240">
    <ele>36.5</ele>
    <time>2025-09-11T08:21:08Z</time>
   </trkpt>
   <trkpt lat="52.1126830" lon="0.2268130">
    <ele>36.5</ele>
    <time>2025-09-11T08:21:09Z</time>
   </trkpt>
   <trkpt lat="52.1126580" lon="0.2267840">
    <ele>36.5</ele>
    <time>2025-09-11T08:21:11Z</time>
   </trkpt>
   <trkpt lat="52.1126430" lon="0.2267750">
    <ele>36.5</ele>
    <time>2025-09-11T08:21:12Z</time>
   </trkpt>
   <trkpt lat="52.1126300" lon="0.2267660">
    <ele>36.5</ele>
    <time>2025-09-11T08:21:13Z</time>
   </trkpt>
   <trkpt lat="52.1126150" lon="0.2267610">
    <ele>36.5</ele>
    <time>2025-09-11T08:21:14Z</time>
   </trkpt>
   <trkpt lat="52.1125990" lon="0.2267490">
    <ele>36.5</ele>
    <time>2025-09-11T08:21:15Z</time>
   </trkpt>
   <trkpt lat="52.1125850" lon="0.2267390">
    <ele>36.5</ele>
    <time>2025-09-11T08:21:16Z</time>
   </trkpt>
   <trkpt lat="52.1125730" lon="0.2267250">
    <ele>36.5</ele>
    <time>2025-09-11T08:21:17Z</time>
   </trkpt>
   <trkpt lat="52.1125590" lon="0.2267150">
    <ele>36.5</ele>
    <time>2025-09-11T08:21:18Z</time>
   </trkpt>
   <trkpt lat="52.1125460" lon="0.2267030">
    <ele>36.5</ele>
    <time>2025-09-11T08:21:19Z</time>
   </trkpt>
   <trkpt lat="52.1125320" lon="0.2266940">
    <ele>36.5</ele>
    <time>2025-09-11T08:21:20Z</time>
   </trkpt>
   <trkpt lat="52.1125180" lon="0.2266840">
    <ele>36.5</ele>
    <time>2025-09-11T08:21:21Z</time>
   </trkpt>
   <trkpt lat="52.1125070" lon="0.2266710">
    <ele>36.5</ele>
    <time>2025-09-11T08:21:22Z</time>
   </trkpt>
   <trkpt lat="52.1124970" lon="0.2266480">
    <ele>36.5</ele>
    <time>2025-09-11T08:21:23Z</time>
   </trkpt>
   <trkpt lat="52.1124830" lon="0.2266390">
    <ele>36.5</ele>
    <time>2025-09-11T08:21:24Z</time>
   </trkpt>
   <trkpt lat="52.1124720" lon="0.2266250">
    <ele>36.5</ele>
    <time>2025-09-11T08:21:25Z</time>
   </trkpt>
   <trkpt lat="52.1124580" lon="0.2266140">
    <ele>36.5</ele>
    <time>2025-09-11T08:21:26Z</time>
   </trkpt>
   <trkpt lat="52.1124460" lon="0.2266160">
    <ele>36.5</ele>
    <time>2025-09-11T08:21:27Z</time>
   </trkpt>
   <trkpt lat="52.1124360" lon="0.2266330">
    <ele>36.5</ele>
    <time>2025-09-11T08:21:28Z</time>
   </trkpt>
   <trkpt lat="52.1124310" lon="0.2266620">
    <ele>36.5</ele>
    <time>2025-09-11T08:21:29Z</time>
   </trkpt>
   <trkpt lat="52.1124260" lon="0.2267140">
    <ele>36.5</ele>
    <time>2025-09-11T08:21:30Z</time>
   </trkpt>
   <trkpt lat="52.1124240" lon="0.2267240">
    <ele>36.5</ele>
    <time>2025-09-11T08:21:31Z</time>
   </trkpt>
   <trkpt lat="52.1124200" lon="0.2267470">
    <ele>36.5</ele>
    <time>2025-09-11T08:21:32Z</time>
   </trkpt>
   <trkpt lat="52.1124150" lon="0.2267790">
    <ele>36.5</ele>
    <time>2025-09-11T08:21:33Z</time>
   </trkpt>
   <trkpt lat="52.1124090" lon="0.2268000">
    <ele>36.5</ele>
    <time>2025-09-11T08:21:34Z</time>
   </trkpt>
   <trkpt lat="52.1124010" lon="0.2268240">
    <ele>36.5</ele>
    <time>2025-09-11T08:21:35Z</time>
   </trkpt>
   <trkpt lat="52.1123900" lon="0.2268440">
    <ele>36.5</ele>
    <time>2025-09-11T08:21:36Z</time>
   </trkpt>
   <trkpt lat="52.1123810" lon="0.2268600">
    <ele>36.5</ele>
    <time>2025-09-11T08:21:37Z</time>
   </trkpt>
   <trkpt lat="52.1123730" lon="0.2268840">
    <ele>36.5</ele>
    <time>2025-09-11T08:21:38Z</time>
   </trkpt>
   <trkpt lat="52.1123650" lon="0.2269080">
    <ele>36.5</ele>
    <time>2025-09-11T08:21:39Z</time>
   </trkpt>
   <trkpt lat="52.1123620" lon="0.2269330">
    <ele>36.5</ele>
    <time>2025-09-11T08:21:40Z</time>
   </trkpt>
   <trkpt lat="52.1123620" lon="0.2269560">
    <ele>36.5</ele>
    <time>2025-09-11T08:21:41Z</time>
   </trkpt>
   <trkpt lat="52.1123640" lon="0.2269900">
    <ele>36.5</ele>
    <time>2025-09-11T08:21:42Z</time>
   </trkpt>
   <trkpt lat="52.1123650" lon="0.2270030">
    <ele>36.5</ele>
    <time>2025-09-11T08:21:43Z</time>
   </trkpt>
   <trkpt lat="52.1123660" lon="0.2270160">
    <ele>36.5</ele>
    <time>2025-09-11T08:21:44Z</time>
   </trkpt>
   <trkpt lat="52.1123670" lon="0.2270440">
    <ele>36.5</ele>
    <time>2025-09-11T08:21:45Z</time>
   </trkpt>
   <trkpt lat="52.1123610" lon="0.2270690">
    <ele>36.5</ele>
    <time>2025-09-11T08:21:46Z</time>
   </trkpt>
   <trkpt lat="52.1123540" lon="0.2271040">
    <ele>36.4</ele>
    <time>2025-09-11T08:21:47Z</time>
   </trkpt>
   <trkpt lat="52.1123530" lon="0.2271180">
    <ele>36.4</ele>
    <time>2025-09-11T08:21:48Z</time>
   </trkpt>
   <trkpt lat="52.1123520" lon="0.2271310">
    <ele>36.4</ele>
    <time>2025-09-11T08:21:49Z</time>
   </trkpt>
   <trkpt lat="52.1123520" lon="0.2271450">
    <ele>36.4</ele>
    <time>2025-09-11T08:21:50Z</time>
   </trkpt>
   <trkpt lat="52.1123510" lon="0.2271590">
    <ele>36.4</ele>
    <time>2025-09-11T08:21:51Z</time>
   </trkpt>
   <trkpt lat="52.1123500" lon="0.2271730">
    <ele>36.4</ele>
    <time>2025-09-11T08:21:52Z</time>
   </trkpt>
   <trkpt lat="52.1123490" lon="0.2271860">
    <ele>36.4</ele>
    <time>2025-09-11T08:21:53Z</time>
   </trkpt>
   <trkpt lat="52.1123480" lon="0.2272000">
    <ele>36.5</ele>
    <time>2025-09-11T08:21:54Z</time>
   </trkpt>
   <trkpt lat="52.1123700" lon="0.2272320">
    <ele>36.4</ele>
    <time>2025-09-11T08:21:55Z</time>
   </trkpt>
   <trkpt lat="52.1123750" lon="0.2272410">
    <ele>36.4</ele>
    <time>2025-09-11T08:21:56Z</time>
   </trkpt>
   <trkpt lat="52.1123980" lon="0.2272690">
    <ele>36.4</ele>
    <time>2025-09-11T08:21:57Z</time>
   </trkpt>
   <trkpt lat="52.1124050" lon="0.2272800">
    <ele>36.3</ele>
    <time>2025-09-11T08:21:58Z</time>
   </trkpt>
   <trkpt lat="52.1124250" lon="0.2273120">
    <ele>36.3</ele>
    <time>2025-09-11T08:21:59Z</time>
   </trkpt>
   <trkpt lat="52.1124320" lon="0.2273240">
    <ele>36.3</ele>
    <time>2025-09-11T08:22:00Z</time>
   </trkpt>
   <trkpt lat="52.1124420" lon="0.2273410">
    <ele>36.3</ele>
    <time>2025-09-11T08:22:01Z</time>
   </trkpt>
   <trkpt lat="52.1124550" lon="0.2273690">
    <ele>36.3</ele>
    <time>2025-09-11T08:22:02Z</time>
   </trkpt>
   <trkpt lat="52.1124660" lon="0.2273880">
    <ele>36.2</ele>
    <time>2025-09-11T08:22:04Z</time>
   </trkpt>
   <trkpt lat="52.1124480" lon="0.2273610">
    <ele>36.3</ele>
    <time>2025-09-11T08:22:05Z</time>
   </trkpt>
   <trkpt lat="52.1123490" lon="0.2272100">
    <ele>36.5</ele>
    <time>2025-09-11T08:22:16Z</time>
   </trkpt>
   <trkpt lat="52.1123380" lon="0.2271940">
    <ele>36.5</ele>
    <time>2025-09-11T08:22:18Z</time>
   </trkpt>
   <trkpt lat="52.1124300" lon="0.2273280">
    <ele>36.3</ele>
    <time>2025-09-11T08:22:24Z</time>
   </trkpt>
   <trkpt lat="52.1124450" lon="0.2273510">
    <ele>36.3</ele>
    <time>2025-09-11T08:22:30Z</time>
   </trkpt>
   <trkpt lat="52.1124500" lon="0.2273590">
    <ele>36.3</ele>
    <time>2025-09-11T08:22:34Z</time>
   </trkpt>
   <trkpt lat="52.1124070" lon="0.2272940">
    <ele>36.3</ele>
    <time>2025-09-11T08:22:35Z</time>
   </trkpt>
   <trkpt lat="52.1124050" lon="0.2272910">
    <ele>36.3</ele>
    <time>2025-09-11T08:22:41Z</time>
   </trkpt>
   <trkpt lat="52.1124090" lon="0.2273040">
    <ele>36.3</ele>
    <time>2025-09-11T08:22:47Z</time>
   </trkpt>
   <trkpt lat="52.1123930" lon="0.2272710">
    <ele>36.4</ele>
    <time>2025-09-11T08:22:53Z</time>
   </trkpt>
   <trkpt lat="52.1124040" lon="0.2272840">
    <ele>36.3</ele>
    <time>2025-09-11T08:22:54Z</time>
   </trkpt>
   <trkpt lat="52.1124040" lon="0.2272830">
    <ele>36.3</ele>
    <time>2025-09-11T08:23:00Z</time>
   </trkpt>
   <trkpt lat="52.1124040" lon="0.2272830">
    <ele>36.3</ele>
    <time>2025-09-11T08:23:01Z</time>
   </trkpt>
   <trkpt lat="52.1124040" lon="0.2272820">
    <ele>36.3</ele>
    <time>2025-09-11T08:23:07Z</time>
   </trkpt>
   <trkpt lat="52.1124040" lon="0.2272820">
    <ele>36.3</ele>
    <time>2025-09-11T08:23:13Z</time>
   </trkpt>
   <trkpt lat="52.1124330" lon="0.2273300">
    <ele>36.3</ele>
    <time>2025-09-11T08:23:18Z</time>
   </trkpt>
   <trkpt lat="52.1124380" lon="0.2273380">
    <ele>36.3</ele>
    <time>2025-09-11T08:23:24Z</time>
   </trkpt>
   <trkpt lat="52.1124810" lon="0.2272940">
    <ele>36.3</ele>
    <time>2025-09-11T08:23:32Z</time>
   </trkpt>
   <trkpt lat="52.1125320" lon="0.2273180">
    <ele>36.2</ele>
    <time>2025-09-11T08:23:37Z</time>
   </trkpt>
   <trkpt lat="52.1125410" lon="0.2273180">
    <ele>36.2</ele>
    <time>2025-09-11T08:23:41Z</time>
   </trkpt>
   <trkpt lat="52.1125430" lon="0.2273180">
    <ele>36.2</ele>
    <time>2025-09-11T08:23:43Z</time>
   </trkpt>
   <trkpt lat="52.1125480" lon="0.2273180">
    <ele>36.2</ele>
    <time>2025-09-11T08:23:49Z</time>
   </trkpt>
   <trkpt lat="52.1125510" lon="0.2273740">
    <ele>36.1</ele>
    <time>2025-09-11T08:23:52Z</time>
   </trkpt>
   <trkpt lat="52.1125530" lon="0.2273830">
    <ele>36.1</ele>
    <time>2025-09-11T08:23:58Z</time>
   </trkpt>
   <trkpt lat="52.1125530" lon="0.2273870">
    <ele>36.1</ele>
    <time>2025-09-11T08:24:04Z</time>
   </trkpt>
   <trkpt lat="52.1125530" lon="0.2273900">
    <ele>36.1</ele>
    <time>2025-09-11T08:24:10Z</time>
   </trkpt>
   <trkpt lat="52.1125550" lon="0.2273930">
    <ele>36.1</ele>
    <time>2025-09-11T08:24:15Z</time>
   </trkpt>
   <trkpt lat="52.1125530" lon="0.2273920">
    <ele>36.1</ele>
    <time>2025-09-11T08:24:16Z</time>
   </trkpt>
   <trkpt lat="52.1125520" lon="0.2273920">
    <ele>36.1</ele>
    <time>2025-09-11T08:24:22Z</time>
   </trkpt>
   <trkpt lat="52.1125510" lon="0.2273920">
    <ele>36.1</ele>
    <time>2025-09-11T08:24:28Z</time>
   </trkpt>
   <trkpt lat="52.1125510" lon="0.2273930">
    <ele>36.1</ele>
    <time>2025-09-11T08:24:34Z</time>
   </trkpt>
   <trkpt lat="52.1125510" lon="0.2273930">
    <ele>36.1</ele>
    <time>2025-09-11T08:24:40Z</time>
   </trkpt>
   <trkpt lat="52.1125500" lon="0.2273930">
    <ele>36.1</ele>
    <time>2025-09-11T08:24:46Z</time>
   </trkpt>
   <trkpt lat="52.1125500" lon="0.2273940">
    <ele>36.1</ele>
    <time>2025-09-11T08:24:52Z</time>
   </trkpt>
   <trkpt lat="52.1125500" lon="0.2273940">
    <ele>36.1</ele>
    <time>2025-09-11T08:24:58Z</time>
   </trkpt>
   <trkpt lat="52.1125490" lon="0.2273950">
    <ele>36.1</ele>
    <time>2025-09-11T08:25:04Z</time>
   </trkpt>
   <trkpt lat="52.1128900" lon="0.2271230">
    <ele>36.4</ele>
    <time>2025-09-11T08:25:09Z</time>
   </trkpt>
   <trkpt lat="52.1128910" lon="0.2271220">
    <ele>36.4</ele>
    <time>2025-09-11T08:25:15Z</time>
   </trkpt>
   <trkpt lat="52.1128910" lon="0.2271220">
    <ele>36.4</ele>
    <time>2025-09-11T08:25:21Z</time>
   </trkpt>
   <trkpt lat="52.1128910" lon="0.2271220">
    <ele>36.4</ele>
    <time>2025-09-11T08:25:27Z</time>
   </trkpt>
   <trkpt lat="52.1128910" lon="0.2271220">
    <ele>36.4</ele>
    <time>2025-09-11T08:25:33Z</time>
   </trkpt>
   <trkpt lat="52.1128910" lon="0.2271220">
    <ele>36.4</ele>
    <time>2025-09-11T08:25:39Z</time>
   </trkpt>
   <trkpt lat="52.1128910" lon="0.2271220">
    <ele>36.4</ele>
    <time>2025-09-11T08:25:43Z</time>
   </trkpt>
   <trkpt lat="52.1128910" lon="0.2271220">
    <ele>36.4</ele>
    <time>2025-09-11T08:25:49Z</time>
   </trkpt>
   <trkpt lat="52.1128910" lon="0.2271220">
    <ele>36.4</ele>
    <time>2025-09-11T08:25:55Z</time>
   </trkpt>
   <trkpt lat="52.1128910" lon="0.2271220">
    <ele>36.4</ele>
    <time>2025-09-11T08:25:56Z</time>
   </trkpt>
   <trkpt lat="52.1128910" lon="0.2271220">
    <ele>36.4</ele>
    <time>2025-09-11T08:26:02Z</time>
   </trkpt>
   <trkpt lat="52.1128910" lon="0.2271220">
    <ele>36.4</ele>
    <time>2025-09-11T08:26:08Z</time>
   </trkpt>
   <trkpt lat="52.1128910" lon="0.2271220">
    <ele>36.4</ele>
    <time>2025-09-11T08:26:14Z</time>
   </trkpt>
   <trkpt lat="52.1128910" lon="0.2271220">
    <ele>36.4</ele>
    <time>2025-09-11T08:26:20Z</time>
   </trkpt>
   <trkpt lat="52.1128910" lon="0.2271210">
    <ele>36.4</ele>
    <time>2025-09-11T08:26:26Z</time>
   </trkpt>
   <trkpt lat="52.1128910" lon="0.2271220">
    <ele>36.4</ele>
    <time>2025-09-11T08:26:29Z</time>
   </trkpt>
   <trkpt lat="52.1128910" lon="0.2271220">
    <ele>36.4</ele>
    <time>2025-09-11T08:26:35Z</time>
   </trkpt>
   <trkpt lat="52.1128910" lon="0.2271220">
    <ele>36.4</ele>
    <time>2025-09-11T08:26:41Z</time>
   </trkpt>
   <trkpt lat="52.1128910" lon="0.2271220">
    <ele>36.4</ele>
    <time>2025-09-11T08:26:42Z</time>
   </trkpt>
   <trkpt lat="52.1128910" lon="0.2271220">
    <ele>36.4</ele>
    <time>2025-09-11T08:26:48Z</time>
   </trkpt>
   <trkpt lat="52.1128910" lon="0.2271220">
    <ele>36.4</ele>
    <time>2025-09-11T08:26:54Z</time>
   </trkpt>
   <trkpt lat="52.1128910" lon="0.2271220">
    <ele>36.4</ele>
    <time>2025-09-11T08:27:00Z</time>
   </trkpt>
   <trkpt lat="52.1128910" lon="0.2271220">
    <ele>36.4</ele>
    <time>2025-09-11T08:27:06Z</time>
   </trkpt>
   <trkpt lat="52.1128910" lon="0.2271220">
    <ele>36.4</ele>
    <time>2025-09-11T08:27:12Z</time>
   </trkpt>
   <trkpt lat="52.1129170" lon="0.2271610">
    <ele>36.4</ele>
    <time>2025-09-11T08:27:14Z</time>
   </trkpt>
   <trkpt lat="52.1128910" lon="0.2271220">
    <ele>36.4</ele>
    <time>2025-09-11T08:27:18Z</time>
   </trkpt>
   <trkpt lat="52.1128910" lon="0.2271220">
    <ele>36.4</ele>
    <time>2025-09-11T08:27:24Z</time>
   </trkpt>
   <trkpt lat="52.1128910" lon="0.2271220">
    <ele>36.4</ele>
    <time>2025-09-11T08:27:30Z</time>
   </trkpt>
   <trkpt lat="52.1128910" lon="0.2271220">
    <ele>36.4</ele>
    <time>2025-09-11T08:27:32Z</time>
   </trkpt>
   <trkpt lat="52.1128910" lon="0.2271220">
    <ele>36.4</ele>
    <time>2025-09-11T08:27:38Z</time>
   </trkpt>
   <trkpt lat="52.1128910" lon="0.2271220">
    <ele>36.4</ele>
    <time>2025-09-11T08:27:44Z</time>
   </trkpt>
   <trkpt lat="52.1128910" lon="0.2271220">
    <ele>36.4</ele>
    <time>2025-09-11T08:27:50Z</time>
   </trkpt>
   <trkpt lat="52.1128910" lon="0.2271220">
    <ele>36.4</ele>
    <time>2025-09-11T08:27:56Z</time>
   </trkpt>
   <trkpt lat="52.1128910" lon="0.2271220">
    <ele>36.4</ele>
    <time>2025-09-11T08:28:02Z</time>
   </trkpt>
   <trkpt lat="52.1128910" lon="0.2271220">
    <ele>36.4</ele>
    <time>2025-09-11T08:28:08Z</time>
   </trkpt>
   <trkpt lat="52.1128910" lon="0.2271220">
    <ele>36.4</ele>
    <time>2025-09-11T08:28:14Z</time>
   </trkpt>
   <trkpt lat="52.1128910" lon="0.2271220">
    <ele>36.4</ele>
    <time>2025-09-11T08:28:20Z</time>
   </trkpt>
   <trkpt lat="52.1128910" lon="0.2271220">
    <ele>36.4</ele>
    <time>2025-09-11T08:28:26Z</time>
   </trkpt>
   <trkpt lat="52.1128910" lon="0.2271220">
    <ele>36.4</ele>
    <time>2025-09-11T08:28:32Z</time>
   </trkpt>
   <trkpt lat="52.1128910" lon="0.2271220">
    <ele>36.4</ele>
    <time>2025-09-11T08:28:38Z</time>
   </trkpt>
  </trkseg>
 </trk>
</gpx>
